{"type": "FeatureCollection", "name": "slv_catchment", "crs": {"type": "name", "properties": {"name": "urn:ogc:def:crs:OGC:1.3:CRS84"}}, "features": [{"type": "Feature", "properties": {}, "geometry": {"type": "Polygon", "coordinates": [[[-122.09082421932503, 37.08815771807001], [-122.09084703631657, 37.0881569266116], [-122.09106163429301, 37.088157926611515], [-122.09109469096384, 37.08815938208382], [-122.0911277872602, 37.0881601858692], [-122.09113877290072, 37.08816132289833], [-122.09114983145211, 37.08816180976578], [-122.091182550385, 37.08816585387493], [-122.09121538943005, 37.088169252683095], [-122.09141918765978, 37.08819855241251], [-122.09143764109913, 37.08820196172657], [-122.09145630309307, 37.08820453649849], [-122.09148065066782, 37.08820990787707], [-122.0915052587789, 37.08821445430381], [-122.09152320523374, 37.08821929600867], [-122.09154146350936, 37.08822332397353], [-122.09194786027236, 37.088330422972625], [-122.09196217331503, 37.0883348294471], [-122.09197680803263, 37.08833849175468], [-122.09224370597721, 37.08841699100001], [-122.09224741277801, 37.08841824978365], [-122.09225124431369, 37.08841923883205], [-122.09229094401009, 37.0884312387216], [-122.09231165846326, 37.08843844891654], [-122.09233278216877, 37.08844485494797], [-122.09241728155527, 37.08847435472349], [-122.09243817226124, 37.08848264765297], [-122.0924595223876, 37.088490156452835], [-122.09247772381612, 37.088498348209235], [-122.09249642856123, 37.08850577338942], [-122.09251620440166, 37.0885156669498], [-122.09253653269194, 37.08852481594285], [-122.09258183250158, 37.08854761578728], [-122.09258302408486, 37.088548283016195], [-122.09258429081056, 37.08854885743523], [-122.09261922884731, 37.08856855576861], [-122.09265423153782, 37.08858815543259], [-122.09265533663836, 37.088588913581155], [-122.0926565260445, 37.088589584217985], [-122.09268887111213, 37.088611921005054], [-122.09272132204507, 37.088634184949036], [-122.09272232916508, 37.088635026357665], [-122.09272343063671, 37.08863578700174], [-122.0927541306799, 37.08865918682395], [-122.09275761304507, 37.088662115067194], [-122.09276139952792, 37.08866478973], [-122.09277329081205, 37.088675015756145], [-122.0927882286939, 37.088677909137004], [-122.09287296389263, 37.08869789397013], [-122.09295484598422, 37.088724436316696], [-122.09303308636562, 37.0887572804639], [-122.0931069315816, 37.0887961101251], [-122.09317567049014, 37.08884055137871], [-122.09323864119547, 37.08889017623623], [-122.09329523707385, 37.088944506834366], [-122.09334491313491, 37.08900301980989], [-122.09338719113168, 37.08906515183678], [-122.09342166366574, 37.08913030452478], [-122.09344799884346, 37.08919785031369], [-122.09346594301427, 37.08926713880371], [-122.09347532328958, 37.089337502633626], [-122.09347604926337, 37.0894082642542], [-122.09346811406435, 37.089478742155826], [-122.09345159405153, 37.08954825762664], [-122.09342664829035, 37.089616141058364], [-122.09339351700824, 37.08968173887558], [-122.09335251916544, 37.08974441919611], [-122.09330404967722, 37.08980357839028], [-122.09324857529656, 37.08985864672874], [-122.09318663027273, 37.08990909393823], [-122.09311881111816, 37.08995443402976], [-122.09304577103325, 37.08999423048428], [-122.09296821344908, 37.09002809989973], [-122.09288688533864, 37.09005571617676], [-122.09280256975609, 37.090076813346485], [-122.09271607905329, 37.09009118822325], [-122.09262824585448, 37.09009870231874], [-122.09253991628654, 37.090099283322935], [-122.09245194097055, 37.09009292557594], [-122.09236516725346, 37.0900796903692], [-122.09231491858633, 37.09006995753919], [-122.09228069945173, 37.090064404852676], [-122.0922641673118, 37.090062498132774], [-122.09225296170051, 37.09006286458719], [-122.09220734244886, 37.09006615602557], [-122.09218612381991, 37.090068123863695], [-122.09216119490509, 37.090072353746024], [-122.09208538859068, 37.09008768602628], [-122.09192328845933, 37.09013062703722], [-122.09191029435317, 37.09013351097941], [-122.09189757608083, 37.0901370978695], [-122.0917491747826, 37.090172498156086], [-122.09172798892062, 37.09017665728133], [-122.09170708661098, 37.090181654891744], [-122.09134987514909, 37.09025197164936], [-122.09134949238221, 37.0902529592627], [-122.0913151564571, 37.09031815829642], [-122.09127300864976, 37.090380347270155], [-122.09122345464176, 37.09043892724085], [-122.09116697194135, 37.09049333406835], [-122.0911041041949, 37.09054304369042], [-122.09103545707335, 37.09058757741007], [-122.09096169158023, 37.0906265063515], [-122.09088351815141, 37.09065945556195], [-122.09081152216697, 37.09068290519772], [-122.09078451563033, 37.09080282716276], [-122.09077707082307, 37.090828579716806], [-122.09077042646759, 37.090854474338464], [-122.09076711005281, 37.09086303544607], [-122.09076458599743, 37.09087176650311], [-122.09075402701082, 37.090896808582585], [-122.0907442455199, 37.090922058715954], [-122.09073989751832, 37.09093031823737], [-122.09073631740259, 37.09093880899603], [-122.0907227440545, 37.0909629034853], [-122.09070992131646, 37.09098726188888], [-122.09070458454867, 37.09099513902581], [-122.09069998207546, 37.09100330897846], [-122.09068352427751, 37.09102622404001], [-122.0906677846141, 37.091049455858695], [-122.09066151004666, 37.09105687555397], [-122.090655929821, 37.09106464526796], [-122.0906367475399, 37.09108615758721], [-122.0906182411028, 37.09110804168459], [-122.09061108831007, 37.091114933634245], [-122.09060458479857, 37.09112222708761], [-122.09058286517703, 37.09114212743966], [-122.09056176796204, 37.09116245522643], [-122.09055380604254, 37.09116875253463], [-122.09054644173888, 37.09117549998655], [-122.09052239035049, 37.09119360001995], [-122.09049890884933, 37.09121217224471], [-122.09049021504659, 37.09121781384704], [-122.09048206037195, 37.091223950755456], [-122.09045591133703, 37.091240074506594], [-122.09043026944364, 37.091256714135774], [-122.09042092687983, 37.09126164613402], [-122.0904120608601, 37.091267112980596], [-122.09038406515158, 37.091281105617966], [-122.09035651053487, 37.091295651845435], [-122.09034660934772, 37.09129982652485], [-122.09033711733962, 37.091304570780665], [-122.09030754255892, 37.091316298513064], [-122.09027834245667, 37.09132861033369], [-122.09026797967722, 37.09133198697329], [-122.0902579514491, 37.091335963625035], [-122.09022708307333, 37.09134531290014], [-122.09019651829128, 37.09135527221879], [-122.0901857911798, 37.0913578192037], [-122.09017532565963, 37.09136098889718], [-122.09014346374725, 37.0913678689904], [-122.0901118257314, 37.09137538077988], [-122.09010083912172, 37.09137707304363], [-122.09009003568737, 37.09137940589306], [-122.09005748461253, 37.0913837510824], [-122.09002508075073, 37.09138874225243], [-122.09001393948182, 37.091389563742844], [-122.09000290316547, 37.091391036936955], [-122.08996997725933, 37.09139280519433], [-122.08993711846288, 37.0913952280118], [-122.08992593121583, 37.091395170728966], [-122.0899147669443, 37.09139577028967], [-122.0898817813651, 37.091394944562936], [-122.08984878635654, 37.0913947756032], [-122.08983766002142, 37.091393840187166], [-122.08982647600106, 37.091393560184336], [-122.08979375145793, 37.09139014852374], [-122.08976093483497, 37.091387389390285], [-122.08901782805603, 37.09129518846139], [-122.08899686045893, 37.09129173538656], [-122.08897570204003, 37.091289136719155], [-122.08860462520468, 37.09122850030038], [-122.08849714356342, 37.09144341244054], [-122.08846125799913, 37.091543513442105], [-122.0883320633489, 37.09190838050529], [-122.08830381678099, 37.09197542905146], [-122.08826750242119, 37.09203993680669], [-122.08822347010113, 37.092101282415925], [-122.08817214377775, 37.092158875289876], [-122.08811401776033, 37.092212160624264], [-122.08804965180289, 37.09226062522172], [-122.08797966575665, 37.09230380240859], [-122.08790473366768, 37.0923412763169], [-122.08782557731251, 37.09237268607156], [-122.08774295884453, 37.092397729069376], [-122.08765767388888, 37.09241616435165], [-122.0875705440964, 37.092427814169675], [-122.08748240833748, 37.092432566350986], [-122.0873941154884, 37.092430375235594], [-122.08730651598955, 37.09242126179127], [-122.08722045340167, 37.092405313909175], [-122.08714894613925, 37.092385980772285], [-122.08714806248415, 37.09238705168057], [-122.08713159780127, 37.092403287999836], [-122.08711596048325, 37.092420040516494], [-122.08710376565605, 37.09243073428922], [-122.08709236529113, 37.092441976547725], [-122.08707399380638, 37.09245684148579], [-122.08705638141377, 37.0924722859144], [-122.08704293605615, 37.092481971214546], [-122.08703021570669, 37.09249226359752], [-122.08701011421937, 37.09250561419901], [-122.08699069653466, 37.09251960158091], [-122.0869761317433, 37.09252818395785], [-122.08696221253348, 37.09253742851259], [-122.0869405725112, 37.09254913734904], [-122.08691953862942, 37.092561531674235], [-122.08690399469685, 37.092568928736924], [-122.08688901047441, 37.09257703626218], [-122.08686604178754, 37.09258698965826], [-122.08684359285832, 37.09259767258706], [-122.08678229243799, 37.09262367284347], [-122.08674382034313, 37.09263810115178], [-122.08670542135609, 37.09265264340635], [-122.08670382570223, 37.09265310047443], [-122.08670229028468, 37.0926536763599], [-122.08666224259271, 37.092665013062664], [-122.08662224451236, 37.09267647155217], [-122.08662059975028, 37.09267680132413], [-122.08661900212753, 37.092677253598474], [-122.08657776723163, 37.09268538982086], [-122.08653655262253, 37.092693653822955], [-122.08653487578522, 37.092693852824304], [-122.0865332301829, 37.092694177540736], [-122.0864911936075, 37.092699037287765], [-122.08644917102157, 37.09270402476549], [-122.08644747788496, 37.09270409113463], [-122.08644580043274, 37.092704285082135], [-122.08640336299959, 37.09270582105214], [-122.08636094125038, 37.09270748449523], [-122.08635924881295, 37.09270741764196], [-122.08635755494925, 37.09270747895638], [-122.08631512577183, 37.09270567492077], [-122.08627271293963, 37.092703999805615], [-122.08627103672205, 37.092703800390396], [-122.08626934367145, 37.092703728393154], [-122.08622734720477, 37.092698602405754], [-122.08618533582033, 37.0926936041067], [-122.08611048031655, 37.09268166511491], [-122.08607687112263, 37.092699630358446], [-122.08599893983818, 37.09273294865263], [-122.08591730698136, 37.09275998726147], [-122.08583275885279, 37.0927804859665], [-122.0857461096978, 37.09279424714341], [-122.08565819402342, 37.0928011383171], [-122.0855698584844, 37.09280109309079], [-122.08548195376937, 37.09279411207517], [-122.0853953266177, 37.09278026228587], [-122.0853108112664, 37.09275967716765], [-122.08522922159052, 37.092732555091345], [-122.08515134347739, 37.09269915713137], [-122.0850779268624, 37.09265980493082], [-122.08500967878932, 37.092614877582726], [-122.0849472565923, 37.092564807791234], [-122.08489126142085, 37.092510077584556], [-122.08484223243799, 37.092451214213526], [-122.08480064193826, 37.092388784434576], [-122.08476689045514, 37.092323389694265], [-122.08474169112034, 37.09225668722368], [-122.08447157116932, 37.09225728160774], [-122.08443171920356, 37.09225580110916], [-122.08439184806285, 37.09225462385945], [-122.0843876067016, 37.0922541623157], [-122.0843833310924, 37.09225400346698], [-122.08434385111362, 37.09224940075702], [-122.08430431700202, 37.09224509850235], [-122.08430015242475, 37.09224430610464], [-122.08429591707853, 37.09224381233405], [-122.0842571884424, 37.092236131356756], [-122.08421837310314, 37.09222874598653], [-122.08421432617394, 37.09222763062237], [-122.08421017086988, 37.0922268064738], [-122.08417256649766, 37.09221612087066], [-122.08413484377785, 37.092205723870386], [-122.08413095262895, 37.09220429602031], [-122.0841269184529, 37.092203149653464], [-122.08409080426075, 37.092189563389944], [-122.08405453372173, 37.092176253808596], [-122.08405083599509, 37.09217452728464], [-122.0840469614112, 37.09217306963339], [-122.0840126817388, 37.092156712289125], [-122.08397821616019, 37.09214061959136], [-122.08397474766149, 37.092138611166085], [-122.08397106997191, 37.09213685622016], [-122.0839389586727, 37.092117887040594], [-122.08390662624004, 37.0920991645691], [-122.0839034198234, 37.092096893155656], [-122.08389997494075, 37.09209485813915], [-122.0838703385953, 37.09207345842412], [-122.08384045342468, 37.09205228771726], [-122.08383754066406, 37.0920497757344], [-122.08383436110154, 37.09204747982829], [-122.08380748450759, 37.092023854867136], [-122.08378033489052, 37.09200044070042], [-122.08377774362718, 37.091997712160605], [-122.08377486017311, 37.09199517759729], [-122.08375100498549, 37.09196955746943], [-122.08372684962319, 37.09194412286852], [-122.0837246044125, 37.091941203651764], [-122.08372204523683, 37.091938455167366], [-122.08370144282989, 37.09191108945883], [-122.08368051273723, 37.09188387643516], [-122.08367863507377, 37.091880794290724], [-122.08367642505733, 37.09187785875928], [-122.08365926945339, 37.09184900578122], [-122.08364177058353, 37.09182028166186], [-122.08364027955437, 37.0918170680161], [-122.08363843874307, 37.09181397200384], [-122.08362489406089, 37.09178390633157], [-122.08361099609255, 37.09175395114299], [-122.08360990540362, 37.09175063575809], [-122.08360845232724, 37.091747410236344], [-122.08359865063818, 37.09171642323333], [-122.0835884857009, 37.09168552347177], [-122.083587806098, 37.091682138971485], [-122.08358675445369, 37.091678814423446], [-122.08358079264572, 37.091647213045206], [-122.08357445604098, 37.091615657896206], [-122.08357419368387, 37.091612234615255], [-122.08357355419994, 37.09160884510668], [-122.08357148791323, 37.09157693229353], [-122.08356904245456, 37.09154502700608], [-122.08356225596339, 37.091100764242356], [-122.08349048471831, 37.09092710637533], [-122.08329905556285, 37.09093797890312], [-122.08321074300109, 37.090939513791206], [-122.08312266788805, 37.0909341067152], [-122.08303567847058, 37.090921809755514], [-122.08295061251573, 37.090902741527266], [-122.08286828934115, 37.09087708549591], [-122.08278950172743, 37.09084508874266], [-122.08271500840752, 37.090807059562465], [-122.08264552690547, 37.09076336407304], [-122.08258172637136, 37.09071442318444], [-122.08252422110758, 37.09066070822183], [-122.08247356499666, 37.09060273646512], [-122.08243024593563, 37.090541066147644], [-122.0823946810596, 37.090476291371054], [-122.08236721287929, 37.09040903585541], [-122.0823564551938, 37.090370137806644], [-122.08235055159064, 37.090361744641584], [-122.0823310613383, 37.09033477967778], [-122.08232887617962, 37.0903309290345], [-122.08232628373739, 37.09032724344013], [-122.08231060152092, 37.09029872634989], [-122.08229450421064, 37.09027036045454], [-122.08229280057247, 37.09026635651358], [-122.08229067170011, 37.09026248530261], [-122.08228297185475, 37.090246385257075], [-122.082271195197, 37.09021760723505], [-122.08225891179156, 37.09018896680935], [-122.08225744102057, 37.09018399665937], [-122.08225545463793, 37.090179142675225], [-122.08225408206975, 37.090174193386375], [-122.08223838355414, 37.09018225513733], [-122.08220690917945, 37.09019893185288], [-122.08220121116167, 37.090201344240455], [-122.08219578633695, 37.09020413002779], [-122.08216217845381, 37.090217869510695], [-122.08212881197177, 37.09023199583931], [-122.0821228459515, 37.09023394923033], [-122.08211710664284, 37.09023629558236], [-122.08208198051521, 37.09024732955454], [-122.08204704527944, 37.09025876818898], [-122.08204086875728, 37.090260243738136], [-122.08203487014711, 37.090262128095794], [-122.08199856349147, 37.09027035064035], [-122.08196239659912, 37.090278991061886], [-122.0819560693832, 37.09027997453896], [-122.08194986896363, 37.09028137877809], [-122.08191272726802, 37.090286711441614], [-122.08187568113779, 37.090292469661954], [-122.08186926511864, 37.09029295145018], [-122.081862921787, 37.090293862234994], [-122.08182530417622, 37.090296252811164], [-122.0817877341361, 37.0902990742511], [-122.0817812899037, 37.09029904995189], [-122.0817748657691, 37.09029945820826], [-122.08173713822012, 37.09029888347966], [-122.0816994024161, 37.090298741165576], [-122.08164840193773, 37.09029654107345], [-122.08161602686992, 37.09029386324317], [-122.08158357293335, 37.09029185633427], [-122.08157211257296, 37.09029023105268], [-122.0815605364737, 37.09028927353012], [-122.08152864381601, 37.090284066215375], [-122.08149659284969, 37.09027952073375], [-122.08148538708687, 37.09027700350008], [-122.08147398325958, 37.09027514148926], [-122.08144287970762, 37.09026745457046], [-122.08141154095296, 37.09026041455723], [-122.0814006974043, 37.090257029551836], [-122.08138957601597, 37.09025428103319], [-122.08135956346597, 37.0902441890527], [-122.08132923620481, 37.09023472190896], [-122.0813188587851, 37.090230501666866], [-122.08130812753619, 37.09022689316526], [-122.08127949332801, 37.09021449263765], [-122.0812504714832, 37.09020269015162], [-122.08124066096664, 37.090197675656846], [-122.08123042239752, 37.09019324167986], [-122.08120344390758, 37.09017865274993], [-122.08117600516746, 37.090164627857604], [-122.08116685482159, 37.090158866706595], [-122.08115720866626, 37.09015365048381], [-122.08113214558229, 37.09013701371163], [-122.08110655465119, 37.09012090151349], [-122.08109815325383, 37.09011444965099], [-122.08108919173954, 37.090108501024375], [-122.08106628517024, 37.09008997656705], [-122.08104278850541, 37.090071932213775], [-122.08103521666133, 37.09006485147054], [-122.08102702651952, 37.09005822808171], [-122.08100649787471, 37.09003799523381], [-122.0809853210123, 37.09001819174212], [-122.08097865193297, 37.09001055047183], [-122.08097131160949, 37.09000331584747], [-122.08095335592587, 37.08998156667935], [-122.0809347055891, 37.08996019738192], [-122.08092900419601, 37.089952070183806], [-122.08092258374508, 37.08994429319395], [-122.08090737524425, 37.08992123818331], [-122.0808914296608, 37.08989850791005], [-122.0808867499322, 37.08988997173219], [-122.08088131211973, 37.08988172840151], [-122.08086899775356, 37.08985759052414], [-122.08085591001047, 37.089833717340646], [-122.08080901097297, 37.08973531702897], [-122.08080623208397, 37.08972850003421], [-122.08080279620627, 37.089721878327424], [-122.08079252724275, 37.08969488056849], [-122.08078158960652, 37.08966804925137], [-122.08077965808609, 37.08966104673662], [-122.0807770490541, 37.08965418734003], [-122.08077013308619, 37.089626514373066], [-122.08076253066217, 37.089598952274514], [-122.08076146516312, 37.08959183135864], [-122.08075970805346, 37.0895848005395], [-122.08075621107584, 37.08955671689695], [-122.08075201770036, 37.08952869140435], [-122.08075182863061, 37.089521521756154], [-122.08075094007621, 37.089514386166876], [-122.08075089593663, 37.08948616289172], [-122.08075015166702, 37.08945794329325], [-122.08075084067518, 37.08945079316142], [-122.08075082950994, 37.089443622368314], [-122.08075423898741, 37.08941552952537], [-122.08075695086069, 37.08938738944967], [-122.08075851125025, 37.089380328640445], [-122.08075937755089, 37.089373190609415], [-122.0807662079817, 37.08934550034714], [-122.08077234955692, 37.089317709106275], [-122.0807747664555, 37.089310804297654], [-122.08077650183257, 37.0893037692724], [-122.08081410308985, 37.08918286956285], [-122.08082360120223, 37.08915767214678], [-122.0808323046636, 37.08913229234716], [-122.08083636290405, 37.08912381704474], [-122.08083963847706, 37.08911512718243], [-122.08085217304787, 37.08909079835957], [-122.08086394041106, 37.08906622273529], [-122.08086901630013, 37.089058106593875], [-122.08087333916235, 37.08904971599923], [-122.08088620286344, 37.08903037778665], [-122.0808665188165, 37.089018319021726], [-122.0808019493383, 37.08897003085927], [-122.08074359901363, 37.08891690502711], [-122.0806920295346, 37.08885945301494], [-122.08064773772045, 37.0887982283553], [-122.08061115007914, 37.08873382045153], [-122.08058261904159, 37.08866684968062], [-122.08056241921446, 37.0885979609639], [-122.08055074508931, 37.088527817889904], [-122.08054770921382, 37.08845709584939], [-122.08055334080306, 37.08838647598511], [-122.08056758537373, 37.08831663833827], [-122.08059030605872, 37.08824825554907], [-122.08062128369023, 37.088181986096956], [-122.08066022013601, 37.088118468287455], [-122.08070674040398, 37.0880583137786], [-122.08076039631153, 37.08800210193109], [-122.0808206711696, 37.08795037398578], [-122.08086616627179, 37.08791830352289], [-122.08081076902022, 37.08786324619716], [-122.08076234292034, 37.087804065085585], [-122.08072139067508, 37.08774136622711], [-122.08068830688174, 37.08767575346982], [-122.08066340995912, 37.087607858734685], [-122.08064693974627, 37.08753833595709], [-122.08063905476922, 37.08746785457549], [-122.08063983107743, 37.08739709348279], [-122.08064926097984, 37.08732673398554], [-122.08066725379288, 37.08725745386066], [-122.08067372242901, 37.08724089530389], [-122.08064018153705, 37.087235836688464], [-122.08063483071649, 37.087234809617264], [-122.08062939034345, 37.08723415439923], [-122.08059491578743, 37.0872271791018], [-122.08058359484792, 37.08722728765457], [-122.08049559395066, 37.0872211946137], [-122.080408762194, 37.08720822056], [-122.08032393598585, 37.087188490426385], [-122.08024193215607, 37.08716219416721], [-122.08016354054989, 37.08712958507816], [-122.08008951618119, 37.0870909773012], [-122.08002057184578, 37.08704674252198], [-122.07995737152038, 37.08699730685337], [-122.07993442947992, 37.08697544934227], [-122.07993318770416, 37.08697482225047], [-122.07990581044993, 37.08695777975254], [-122.07987798765147, 37.086941202698426], [-122.07987094917762, 37.08693607835541], [-122.07986343968584, 37.086931403670185], [-122.07983827689323, 37.08691229151313], [-122.07981261889246, 37.08689361133396], [-122.07980624219417, 37.086887959846834], [-122.07979933983937, 37.08688271721075], [-122.07977663701433, 37.08686172154898], [-122.0797533875047, 37.08684111609221], [-122.07974773213901, 37.08683499020522], [-122.07974150537608, 37.086829231620264], [-122.07972148182715, 37.08680655553156], [-122.07970086412203, 37.086784222317334], [-122.07969598562072, 37.08677768195468], [-122.07969049319698, 37.0867714619616], [-122.0796769933382, 37.08675446193576], [-122.07966657885095, 37.08673980560041], [-122.07965523813607, 37.08672559746192], [-122.07964474248246, 37.086709075142196], [-122.07963329482588, 37.086692964673084], [-122.07962472392072, 37.08667756150187], [-122.0796151759455, 37.086662530956346], [-122.07960675225063, 37.08664526393438], [-122.079597330786, 37.08662833214959], [-122.07959068571483, 37.086612330341445], [-122.07958302256158, 37.08659662214865], [-122.07957675217698, 37.08657877718519], [-122.07956944741984, 37.08656118668003], [-122.07956479192434, 37.08654473915747], [-122.07955908780407, 37.08652850578031], [-122.07955503098019, 37.086510254609955], [-122.07954991344496, 37.0864921750353], [-122.07954729272737, 37.08647544187791], [-122.07954360202153, 37.0864588379687], [-122.07954060226606, 37.086440037938594], [-122.07953995223764, 37.086433379586076], [-122.07953864290816, 37.0864267841717], [-122.0795365097703, 37.08639811884961], [-122.07953371473397, 37.08636948949352], [-122.07953388245461, 37.08636281233917], [-122.0795333863328, 37.08635614571646], [-122.07953477048846, 37.08632745099684], [-122.0795354915758, 37.086298739953094], [-122.07953647536603, 37.086292108253524], [-122.07953679729866, 37.08628543463968], [-122.07953859758497, 37.08626903470012], [-122.07954405608075, 37.08623726764087], [-122.07954914925816, 37.08620546205029], [-122.0795500777215, 37.08620222368381], [-122.07955064330112, 37.086198931932316], [-122.07955996180603, 37.08616774765939], [-122.07956892200129, 37.086136493991184], [-122.07957024229081, 37.08613334384778], [-122.07957120779413, 37.08613011270935], [-122.0795842960301, 37.0860998116772], [-122.07959703746113, 37.08606941078104], [-122.07960763763955, 37.086047710863355], [-122.0796097061347, 37.0860440210906], [-122.07961136688581, 37.086040200875864], [-122.07962779615522, 37.08601175127954], [-122.07964382502453, 37.08598315840592], [-122.07964633508918, 37.085979648643274], [-122.07964845511134, 37.08597597747792], [-122.07966828567426, 37.085948955315175], [-122.07968773567988, 37.08592175847929], [-122.07969066282261, 37.0859184628795], [-122.0796932220032, 37.08591497567137], [-122.07971626235577, 37.085889641668984], [-122.07973894671056, 37.08586410235524], [-122.07974226343762, 37.08586105216323], [-122.0797452364979, 37.085857783058906], [-122.07977126553791, 37.08583438013647], [-122.07979696511725, 37.085810745245865], [-122.07980063854815, 37.08580797058306], [-122.07980399766355, 37.085804950284036], [-122.07983276593585, 37.08578370293277], [-122.07986123202355, 37.085762201018554], [-122.07986522730097, 37.08575972802488], [-122.07986893970919, 37.085756986202796], [-122.07988373964574, 37.085747086233475], [-122.07990513328798, 37.0857341484205], [-122.07992588548207, 37.085720559775325], [-122.07994036015955, 37.08571284487785], [-122.07995423702869, 37.08570445280763], [-122.07997711016102, 37.08569325741414], [-122.07999942522943, 37.08568136361038], [-122.08001477410164, 37.08567482243532], [-122.08002961075039, 37.085667560583154], [-122.08005374346496, 37.085658215149905], [-122.08007740625028, 37.08564813097636], [-122.08009348139095, 37.08564282664427], [-122.08010913510094, 37.08563676475117], [-122.08013106599378, 37.08563030986189], [-122.08013266412075, 37.085629704259766], [-122.08013712605576, 37.08562842517251], [-122.08015907749743, 37.08562118189448], [-122.08017557736893, 37.085616481987906], [-122.08018927525879, 37.08561317698307], [-122.08019204412716, 37.08561236205203], [-122.08019611502753, 37.085611515665335], [-122.08021582814096, 37.08560586482231], [-122.08021732739944, 37.08560556393596], [-122.0801758384538, 37.08502771329466], [-122.08017552513454, 37.08499773099696], [-122.08017465084748, 37.0849677569676], [-122.0801751556234, 37.084962361869145], [-122.08017509903647, 37.08495695187019], [-122.08017845540124, 37.08492708862596], [-122.08018125243716, 37.084897190936445], [-122.08018241471478, 37.08489186196231], [-122.08018302033598, 37.08488647314447], [-122.08019001408172, 37.08485701778086], [-122.08019645545014, 37.084827483226185], [-122.080198264271, 37.08482227049904], [-122.0801995261706, 37.08481695581831], [-122.08021008926647, 37.084788193008656], [-122.08022011347809, 37.08475930496055], [-122.08022255123333, 37.084754259633016], [-122.08022445732581, 37.08474906938351], [-122.08023848924437, 37.08472127300197], [-122.08025199871905, 37.08469331283893], [-122.08025504186914, 37.08468848340347], [-122.08025757388386, 37.08468346765093], [-122.08027493905342, 37.0846569067923], [-122.0802918040862, 37.08463014230239], [-122.08029542349408, 37.08462557495448], [-122.08029855687698, 37.08462078236366], [-122.0803190859904, 37.084595715494565], [-122.08033914609076, 37.084570401787346], [-122.08034330747633, 37.08456614006844], [-122.08034701151018, 37.08456161727319], [-122.08037050815564, 37.08453828354008], [-122.08039356896693, 37.084514666628465], [-122.0803982312054, 37.08451075258464], [-122.08040247117343, 37.08450654204134], [-122.08042870953132, 37.08448516566961], [-122.08045454845218, 37.0844634734997], [-122.08045966744156, 37.08445994419626], [-122.08046440177905, 37.08445608713634], [-122.08049312777761, 37.08443687491566], [-122.08052149724755, 37.08441731549935], [-122.08052702329394, 37.084414205254134], [-122.08053220677748, 37.08441073846374], [-122.08056314954999, 37.08439387199489], [-122.08059377081602, 37.08437663714778], [-122.08059964943531, 37.084373976365455], [-122.0806052334023, 37.08437093263806], [-122.08062551010654, 37.08436207378042], [-122.08002240324461, 37.08426855846008], [-122.07991380885518, 37.08451294448856], [-122.07991289219365, 37.08451472557014], [-122.07991218553401, 37.08451656705217], [-122.07989605770064, 37.08454743424219], [-122.07988013835545, 37.084578364973446], [-122.07987900833643, 37.08458006525658], [-122.07987807967932, 37.08458184263919], [-122.07971988177367, 37.08484724368591], [-122.07967795378904, 37.084909526621324], [-122.07962860777427, 37.08496821704762], [-122.07957231882529, 37.08502274977075], [-122.0795096290653, 37.08507259968796], [-122.07944114241101, 37.08511728661521], [-122.07936751821154, 37.08515638028599], [-122.07928946557847, 37.085189504003594], [-122.07920773635689, 37.085216339003836], [-122.07912311744747, 37.08523662664912], [-122.07903642390366, 37.08525017162048], [-122.07894849069768, 37.08525684356632], [-122.07886016460611, 37.08525657812133], [-122.07877229632172, 37.085249377836874], [-122.0786857321283, 37.085235312026064], [-122.078601305579, 37.08521451633863], [-122.07851982997927, 37.08518719089936], [-122.07844208974099, 37.08515359879857], [-122.07836883377134, 37.0851140637868], [-122.07830076753048, 37.08506896642696], [-122.07823854642842, 37.085018741158], [-122.07818276980667, 37.084963871560504], [-122.07813397480079, 37.08490488616203], [-122.07809263123019, 37.08484235307873], [-122.07805913739108, 37.084776874393555], [-122.07803381562167, 37.08470908080318], [-122.07801691001683, 37.0846396252901], [-122.07800858313378, 37.084569176516574], [-122.07800891538697, 37.084498413140984], [-122.07801790322296, 37.08442801668247], [-122.07803546043979, 37.0843586648609], [-122.07806141758307, 37.084291025823276], [-122.07806482990249, 37.0842844952215], [-122.07802962532884, 37.084261137991746], [-122.07796744720552, 37.084210879020354], [-122.07791171751664, 37.08415597928046], [-122.07786297271205, 37.084096967565976], [-122.07782168226666, 37.08403441199148], [-122.07778824401278, 37.08396891526826], [-122.07776297972164, 37.08390110799919], [-122.07774613280725, 37.083831643252225], [-122.07773786536849, 37.083761190047056], [-122.07773825725528, 37.083690426947754], [-122.07774730435271, 37.083620035198734], [-122.07776491977705, 37.08355069296514], [-122.07779093374153, 37.083483067940364], [-122.0778250956542, 37.08341781141344], [-122.07786060740065, 37.0833583399082], [-122.07782372200624, 37.08332255441045], [-122.0778035037329, 37.08330085215266], [-122.0777826690226, 37.08327953179752], [-122.0776832695782, 37.08316683118914], [-122.0776800799736, 37.08316280967362], [-122.07767647512074, 37.083159018661036], [-122.07765640102849, 37.083132954371884], [-122.07763589950906, 37.08310710543412], [-122.07763321675723, 37.08310285196355], [-122.07763009371831, 37.08309879698169], [-122.07762244133697, 37.08308767451421], [-122.07758727489306, 37.08312477296003], [-122.07752721829901, 37.08317666073769], [-122.07746110291806, 37.083223582512844], [-122.07738956529187, 37.08326508621875], [-122.07731329443604, 37.08330077220841], [-122.07723302504643, 37.08333029680764], [-122.0771845630309, 37.08334369217372], [-122.07714262854412, 37.08336664500085], [-122.07706516620802, 37.08340064378493], [-122.07698391734567, 37.08342839574389], [-122.07689966456338, 37.083449633567795], [-122.07681321907445, 37.08346415272841], [-122.07672541358696, 37.08347181340712], [-122.07663709362265, 37.08347254186983], [-122.07658001320274, 37.08346851256341], [-122.07659194809533, 37.083553204852066], [-122.07659753874174, 37.0836238267644], [-122.07659446262603, 37.08369454768087], [-122.0765827491375, 37.08376468655289], [-122.07656251108237, 37.083833567757026], [-122.0765339434758, 37.0839005280264], [-122.07649732121966, 37.08396492247226], [-122.07645299722702, 37.0840261308794], [-122.07640139818477, 37.08408356389318], [-122.07634302111605, 37.08413666822121], [-122.07627842813208, 37.08418493263239], [-122.07620824131874, 37.08422789215398], [-122.07613313659998, 37.0842651330722], [-122.07605383739066, 37.084296296759156], [-122.07597110724092, 37.084321083131435], [-122.07588574316391, 37.08433925339284], [-122.07579856694203, 37.08435063249081], [-122.07571041846418, 37.08435511104783], [-122.07562214649437, 37.084352645740296], [-122.07553460111879, 37.08434326041161], [-122.07544862565244, 37.08432704537795], [-122.07536504798087, 37.084304156910015], [-122.07528467304375, 37.084274815371515], [-122.07520827498091, 37.084239303354664], [-122.07515070958279, 37.08420610584153], [-122.07512925993642, 37.084292804373], [-122.07510785621398, 37.084361459076625], [-122.0750781560837, 37.084428102320736], [-122.0750404455624, 37.08449209237132], [-122.07499508788187, 37.08455281288382], [-122.074942519813, 37.08460967918464], [-122.07488324755161, 37.08466214355765], [-122.07481784203956, 37.0847097007067], [-122.07474693316709, 37.08475189266855], [-122.07467120364508, 37.08478831309218], [-122.07459138299392, 37.08481861115849], [-122.07450823984932, 37.0848424951263], [-122.07442257506595, 37.084859734983034], [-122.0743352134768, 37.084870164634246], [-122.07424699655654, 37.084873683739424], [-122.07415877397413, 37.084870258367346], [-122.07407139526005, 37.08485992147196], [-122.07398570193355, 37.08484277256034], [-122.07390251941013, 37.0848189769084], [-122.07382264869864, 37.08478876360273], [-122.07374685899731, 37.08475242367983], [-122.07367588030417, 37.08471030709337], [-122.07361039625499, 37.08466281950296], [-122.07355103719718, 37.08461041816334], [-122.0734983751778, 37.084553607738314], [-122.07345291702784, 37.08449293537871], [-122.07341510071372, 37.08442898546544], [-122.07338529034453, 37.08436237389115], [-122.0733648384857, 37.084297140567976], [-122.07328957809231, 37.08431427008063], [-122.0732026579187, 37.084326842899415], [-122.07311461793672, 37.08433252932819], [-122.07302630637436, 37.08433127469983], [-122.07293857345907, 37.084323091158936], [-122.07285226422007, 37.08430805733507], [-122.07276820993924, 37.08428631809555], [-122.07268722006904, 37.08425808294975], [-122.0726357524181, 37.084235093358274], [-122.0726350992541, 37.084235290884806], [-122.07254980692689, 37.08425367590737], [-122.07246267591968, 37.08426527446743], [-122.0723745455919, 37.08426997477316], [-122.07228626450492, 37.08426773172041], [-122.0721986829971, 37.0842585667446], [-122.07211264440221, 37.08424256820264], [-122.07202897763648, 37.08421989023317], [-122.07194848810396, 37.0841907511528], [-122.07187195130498, 37.08415543160304], [-122.07180010409458, 37.08411427168716], [-122.07173363864324, 37.084067667948], [-122.07167319483838, 37.084016069071446], [-122.07161935481655, 37.08395997214742], [-122.07157263717983, 37.083899917215845], [-122.0715334918738, 37.0838364828993], [-122.0715022956548, 37.08377027987716], [-122.07147934922611, 37.08370194590509], [-122.0714648732725, 37.08363213893304], [-122.07145900729302, 37.08356153141713], [-122.0714618078889, 37.08349080318505], [-122.07147324782484, 37.08342063547944], [-122.0714932171273, 37.08335170402571], [-122.07152152338864, 37.08328467263471], [-122.07155789387012, 37.08322018690954], [-122.07160197839436, 37.08315886777849], [-122.07165335245163, 37.08310130593092], [-122.07166888344165, 37.08308708816304], [-122.07166489239707, 37.08306664729375], [-122.07166036312748, 37.0830325699225], [-122.07165570003185, 37.08299846959936], [-122.071655685066, 37.08299737194032], [-122.07165554006782, 37.08299628128583], [-122.0716552016712, 37.082962005872396], [-122.07165473290154, 37.082927710058144], [-122.07165485221783, 37.082926616695296], [-122.07165484140667, 37.082925519699764], [-122.07165869850188, 37.082891376913146], [-122.07166242711419, 37.08285721527275], [-122.07166267957123, 37.08285613674349], [-122.07166280304305, 37.082855043953984], [-122.07167082046584, 37.08282136081571], [-122.07167870866235, 37.08278766413566], [-122.07167909176982, 37.082786610876674], [-122.07167934838324, 37.08278553283059], [-122.07169144734785, 37.082752643050725], [-122.07170342061946, 37.08271972650552], [-122.07170393088452, 37.08271870813434], [-122.07170431803125, 37.08271765571811], [-122.07172037986359, 37.08268587962344], [-122.07173632490856, 37.08265405664093], [-122.07173695737045, 37.082653083214275], [-122.07173747132941, 37.082652066314076], [-122.07175734534515, 37.0826217014452], [-122.0717771048541, 37.08259128700103], [-122.07177785320768, 37.08259036811439], [-122.07177848924974, 37.08258939624789], [-122.07180198591627, 37.082560733801415], [-122.07182536750963, 37.08253202195423], [-122.07182622455976, 37.08253116638487], [-122.07182697649337, 37.08253024905829], [-122.07185386692046, 37.08250356955636], [-122.07188064811174, 37.08247683240514], [-122.07188160577326, 37.082476048112056], [-122.0718824662875, 37.082475194372165], [-122.07191248615787, 37.08245075903995], [-122.07194241431654, 37.082426249788696], [-122.07194346360876, 37.082425544363346], [-122.07194442416531, 37.082424762436034], [-122.071977291781, 37.08240280027292], [-122.07201007132151, 37.08238076124318], [-122.07201120135693, 37.08238014181142], [-122.07201225343063, 37.082379438841], [-122.07204765038658, 37.08236016305532], [-122.07208296743737, 37.08234080478676], [-122.07208416824719, 37.08234027694925], [-122.07208530083693, 37.082339660150815], [-122.07212287785472, 37.08232326027342], [-122.07216040077536, 37.08230676522381], [-122.07216166037034, 37.08230633420485], [-122.07216286294276, 37.082305809354935], [-122.07220228408293, 37.08229243301652], [-122.07224162559204, 37.082278970499246], [-122.07224293064185, 37.08227864079159], [-122.07224419279038, 37.08227821249592], [-122.07228506172542, 37.08226799594856], [-122.0723258595332, 37.082257688059876], [-122.07232719976909, 37.08225746219714], [-122.07232850714543, 37.08225713539121], [-122.07237039891669, 37.08225018257427], [-122.0724122915309, 37.082243123023545], [-122.0724136537604, 37.0822430034264], [-122.07241499406656, 37.082242780988516], [-122.07245752711589, 37.08223915201345], [-122.0725000891467, 37.08223541562283], [-122.07250145917808, 37.082235403622434], [-122.07250282046562, 37.0822352874422], [-122.07254560073183, 37.08223501600291], [-122.0725570111748, 37.08223491576382], [-122.07253293359895, 37.082050452434494], [-122.0724091923299, 37.08207718000172], [-122.0721116325198, 37.082158805810955], [-122.07209339272288, 37.08216302045607], [-122.07207547616706, 37.08216804645188], [-122.07205098553955, 37.082172819452694], [-122.0720267685094, 37.082178415221925], [-122.0720081014483, 37.082181177062786], [-122.0719896556569, 37.082184771991415], [-122.07196469889017, 37.082187598724154], [-122.07193991402647, 37.08219126572786], [-122.07192099857588, 37.08219254840032], [-122.07190220219036, 37.08219467733249], [-122.07072452836957, 37.08228110585071], [-122.07051653542531, 37.082307029792226], [-122.07050966440802, 37.082539755505614], [-122.07050798280326, 37.08255824504627], [-122.07050738186402, 37.082576778031026], [-122.07050477526636, 37.0825935131425], [-122.07050324557673, 37.08261033223154], [-122.0704993101009, 37.0826286009315], [-122.0704964447004, 37.0826469971831], [-122.07049180363686, 37.08266344547829], [-122.07048822345298, 37.082680064970845], [-122.07048207133522, 37.08269793815986], [-122.07047696963542, 37.082716019241225], [-122.07047033877113, 37.08273202368527], [-122.07046474246005, 37.08274828222922], [-122.07045643388271, 37.082765585146056], [-122.07044914421084, 37.08278317971851], [-122.07036254590953, 37.08296228034744], [-122.070346884128, 37.0829904790376], [-122.07033166633559, 37.08301883074791], [-122.0703289355032, 37.08302279496005], [-122.07032663773987, 37.083026932119964], [-122.07030760070008, 37.08305376622009], [-122.07028898846897, 37.083080785278916], [-122.07028578615312, 37.08308451566695], [-122.07028299297956, 37.083088452798016], [-122.07026076487325, 37.08311366261363], [-122.07023893653691, 37.0831390900016], [-122.07023529275645, 37.08314255137538], [-122.07023203187302, 37.08314624966367], [-122.0702068287764, 37.083169590442814], [-122.07018199251243, 37.083193183329], [-122.07017794278241, 37.08319634189356], [-122.07017424510595, 37.08319976633621], [-122.07014630655388, 37.083221016496346], [-122.07011870470649, 37.083242544396384], [-122.06998640693466, 37.083336050145164], [-122.07003336596169, 37.08334445219214], [-122.07011851850096, 37.083363245570844], [-122.07020096197007, 37.08338863543911], [-122.07027990213855, 37.083420377156436], [-122.0703545790449, 37.08345816505772], [-122.07042427337291, 37.08350163538739], [-122.07048831406475, 37.083550369333224], [-122.07054608422703, 37.08360389766936], [-122.0705970276049, 37.08366170495307], [-122.07064065347402, 37.08372323433987], [-122.07067654174634, 37.08378789330216], [-122.07070434684002, 37.08385505924766], [-122.07072380087347, 37.08392408522292], [-122.07073471651067, 37.08399430651565], [-122.07073698857405, 37.08406504688671], [-122.07073059520366, 37.084135625069166], [-122.07071559789178, 37.08420536125871], [-122.07069214106279, 37.08427358396086], [-122.07066045053708, 37.084339636108794], [-122.0706208316516, 37.08440288162895], [-122.0705736659257, 37.08446271136446], [-122.07051940738802, 37.08451854908607], [-122.07045857879525, 37.08456985714179], [-122.07039176583537, 37.08461614127938], [-122.07031961189006, 37.08465695574383], [-122.07024281201804, 37.08469190764731], [-122.07016210582766, 37.08472066015897], [-122.07007827045162, 37.0847429365064], [-122.0699921134323, 37.084758522083554], [-122.06990446447875, 37.08476726682024], [-122.0698161676864, 37.084769086473294], [-122.06972807353756, 37.08476396346539], [-122.06964103023223, 37.084751947267776], [-122.06920110152095, 37.08467323332268], [-122.06913996454304, 37.08466410436219], [-122.0691675384816, 37.08476505600292], [-122.0691741361363, 37.08479653834073], [-122.06918111069385, 37.084827966577954], [-122.06920491242218, 37.08497746643082], [-122.06920506524554, 37.084979037053095], [-122.06920540058377, 37.08498058747438], [-122.06920849553539, 37.08501429977634], [-122.06921177551943, 37.08504801623453], [-122.06921173545793, 37.085049590210396], [-122.06921187962122, 37.08505116058439], [-122.0692108350216, 37.08508495937967], [-122.0692099742895, 37.085118765296706], [-122.06920974173298, 37.08512032910828], [-122.06920969312579, 37.08512190265649], [-122.06920451853843, 37.085155455765005], [-122.06919952592928, 37.08518903220535], [-122.06919910332446, 37.08519056973679], [-122.06919886234316, 37.085192132400515], [-122.06918960630358, 37.08522512254977], [-122.06918053128709, 37.08525814025946], [-122.06917992263489, 37.08525963711971], [-122.06917949160605, 37.08526117341312], [-122.06916624296875, 37.085293280130855], [-122.0691531729847, 37.0853254239445], [-122.06915238419965, 37.0853268656674], [-122.0691517672411, 37.08532836083977], [-122.06913465447212, 37.085359272346864], [-122.06911771466604, 37.085390235236474], [-122.06911675322675, 37.08539160826947], [-122.0691159563689, 37.08539304758509], [-122.0689451584792, 37.08566474879223], [-122.06892346070465, 37.08569541920079], [-122.06890179222228, 37.085726075773294], [-122.06890169158487, 37.085726190361974], [-122.06890160560243, 37.0857263118262], [-122.06887629145021, 37.08575509479012], [-122.06885094503627, 37.0857839381591], [-122.06885083100329, 37.08578404407928], [-122.06885073048153, 37.085784158398404], [-122.06882195803415, 37.08581086937653], [-122.06879326349127, 37.08583752894856], [-122.068793023052, 37.08583773131712], [-122.06852216369093, 37.086065730419264], [-122.06851647038353, 37.08607007451192], [-122.06851123303966, 37.086074772017994], [-122.06848450214926, 37.08609446669853], [-122.06845820290323, 37.08611453343497], [-122.06845200529509, 37.086118409613974], [-122.06844621868052, 37.08612267310644], [-122.06841720606502, 37.08614017441601], [-122.06838857914718, 37.08615807878836], [-122.06838193789494, 37.08616144931013], [-122.06837565685032, 37.086165238205346], [-122.06834204078595, 37.08618351720297], [-122.06834410757095, 37.08621116405331], [-122.06834380953765, 37.086217386038605], [-122.0683441402429, 37.086223606653654], [-122.06834211666799, 37.08625272976671], [-122.06834072063359, 37.08628187574751], [-122.06833966289715, 37.08628804380998], [-122.06833923091823, 37.08629426104714], [-122.06833365365614, 37.08632308672316], [-122.06832869875943, 37.086351981017074], [-122.06832689148946, 37.086358036285034], [-122.06832570094072, 37.08636418960262], [-122.06831662369046, 37.08639243882931], [-122.06830815764035, 37.08642080463029], [-122.06830561831376, 37.08642668874005], [-122.06830368060578, 37.086432719005614], [-122.06829119119833, 37.08646011871693], [-122.06827929517733, 37.08648768380796], [-122.06827604799716, 37.08649334043158], [-122.06827338195704, 37.08649918929191], [-122.06825760005069, 37.08652547685703], [-122.06824238915549, 37.0865519744249], [-122.0682384657348, 37.08655734855454], [-122.06823509679782, 37.08656296014197], [-122.06821617560021, 37.08658788058464], [-122.06819779514146, 37.08661305739369], [-122.06819323255559, 37.08661809821073], [-122.068189193684, 37.08662341761809], [-122.06816731706374, 37.08664672981365], [-122.0681459424749, 37.086670344492596], [-122.0681407847527, 37.08667500303581], [-122.06813611493688, 37.086679979279175], [-122.06811149298652, 37.086701459976226], [-122.06808733060157, 37.086723283835674], [-122.06808162746147, 37.08672751515466], [-122.06807637150267, 37.08673210054081], [-122.06804923725196, 37.086751546318546], [-122.06802252382698, 37.08677136569104], [-122.06801633192661, 37.08677512786456], [-122.06801053895678, 37.08677927942155], [-122.0679811536031, 37.08679650222416], [-122.06795214653604, 37.08681412695081], [-122.067945523685, 37.086817385097625], [-122.06793925103055, 37.08682106145032], [-122.06790790118018, 37.08683589334285], [-122.06787687627194, 37.086851155854504], [-122.06786988676902, 37.08685387811907], [-122.06786319449095, 37.08685704431387], [-122.06783017891898, 37.086869343688114], [-122.06779743806419, 37.086882095730786], [-122.06779014996525, 37.08688425587591], [-122.06778310178254, 37.086886881494976], [-122.06774873946657, 37.08689652934698], [-122.06771459695776, 37.08690664863491], [-122.06770707914951, 37.08690822610887], [-122.06769974412306, 37.086910285554], [-122.06766437084035, 37.08691718771086], [-122.06762915066534, 37.08692457808563], [-122.06762147478112, 37.08692555776685], [-122.06761392437879, 37.08692703104752], [-122.0675778793819, 37.086931122029], [-122.06754192233764, 37.086935711352275], [-122.06753416399484, 37.086936083559074], [-122.06752646915854, 37.086936956900544], [-122.06749009598887, 37.086938197762116], [-122.06745375176271, 37.08693994136886], [-122.06744598526626, 37.08693970253899], [-122.06743822069913, 37.08693996742433], [-122.06740187157085, 37.086938346062176], [-122.06736548827072, 37.08693722721931], [-122.06735778785375, 37.08693637964922], [-122.06735002886111, 37.086936033515705], [-122.06731405463351, 37.08693156575969], [-122.06727798194409, 37.086927595149966], [-122.06727042255542, 37.08692614700106], [-122.06726274290712, 37.08692519322331], [-122.06722748657229, 37.08691792170408], [-122.0671920754115, 37.086911137874175], [-122.06718473001548, 37.08690910315149], [-122.0671772036356, 37.086907550874535], [-122.06714300436794, 37.086897545055244], [-122.0671085960918, 37.08688801388003], [-122.06710153533176, 37.08688541233954], [-122.06709423483694, 37.08688327637706], [-122.06706142595237, 37.08687063379932], [-122.06705127556933, 37.08686689382293], [-122.06703297459974, 37.08687681952864], [-122.06700252046583, 37.086891644976824], [-122.06697242048432, 37.08690693174405], [-122.0669647908493, 37.086910012271616], [-122.06695748945873, 37.08691356663156], [-122.06692536731157, 37.08692592957016], [-122.06689354275478, 37.08693877880152], [-122.06688557308543, 37.086941245321036], [-122.06687787185116, 37.08694420926978], [-122.06684438941491, 37.0869539909693], [-122.06681114841221, 37.08696427844], [-122.06659084664625, 37.08702267897494], [-122.06657722798032, 37.08702570404417], [-122.0665638934597, 37.08702944994193], [-122.06653578302986, 37.08703493911137], [-122.06650791845449, 37.08704118846438], [-122.06650681187199, 37.08704134497962], [-122.06650572912461, 37.08704158551238], [-122.06649180690958, 37.08704352641601], [-122.06647807724143, 37.08704620743825], [-122.0664494282496, 37.08704946301305], [-122.06642093570451, 37.08705349384195], [-122.06641981635835, 37.08705356264013], [-122.06641870822477, 37.087053717159264], [-122.06640461489418, 37.087054555469074], [-122.06639062407079, 37.08705614535761], [-122.06636171583668, 37.08705713555308], [-122.06633286616989, 37.08705890960655], [-122.06633174250473, 37.08705889021331], [-122.06633062205991, 37.08705895683863], [-122.06631649430926, 37.08705868443629], [-122.06630237607466, 37.08705916801853], [-122.06627348685667, 37.087057883397094], [-122.06624455808412, 37.0870573834836], [-122.06624344213921, 37.08705727590355], [-122.06624231906427, 37.08705725426059], [-122.06622829334391, 37.087055873843006], [-122.06621418322659, 37.08705524641701], [-122.06618558966552, 37.08705169934292], [-122.06615686200956, 37.087048930193056], [-122.0661557645734, 37.087048735502734], [-122.06615464955532, 37.0870486257658], [-122.06614086004855, 37.087046150558734], [-122.06612689490788, 37.08704441816009], [-122.06609887270155, 37.08703864280481], [-122.0660706224018, 37.0870336311127], [-122.06603092214533, 37.087024931041285], [-122.06602668555009, 37.08702382095621], [-122.06602234228187, 37.087023014252225], [-122.06598471730092, 37.087012824276044], [-122.06594696973009, 37.087002933577615], [-122.06594288848908, 37.08700149588367], [-122.06593866569804, 37.08700035219194], [-122.06590247290087, 37.08698725835341], [-122.06586611291006, 37.08697444956059], [-122.06586222724457, 37.08697269827616], [-122.06585816473972, 37.08697122854704], [-122.06582374354574, 37.0869553534988], [-122.06578913053185, 37.08693975329772], [-122.06578547870845, 37.086937705851184], [-122.06578161469038, 37.08693592372663], [-122.06574930265286, 37.086917422828044], [-122.06572683937677, 37.08690482821492], [-122.06571184947603, 37.08690119088499], [-122.06569113191618, 37.086897070348186], [-122.06566960720441, 37.086890940905384], [-122.06564774450892, 37.08688563600747], [-122.06562801941044, 37.08687909834182], [-122.06560790464094, 37.086873370391984], [-122.06558723293581, 37.08686557998133], [-122.06556612516653, 37.08685858404741], [-122.06554729508125, 37.086850528978665], [-122.06552797786232, 37.08684324905539], [-122.06550835952712, 37.0868338732622], [-122.0654882086173, 37.086825253146344], [-122.06547045397369, 37.0868157578155], [-122.06545212122954, 37.0868069963504], [-122.06543374463548, 37.0867961251784], [-122.06541474533958, 37.086785964174105], [-122.06539823817076, 37.08677512043921], [-122.06538106540599, 37.08676496147551], [-122.06536410704344, 37.08675269943774], [-122.06534644268277, 37.08674109553161], [-122.06533134192563, 37.08672900794761], [-122.06531549457402, 37.08671754924078], [-122.06530011793943, 37.08670401435914], [-122.06528395861108, 37.086691079495594], [-122.06527040977645, 37.08667786468061], [-122.06525604029243, 37.08666521632324], [-122.06524239342778, 37.08665053893726], [-122.06522789467196, 37.08663639756561], [-122.06522301641202, 37.08663055384695], [-122.06522132939806, 37.086630461225994], [-122.065177882028, 37.08662812295711], [-122.06510728137536, 37.08662152288871], [-122.0650863639056, 37.08661872815768], [-122.06506529547023, 37.0866167923455], [-122.06504282752384, 37.086612911278614], [-122.06502015660315, 37.08660988222985], [-122.06499968197795, 37.08660545836529], [-122.06497895160825, 37.08660187745007], [-122.06495706622128, 37.08659625062808], [-122.06493487560397, 37.08659145599852], [-122.06491504143818, 37.08658544584366], [-122.06489484842925, 37.08658025411843], [-122.06487375646716, 37.08657293566669], [-122.06485225970366, 37.0865664216705], [-122.06483325589218, 37.086558882791024], [-122.06481379574238, 37.0865521304742], [-122.06461239450225, 37.086472629820804], [-122.06460804724476, 37.08647069583716], [-122.06460350725814, 37.08646907266709], [-122.06456945021827, 37.08645352544274], [-122.06453517316078, 37.08643827672832], [-122.06453108348006, 37.086436010716106], [-122.0645267639209, 37.0864340388189], [-122.06449477041907, 37.08641589046561], [-122.06446252682603, 37.08639802506227], [-122.06445873439392, 37.086395449058585], [-122.06445467654906, 37.086393147239036], [-122.06431767616955, 37.0863070466183], [-122.06431758190087, 37.086306981154216], [-122.06431747932977, 37.086306922925935], [-122.06428413087357, 37.086283746110176], [-122.06425093902037, 37.08626069112766], [-122.0642508529428, 37.086260618336695], [-122.06425075822867, 37.0862605525085], [-122.06422057862439, 37.08623501459224], [-122.06419019464114, 37.086209318122336], [-122.06419011720138, 37.086209238278464], [-122.0641900317934, 37.08620916594345], [-122.0641203058182, 37.086144040536105], [-122.06411642047989, 37.0861416837291], [-122.06411190554383, 37.08613940740565], [-122.06408121656692, 37.08612033034161], [-122.06405025102775, 37.086101547826686], [-122.0640007575147, 37.08606834373652], [-122.06398783140534, 37.08606210292971], [-122.06396628046541, 37.08605050636137], [-122.0639441614053, 37.086039618399724], [-122.06392964019248, 37.08603079033641], [-122.0639145078246, 37.086022647646594], [-122.06389447963535, 37.08600941479112], [-122.06387379908621, 37.08599684219368], [-122.06386042810325, 37.08598691646682], [-122.0638463645778, 37.08597762454198], [-122.06382805132765, 37.085962882213366], [-122.06380900908093, 37.08594874653584], [-122.06379691654563, 37.085937818445665], [-122.06378405791183, 37.08592746705916], [-122.06376763751987, 37.08591135863476], [-122.06375041531251, 37.08589579472134], [-122.06373971773407, 37.0858839692108], [-122.06372818787493, 37.08587265840606], [-122.06371381686832, 37.08585533746046], [-122.06369858228146, 37.08583849662933], [-122.06368728801013, 37.08582462690263], [-122.06368236047368, 37.08582523574097], [-122.06365069269158, 37.085829843690725], [-122.06363873426713, 37.08583062614768], [-122.06362687635574, 37.08583209130372], [-122.0634485746795, 37.08584699146128], [-122.06340784784317, 37.08584878268823], [-122.0633671302522, 37.085850819063985], [-122.06336375304004, 37.08585072208115], [-122.06336038034759, 37.085850870403966], [-122.06331962670139, 37.08584945476015], [-122.0632788598057, 37.085848283907154], [-122.06317292066895, 37.08584105903617], [-122.0631519842054, 37.085840717597264], [-122.06313783247403, 37.085846800826964], [-122.06312249136916, 37.0858526375913], [-122.06310761943527, 37.08585920584795], [-122.06308262112479, 37.08586780688262], [-122.06305804540811, 37.08587715715653], [-122.06304206521133, 37.08588176079816], [-122.06302646015592, 37.085887129983234], [-122.06300052924509, 37.0858937267678], [-122.06297492853514, 37.085901101897726], [-122.0629584614554, 37.085904428638365], [-122.06294227525635, 37.08590854631825], [-122.06286387457413, 37.08592514643939], [-122.0628234963719, 37.08593201742724], [-122.06278315743403, 37.085939098196164], [-122.06278029403403, 37.085939369061116], [-122.06277747475517, 37.08593984876774], [-122.06273645022557, 37.08594351592158], [-122.06269543939904, 37.08594739481744], [-122.06269255661931, 37.0859474394568], [-122.06268969227573, 37.085947695529185], [-122.0626484171212, 37.08594812348577], [-122.06260712866931, 37.08594876324121], [-122.06260425430513, 37.08594858133383], [-122.06260137238239, 37.08594861119486], [-122.06256024664452, 37.08594579599498], [-122.06251907580015, 37.08594319026941], [-122.0623977746828, 37.085930690068366], [-122.0623674282024, 37.08592634102743], [-122.06233693184556, 37.08592271461519], [-122.06232029895861, 37.08592006279484], [-122.06228053274837, 37.08592072601088], [-122.0622801816948, 37.08592071809702], [-122.06227983120483, 37.08592073749992], [-122.06217393017282, 37.08592243748681], [-122.06216491174422, 37.08592222753165], [-122.06215590053557, 37.085922582177645], [-122.06203139931557, 37.085922582192104], [-122.06202016939122, 37.08592214020181], [-122.06200892999331, 37.08592235741702], [-122.06197607997206, 37.08592040484782], [-122.06197133065417, 37.085920217919586], [-122.06194152115049, 37.0859242283329], [-122.06194106438024, 37.08592425329403], [-122.06194061392576, 37.08592431354971], [-122.0619086447003, 37.085927305058654], [-122.06182225974338, 37.0859472862872], [-122.06180530530473, 37.085950495075146], [-122.06178861933782, 37.085954505613586], [-122.06176234957081, 37.08595862502183], [-122.06173629854166, 37.085963555428734], [-122.06171903317453, 37.08596541740136], [-122.06170193694398, 37.085968098276425], [-122.06167529038675, 37.08597013489171], [-122.06164876091604, 37.08597299594339], [-122.06163135080239, 37.08597349312513], [-122.0616140088981, 37.08597481859654], [-122.06149975601974, 37.08597903421329], [-122.06139985425709, 37.08598603747991], [-122.06137926863639, 37.085986667596075], [-122.0613587522546, 37.0859881608932], [-122.06133516353613, 37.085988017720496], [-122.06131159138138, 37.085988739293796], [-122.06129102764564, 37.08598774984837], [-122.06127042748429, 37.085987624820774], [-122.06124696939096, 37.085985629934065], [-122.0612234230346, 37.0859844969805], [-122.06120307999312, 37.085981897569894], [-122.06118259372731, 37.085980155421865], [-122.06115949307775, 37.08597632810423], [-122.06113619820425, 37.08597335151488], [-122.06111626997807, 37.0859691669325], [-122.06111316445718, 37.08596865234634], [-122.06110224251788, 37.08598711553389], [-122.0610567739282, 37.08604778305711], [-122.06100410192883, 37.08610458791857], [-122.06094473360454, 37.086156983100445], [-122.0608792407807, 37.08620446392228], [-122.06080825410957, 37.086246573132584], [-122.06073245739206, 37.086282905190984], [-122.0606525804394, 37.08631311026841], [-122.0605693927337, 37.08633689735225], [-122.06048369517563, 37.08635403733611], [-122.06039631330447, 37.086364365310125], [-122.06030808861988, 37.08636778166416], [-122.06021987079937, 37.08636425355869], [-122.06013250937077, 37.08635381494897], [-122.06004684583714, 37.086336566432436], [-122.05996370513991, 37.08631267400914], [-122.05988388790982, 37.08628236784822], [-122.05980816295826, 37.08624593979437], [-122.05973725954537, 37.08620374078226], [-122.0596718605623, 37.086156177086366], [-122.05961259571187, 37.08610370675098], [-122.05956003571062, 37.08604683530728], [-122.05951468695572, 37.08598611032212], [-122.0594769860718, 37.08592211657707], [-122.05946085883481, 37.08589085344631], [-122.05941605822946, 37.08583271968802], [-122.05941098199852, 37.085825346205105], [-122.05940523108278, 37.08581829647049], [-122.0593896612183, 37.08579437683045], [-122.05937339965803, 37.08577075610348], [-122.05936924962961, 37.085763018860334], [-122.05936438934624, 37.08575555208108], [-122.05935182084013, 37.08573052480968], [-122.05933852756857, 37.08570574102407], [-122.05933534443166, 37.085697715971456], [-122.05933142071163, 37.08568990273154], [-122.05932197446158, 37.08566400829136], [-122.05931177759291, 37.085638300614754], [-122.05930959157122, 37.085630063800544], [-122.05930664273511, 37.08562198048253], [-122.05928064367147, 37.085535080274994], [-122.05927501578464, 37.08551114168338], [-122.05926847628933, 37.08548735216205], [-122.05926684579538, 37.08547638942378], [-122.05926429502551, 37.085465539451185], [-122.05926162304046, 37.08544127420471], [-122.0592580254892, 37.085417085625934], [-122.05925774404886, 37.08540604705514], [-122.05925653309247, 37.08539504960579], [-122.05925684268664, 37.08537069173111], [-122.05925622177476, 37.08534633675071], [-122.05925729222339, 37.085335329455916], [-122.05925743249155, 37.085324289633185], [-122.05926072065236, 37.08530007310892], [-122.05926308235392, 37.085275786858446], [-122.05926549426418, 37.08526491685113], [-122.0592669845512, 37.08525394101011], [-122.05927321993397, 37.085230098147306], [-122.0592785413107, 37.08520611552832], [-122.05928227133234, 37.08519548754532], [-122.0592850973904, 37.0851846813064], [-122.05929421952347, 37.08516144337316], [-122.05930244958044, 37.08513799356551], [-122.05930746190835, 37.08512770963062], [-122.05931159645445, 37.085117177338645], [-122.05931818238975, 37.08510479706838], [-122.05929804170556, 37.0850898903676], [-122.05927196717735, 37.08507138004214], [-122.05926561547645, 37.08506589062928], [-122.0592587530795, 37.085060811627], [-122.0592356057363, 37.085039955373674], [-122.05921191943574, 37.08501948487447], [-122.05920626924488, 37.08501352247223], [-122.05920006205818, 37.08500792964032], [-122.05917957795276, 37.084985356251075], [-122.05915850998548, 37.084963124092], [-122.05915361705824, 37.084956747463984], [-122.05914812338632, 37.08495069345687], [-122.05913049821191, 37.08492661820895], [-122.05911225314723, 37.084902840639], [-122.05904365397339, 37.08480274016766], [-122.05904351095597, 37.08480250485004], [-122.05904334022017, 37.084802281932056], [-122.0590241800134, 37.08477068928014], [-122.05900499529842, 37.08473911454867], [-122.05900488188203, 37.084738869280116], [-122.05900473909098, 37.08473863387411], [-122.05898954015343, 37.08470569693714], [-122.05897430703229, 37.08467275945647], [-122.05897422409234, 37.08467250622701], [-122.05897411090113, 37.084672260960204], [-122.05896300381238, 37.08463825570343], [-122.05895188469661, 37.08460431398866], [-122.05895183331567, 37.08460405623221], [-122.05895175038256, 37.08460380246194], [-122.05894485375633, 37.08456907163858], [-122.05893794413021, 37.08453443725107], [-122.05893792440735, 37.08453417605011], [-122.05893787314571, 37.084533917753745], [-122.05893526458645, 37.08449889041496], [-122.05893261953977, 37.08446380230268], [-122.05893263189033, 37.08446354045482], [-122.0589326124994, 37.08446327970719], [-122.05893430002033, 37.084428253197814], [-122.0589359623469, 37.08439308938585], [-122.05893600673737, 37.08439282959504], [-122.05893601930063, 37.084392568740405], [-122.0589445949788, 37.08431439907952], [-122.05894462021415, 37.08431416888279], [-122.05895062550772, 37.084279206832065], [-122.05895660825865, 37.08424429309705], [-122.0589566417103, 37.08424418095834], [-122.05895666147163, 37.08424406591666], [-122.0589669593342, 37.08420959574654], [-122.05897714055682, 37.0841754679917], [-122.05897722103553, 37.0841752467966], [-122.05897722126944, 37.084175246077336], [-122.05897722161585, 37.08417524535896], [-122.05900525812629, 37.084098204161236], [-122.05905629212081, 37.0837494423561], [-122.05906074817273, 37.083728106136306], [-122.05906418458262, 37.083706649151516], [-122.05913748828108, 37.083377749672465], [-122.05914612973316, 37.083347609629584], [-122.0591543040321, 37.08331738853987], [-122.05915601350434, 37.083313135971196], [-122.05915726181728, 37.08330878221276], [-122.0591695490373, 37.0832794655825], [-122.05918138124393, 37.08325003221571], [-122.05928278316688, 37.083034632895355], [-122.05928715186921, 37.0830265744481], [-122.0592907661812, 37.08301828115192], [-122.05935186721472, 37.082897481599744], [-122.05935300615269, 37.08289551323925], [-122.05935391391287, 37.08289346994181], [-122.05937157494617, 37.0828634229638], [-122.0593890160552, 37.082833281484845], [-122.05939039037243, 37.08283141207132], [-122.05939154363222, 37.082829449953515], [-122.0594127965495, 37.082800933275124], [-122.05943384017995, 37.08277230784687], [-122.05943543637532, 37.08277055557133], [-122.05943682432908, 37.082768693206134], [-122.05946146855486, 37.08274197745451], [-122.05948590794344, 37.08271514784913], [-122.05948771039314, 37.08271352971394], [-122.0594893198818, 37.082711784934524], [-122.05949281531872, 37.08270868462796], [-122.05950380114452, 37.08266383350971], [-122.059570086971, 37.08224648082605], [-122.05957461449034, 37.082226042848276], [-122.05957810282044, 37.082205474219904], [-122.0596635051574, 37.08183809081853], [-122.05964007760184, 37.08177884624232], [-122.05952779219933, 37.08158263301446], [-122.05952192878385, 37.08157089891131], [-122.05951515227619, 37.08155948324149], [-122.05946095320928, 37.08145528286632], [-122.05944856877998, 37.081427738638055], [-122.05943560524767, 37.081400371086524], [-122.05943360833913, 37.081394464979496], [-122.05943101950587, 37.0813887072351], [-122.05942206527429, 37.08136032576901], [-122.05941251131333, 37.08133206925665], [-122.05937724893522, 37.08120297956967], [-122.05933078286999, 37.08110681197095], [-122.05904916481916, 37.0805424124368], [-122.0590486131861, 37.08054201387904], [-122.0590321811268, 37.080531310203696], [-122.05901583544173, 37.08051833370739], [-122.05899874741725, 37.080505988606475], [-122.05898448636592, 37.08049344653434], [-122.05896944231087, 37.080481503445554], [-122.0589547626316, 37.08046730560673], [-122.05893926733984, 37.08045367809818], [-122.05892660920418, 37.080440076346115], [-122.05891309876807, 37.08042700938887], [-122.05890022695259, 37.08041172744661], [-122.05888647319401, 37.08039694833452], [-122.05887553944123, 37.08038241721914], [-122.05886369325128, 37.08036835290667], [-122.05885275347697, 37.080352134506064], [-122.05884087337593, 37.080336345639445], [-122.0588317700404, 37.08032102608138], [-122.05882170140974, 37.08030609899216], [-122.0587358026863, 37.08016229836681], [-122.05872127391598, 37.08013455658062], [-122.0587062360932, 37.080106986344376], [-122.05866141326528, 37.08001241238805], [-122.05859278841724, 37.07998955961452], [-122.05858345769423, 37.07998601264357], [-122.05857382276756, 37.0799830384387], [-122.05854358105722, 37.07997085422691], [-122.05851299360992, 37.07995922685018], [-122.05850414256666, 37.07995496463644], [-122.05849491700744, 37.07995124767867], [-122.05846630929554, 37.07993674594682], [-122.05843729386113, 37.07992277351655], [-122.05842900682345, 37.07991783675249], [-122.05842028052658, 37.07991341318131], [-122.05839358520572, 37.07989673504814], [-122.05836641824865, 37.07988055082566], [-122.05835877518233, 37.07987498701989], [-122.05835063188734, 37.079869899416124], [-122.05832610450864, 37.07985120429812], [-122.05830104937182, 37.07983296532802], [-122.0582941239758, 37.07982682833939], [-122.05828664205751, 37.079821125461024], [-122.05826452124019, 37.079800595355735], [-122.05824181664518, 37.07978047534344], [-122.05823567457952, 37.07977382311347], [-122.0582289272597, 37.079767560978965], [-122.0582094251048, 37.07974539326759], [-122.0581892906193, 37.0797235862283], [-122.05818399227626, 37.07971648413824], [-122.05817804317513, 37.079709721844694], [-122.05816134595727, 37.079686127945386], [-122.05814397718355, 37.07966284609236], [-122.05813957346865, 37.0796553624227], [-122.05813447994296, 37.07964816514695], [-122.05812074887233, 37.07962337259389], [-122.05810631257815, 37.07959883980962], [-122.0581028456865, 37.079591046647586], [-122.05809865705311, 37.07958348373909], [-122.05805575784159, 37.0794944834763], [-122.0580520596573, 37.07948552612387], [-122.05804756675064, 37.079476805475906], [-122.05803819746048, 37.079451950025316], [-122.05802802045059, 37.079427300167104], [-122.05802543595618, 37.0794180957528], [-122.05802203143124, 37.07940906402289], [-122.05801574796205, 37.07938359272762], [-122.05800863541285, 37.07935826204485], [-122.05800718938788, 37.07934889892274], [-122.05800490613824, 37.07933964335764], [-122.05800176911329, 37.07931380233138], [-122.05799778944788, 37.07928803393484], [-122.05799749574548, 37.07927860154379], [-122.0579963559431, 37.07926921209919], [-122.05799639524595, 37.07924324955444], [-122.05799558711541, 37.07921729226704], [-122.05799644875373, 37.07920788284409], [-122.05799646299498, 37.07919844848205], [-122.05800506459116, 37.07906154857649], [-122.05800781123487, 37.07903947921682], [-122.0580095463938, 37.079017344313755], [-122.05801219035736, 37.07900429198786], [-122.05801382794563, 37.07899113404707], [-122.05801926108555, 37.07896938673125], [-122.05802369575798, 37.078947494652446], [-122.05802792365499, 37.07893471324719], [-122.05803116303431, 37.07892174686573], [-122.05803923092549, 37.07890052967494], [-122.0580463219792, 37.078879092536006], [-122.0580520929073, 37.078866705127034], [-122.05805690305317, 37.07885405517164], [-122.05806752731011, 37.078833574442534], [-122.05807720695718, 37.07881279677135], [-122.0581287078548, 37.07871689715937], [-122.05813549048514, 37.07870580100996], [-122.05814137567464, 37.078694378548086], [-122.05815490437243, 37.078674040672226], [-122.05816755422585, 37.07865334607318], [-122.05817566207111, 37.078642835356725], [-122.05818141150408, 37.078634192265085], [-122.0579434308465, 37.078384106591265], [-122.05792821230901, 37.07836637221779], [-122.05791215416912, 37.078349120811964], [-122.05724109219967, 37.077549071819604], [-122.05527513974143, 37.07526910170615], [-122.05477375781352, 37.07569798070309], [-122.05453432228386, 37.075961412271745], [-122.05450728604342, 37.07599535312554], [-122.05450725341117, 37.075995390002966], [-122.05450722455983, 37.07599543042599], [-122.05442169883233, 37.07610276763684], [-122.05431346028348, 37.076265731540815], [-122.0541631678343, 37.076518870003454], [-122.05415262966787, 37.07653458195907], [-122.05414305917434, 37.076550686077134], [-122.05413173912008, 37.0765657290876], [-122.05412136083532, 37.07658120281403], [-122.05410895086476, 37.07659601214083], [-122.0540974568137, 37.076611286410795], [-122.05408435152664, 37.07662536753896], [-122.05407212984385, 37.0766399521127], [-122.05405796831297, 37.07665371509321], [-122.05404466085221, 37.07666801346356], [-122.05402989552802, 37.07668099795529], [-122.05401594908766, 37.07669455198964], [-122.05400017229877, 37.076707136392024], [-122.05398517958949, 37.07672032088714], [-122.05396889697134, 37.07673208332243], [-122.0539533595747, 37.07674447672895], [-122.0539361198975, 37.07675576108599], [-122.05391958593653, 37.076767705033895], [-122.05390194200167, 37.07677813244757], [-122.05388496408551, 37.07678924545631], [-122.05386642688862, 37.07679912156504], [-122.05384851151084, 37.07680970941724], [-122.05382967772913, 37.07681870059585], [-122.05381142137475, 37.07682842705094], [-122.05379176502677, 37.076836799882564], [-122.05377264083764, 37.07684592962349], [-122.0537527973797, 37.07685339847669], [-122.05373343948378, 37.076861644148956], [-122.05371285354003, 37.07686843291621], [-122.05369270467017, 37.07687601668434], [-122.05367204334657, 37.07688189109648], [-122.05365176973253, 37.07688857679156], [-122.05363045278406, 37.076893716013316], [-122.05360947274079, 37.07689968098557], [-122.05358819169344, 37.07690390448617], [-122.0535671983532, 37.07690896569394], [-122.05354535565544, 37.07691240589745], [-122.05352374664415, 37.07691669455425], [-122.05350205124512, 37.07691922641534], [-122.05348054004959, 37.07692261444754], [-122.05345838160311, 37.07692432269408], [-122.05343635215594, 37.07692689352163], [-122.05341445252556, 37.0769277092789], [-122.05339262942032, 37.07692939161534], [-122.05337036682195, 37.076929351384955], [-122.05334813077609, 37.076930179588246], [-122.05332623750157, 37.07692927154769], [-122.05330431306885, 37.076929231840836], [-122.05328216378156, 37.07692744342701], [-122.05325993228676, 37.07692652131674], [-122.05323825429127, 37.07692389799683], [-122.053216441491, 37.07692213677489], [-122.05319461815272, 37.07691861755975], [-122.05317260598041, 37.076915953791485], [-122.0530024045428, 37.07688845353875], [-122.0529773939173, 37.0768833776299], [-122.0529521445817, 37.07687912404733], [-122.05293461215453, 37.0768746951054], [-122.0529167915284, 37.07687107845222], [-122.0528925209917, 37.07686406231879], [-122.0528679149318, 37.076857846555775], [-122.0528140567984, 37.07684187390751], [-122.05274419977059, 37.07688289797331], [-122.05274299258917, 37.076883536436114], [-122.0527418656341, 37.076884264147026], [-122.05270613755087, 37.07690302728593], [-122.05267049103422, 37.07692187904183], [-122.05266921092986, 37.07692241984089], [-122.05266800108562, 37.07692305521689], [-122.05263015535219, 37.076938919650246], [-122.05259236866635, 37.07695488342634], [-122.05259102898349, 37.07695532098933], [-122.05258974678226, 37.076955858435596], [-122.05255014076069, 37.07696867476818], [-122.05251058497694, 37.0769815934368], [-122.05250919780364, 37.07698192371373], [-122.05250785636265, 37.07698235783642], [-122.0524668894501, 37.07699199810234], [-122.05242592752705, 37.0770017518798], [-122.05242450583896, 37.077001971819385], [-122.05242311860067, 37.07700229821877], [-122.05238117147383, 37.07700867441577], [-122.05233921178599, 37.07701516443413], [-122.05233777080187, 37.07701527154381], [-122.052336349499, 37.07701548760937], [-122.05229381419123, 37.07701853940972], [-122.05225127277596, 37.07702170201784], [-122.05224982544355, 37.07702169549966], [-122.05224838473131, 37.07702179882457], [-122.0522056743974, 37.07702149536585], [-122.0521629574095, 37.077021301718894], [-122.05216151857871, 37.077021181601395], [-122.05216007151847, 37.07702117129844], [-122.05211759148868, 37.07701751383683], [-122.05207511638243, 37.077013967271235], [-122.0520736993138, 37.07701373474211], [-122.0520722603055, 37.07701361083625], [-122.05203042248019, 37.07700663313192], [-122.05198859550559, 37.076999769436206], [-122.05198721423238, 37.076999426861164], [-122.0519857967626, 37.07699919045176], [-122.0519450242834, 37.0769889630428], [-122.05190422817924, 37.07697884495075], [-122.05190289425435, 37.076978395126396], [-122.05190151381535, 37.07697804886129], [-122.05186220008505, 37.07696467242622], [-122.05182282685874, 37.07695139519706], [-122.05182155484643, 37.07695084301734], [-122.05182022287748, 37.07695038978238], [-122.05178272895307, 37.07693398763764], [-122.05174517553489, 37.076917684699936], [-122.05174397707233, 37.07691703521572], [-122.05174270712864, 37.076916479626405], [-122.05170740694938, 37.076897215484635], [-122.05167202200947, 37.07687803800006], [-122.05167090849658, 37.07687729725186], [-122.05166971288456, 37.076876644815094], [-122.05163693451978, 37.07685469788748], [-122.05160407084072, 37.07683283698302], [-122.05160305387969, 37.076832012815785], [-122.05160194321626, 37.076831269205265], [-122.05157200654563, 37.07680685280088], [-122.05154197630424, 37.07678251694666], [-122.05154106458154, 37.076781616460906], [-122.05154005080522, 37.07678078961443], [-122.05151325382991, 37.07675414823627], [-122.05148633659402, 37.07672756249799], [-122.05148553933606, 37.07672659460137], [-122.05148463168783, 37.076725692254826], [-122.05146121487564, 37.076697064898035], [-122.05143768746798, 37.07666850290472], [-122.05143701298314, 37.07666747793973], [-122.0514362194666, 37.07666650781918], [-122.05141641345121, 37.07663617315167], [-122.05139649736165, 37.07660590700796], [-122.05139595127991, 37.07660483358303], [-122.05139528053863, 37.076603806213974], [-122.05137928566701, 37.07657207177621], [-122.0513631630712, 37.07654037759859], [-122.05136275088643, 37.07653926621401], [-122.05136220909924, 37.0765381912909], [-122.05135017320927, 37.07650535320587], [-122.05133800555036, 37.07647254570451], [-122.0513377312861, 37.07647140747973], [-122.05133732361502, 37.07647029504949], [-122.05132936299971, 37.07643667100089], [-122.05132126705958, 37.07640306470835], [-122.0513211333974, 37.0764019101211], [-122.05132086375346, 37.076400771302254], [-122.05131705552, 37.07636669082854], [-122.05131310866292, 37.07633260365701], [-122.05131311681191, 37.07633144398446], [-122.05131298787218, 37.076330289615235], [-122.05131336712851, 37.07629606713506], [-122.05131360918061, 37.07626184112342], [-122.05131375910463, 37.07626068826373], [-122.05131377197577, 37.0762595288092], [-122.05131833512684, 37.07622550610368], [-122.05132276347123, 37.07619145870286], [-122.05132305392374, 37.076190322381116], [-122.05132320845043, 37.076189170279335], [-122.05133191023043, 37.076155674823674], [-122.05134048353179, 37.076122134080855], [-122.05134091143613, 37.076121026441285], [-122.05134120625709, 37.07611989159667], [-122.05135396582232, 37.07608723516676], [-122.05136659868641, 37.07605453499557], [-122.05136716009088, 37.07605346619224], [-122.05136759224985, 37.07605236011896], [-122.0513842862673, 37.07602086082038], [-122.05140085724781, 37.07598931240049], [-122.05140154639302, 37.07598829320401], [-122.05140211205187, 37.07598722596691], [-122.05142258322229, 37.075957183334545], [-122.05144292951786, 37.07592709444951], [-122.05144374010005, 37.07592613418386], [-122.05144443349836, 37.075925116643646], [-122.05146848388877, 37.075896823126385], [-122.05149241011577, 37.075868480296094], [-122.0514933339134, 37.07586758872063], [-122.05149414874859, 37.07586663011116], [-122.0516166326828, 37.07573672725945], [-122.05215384086503, 37.075161216923306], [-122.05216511809817, 37.075150296749314], [-122.0521755741937, 37.07513886333635], [-122.05219325303813, 37.07512305249764], [-122.05221014239653, 37.075106697753604], [-122.05222270141962, 37.07509671562574], [-122.05223450554443, 37.07508615868212], [-122.05225403278078, 37.07507181277332], [-122.05227284192677, 37.075056862865495], [-122.05228656150655, 37.075047915164006], [-122.05229960023946, 37.075038336090024], [-122.05232078876304, 37.07502559260865], [-122.05234133567755, 37.075012192196176], [-122.05235608345785, 37.075004365206986], [-122.0523702313438, 37.074995856202754], [-122.05239287679468, 37.074984838176384], [-122.05241496402235, 37.074973115930675], [-122.05243059844872, 37.07496648486934], [-122.0524457187971, 37.074959128039865], [-122.05246960274003, 37.07494994161797], [-122.0524930177231, 37.07494001049588], [-122.05250938815959, 37.07493463914808], [-122.05252533553366, 37.07492850535137], [-122.0525330460049, 37.074926254593095], [-122.05253053231068, 37.0748986770754], [-122.05253093155571, 37.07488601986545], [-122.05244388052824, 37.074913092951114], [-122.05240505075797, 37.074948183843446], [-122.05234026582016, 37.0749962756936], [-122.05226990993947, 37.07503904783193], [-122.05219466041416, 37.07507608831429], [-122.05211524223292, 37.07510704047385], [-122.05203242004643, 37.07513160619258], [-122.0519469916055, 37.07514954882372], [-122.05185977963086, 37.07516069556085], [-122.05177162402833, 37.07516493917879], [-122.05168337377978, 37.075162238689835], [-122.05159587883178, 37.07515262018058], [-122.05150998188975, 37.075136176205206], [-122.0514265100998, 37.0751130651782], [-122.05134626753133, 37.07508350969134], [-122.0512700267656, 37.07504779437304], [-122.05119852217837, 37.075006263220146], [-122.0511324424457, 37.074959316112334], [-122.05107242383812, 37.074907405242534], [-122.05101904442647, 37.074851030653285], [-122.05097281829677, 37.07479073505202], [-122.05093419054371, 37.07472709935376], [-122.05090353330164, 37.074660736248966], [-122.05088114164843, 37.07459228494238], [-122.05086723121259, 37.07452240464343], [-122.05086193600214, 37.074451768329055], [-122.05086530702428, 37.074381056242494], [-122.0508773118051, 37.074310949399205], [-122.05089783447256, 37.07424212300752], [-122.05092667764065, 37.07417523981341], [-122.05096356338548, 37.07411094406916], [-122.05100813647995, 37.074049854799114], [-122.05105996772397, 37.07399256041823], [-122.05118406810809, 37.07386866113081], [-122.05118569828429, 37.073867187947776], [-122.05118715181787, 37.07386559950507], [-122.05121498592547, 37.07384072059327], [-122.05124265793411, 37.07381571337108], [-122.05124446170153, 37.073814374441874], [-122.05124610145688, 37.07381290872608], [-122.0512768398163, 37.07379033933674], [-122.05130744253125, 37.073767622106686], [-122.05130940070175, 37.07376643160976], [-122.0513112124578, 37.073765101396845], [-122.05133061238907, 37.07375220145109], [-122.05134067169378, 37.0737461550225], [-122.05135017526348, 37.0737395587122], [-122.05137597621193, 37.07372493429454], [-122.05140125791266, 37.07370973810802], [-122.0514120070449, 37.07370451151326], [-122.05142227296666, 37.07369869262042], [-122.05144973923335, 37.0736861648159], [-122.05147675748064, 37.07367302759253], [-122.05148809537259, 37.07366866995948], [-122.05149902247514, 37.07366368590392], [-122.05152788751633, 37.073653376069345], [-122.05155638403649, 37.07364242355874], [-122.05156819968971, 37.073638977536156], [-122.05157968456831, 37.073634875444114], [-122.05212870890634, 37.07346412735861], [-122.0523019919368, 37.07340783319833], [-122.05244699892641, 37.07334401209882], [-122.05257862784913, 37.07327418520673], [-122.05273933872496, 37.07316429246014], [-122.05275198839841, 37.07315646867072], [-122.05276400141166, 37.07314802549252], [-122.05277176219927, 37.07314308913346], [-122.05279771820597, 37.073115743491385], [-122.052857812054, 37.073063889687425], [-122.05292395959489, 37.07301700537426], [-122.0529955234561, 37.07297554192058], [-122.05307181472, 37.07293989872437], [-122.05315209859907, 37.07291041911215], [-122.05323560179036, 37.07288738688275], [-122.0533215202663, 37.072871023935974], [-122.05340902661756, 37.07286148771751], [-122.05349727816521, 37.072858870112015], [-122.05358542484682, 37.07286319642455], [-122.05360304072752, 37.072865464922266], [-122.05368172104306, 37.072711543357606], [-122.05389549371583, 37.07225949298641], [-122.05393080049839, 37.07219463076505], [-122.05397387121653, 37.07213285392961], [-122.05402429124719, 37.07207475733241], [-122.05408157497929, 37.07202090046498], [-122.05414517060544, 37.07197180208835], [-122.05421446569957, 37.07192793495969], [-122.05428879311978, 37.07188972155315], [-122.05436743679586, 37.071857529960006], [-122.0544496395394, 37.071831669985244], [-122.05453460959585, 37.07181239085651], [-122.05462152878046, 37.071799878224496], [-122.05470955992325, 37.07179425241977], [-122.05479785542433, 37.07179556789013], [-122.05488556480793, 37.0718038117285], [-122.05497184348349, 37.071818904644154], [-122.05505586050234, 37.07184070129477], [-122.05513680686349, 37.0718689917046], [-122.05521390290832, 37.071903503576536], [-122.05528640628032, 37.07194390442843], [-122.05535361874212, 37.0719898051625], [-122.0554148928781, 37.07204076381392], [-122.05546963868032, 37.07209628965923], [-122.05547145418687, 37.07209855707205], [-122.05564654366384, 37.070912060225766], [-122.05564654379643, 37.07091205860429], [-122.05575870685583, 37.07015168203324], [-122.05593060650695, 37.06889531541269], [-122.05593378952933, 37.06887933659432], [-122.05593590567854, 37.06886324336967], [-122.05594074538232, 37.06884441705844], [-122.05594452635789, 37.06882543629346], [-122.05594964853894, 37.068809784071924], [-122.05595372298006, 37.06879393493815], [-122.05604994095226, 37.06849477985865], [-122.05604805643866, 37.06849119694401], [-122.0560346914916, 37.068467533602146], [-122.05603091472179, 37.0684586057465], [-122.05602634653084, 37.068449920287954], [-122.05601674728393, 37.068425115185846], [-122.05600634099116, 37.06840051575884], [-122.05600367446159, 37.0683913343414], [-122.05600019063885, 37.0683823318368], [-122.05597629144512, 37.06830783165727], [-122.05597012265095, 37.0682837584779], [-122.05596305537173, 37.06825984454508], [-122.05596124591843, 37.068249117559176], [-122.05595852874436, 37.068238514231524], [-122.05595533416701, 37.0682140721646], [-122.05595122600799, 37.06818971855456], [-122.055950737361, 37.06817890148505], [-122.05594933019565, 37.06816813542519], [-122.05594914065708, 37.0681435597115], [-122.05594803122098, 37.06811900110382], [-122.05594993262004, 37.068000901080815], [-122.05595071429408, 37.067990808570606], [-122.05595061139397, 37.06798069676073], [-122.05595344806511, 37.06795551244103], [-122.05595540296406, 37.067930273238595], [-122.0559574154454, 37.067920290399556], [-122.05595854983028, 37.06791021944558], [-122.05596445355047, 37.067885378271356], [-122.05596948600237, 37.067860415143635], [-122.05597270963874, 37.06785063889964], [-122.05597507055072, 37.06784070507513], [-122.05597673827, 37.067836166644966], [-122.0559736013004, 37.06765196731667], [-122.05596517692412, 37.067478771822216], [-122.05595935706407, 37.06747097572353], [-122.05595582193446, 37.06746497284409], [-122.05595170054484, 37.06745921408444], [-122.05593698503213, 37.067432986496385], [-122.05592166971644, 37.06740698020315], [-122.05591888548584, 37.067400727752805], [-122.05591548878985, 37.067394673783], [-122.05590405271711, 37.06736741819776], [-122.05589199160322, 37.06734033268784], [-122.05579930077283, 37.06709471450421], [-122.05579919415185, 37.06709443205841], [-122.05578857652623, 37.067060340727316], [-122.05577788258482, 37.06702606373041], [-122.05577785549373, 37.06702591712756], [-122.05577781103369, 37.06702577426243], [-122.05577140890533, 37.066990982929376], [-122.05576496464273, 37.0669560611885], [-122.05576495567435, 37.06695591355808], [-122.05576492880154, 37.06695576749781], [-122.05576281243232, 37.06692063241559], [-122.05576067107154, 37.06688538112412], [-122.05576068021695, 37.066885233187215], [-122.0557606713555, 37.06688508600835], [-122.05576286163733, 37.06684997159917], [-122.05576504346537, 37.066814704155014], [-122.0557870455272, 37.06663650433943], [-122.05579344679727, 37.0666020286494], [-122.05579979274742, 37.06656751438926], [-122.05579994761695, 37.06656701696815], [-122.05580004151217, 37.06656651112933], [-122.05581063087762, 37.066532697503], [-122.05582116581675, 37.066498854597455], [-122.05582138033478, 37.06649837270447], [-122.05582153598685, 37.06649787565013], [-122.05583621912446, 37.06646503675094], [-122.05585083377989, 37.066432204245324], [-122.0558511064439, 37.06643174111354], [-122.05585132197602, 37.0664312590483], [-122.05586995347625, 37.06639972732365], [-122.05588851116634, 37.06636820510396], [-122.05588883887357, 37.066367766026886], [-122.05588911255049, 37.06636730281293], [-122.05591152023761, 37.066337374170146], [-122.05593383498486, 37.06630747362788], [-122.05593421476402, 37.066307062367656], [-122.05593454382485, 37.066306622940644], [-122.05596049105682, 37.06627861269439], [-122.05598636862737, 37.06625059458647], [-122.05598679728338, 37.06625021481332], [-122.05598717818556, 37.066249803652006], [-122.0560164416153, 37.06622395294723], [-122.05604560643448, 37.06619811578248], [-122.05604607862304, 37.06619777214112], [-122.05604650874282, 37.06619739219914], [-122.05607879650165, 37.06617396209712], [-122.05611097758786, 37.06615054258498], [-122.05611149035788, 37.06615023721522], [-122.05611196412269, 37.06614989340585], [-122.05614692338641, 37.066129135288655], [-122.05618185280541, 37.066108333205634], [-122.05618240082946, 37.066108069400144], [-122.05618291404099, 37.066107764664544], [-122.05622024514896, 37.06608985173567], [-122.05625754934808, 37.066071894051674], [-122.05644154830823, 37.06599289469889], [-122.05645032379464, 37.06598956019367], [-122.05645875600885, 37.06598569690056], [-122.05646547919947, 37.06598328316298], [-122.05597670456943, 37.06502914105036], [-122.05597593002946, 37.06502738878533], [-122.05597495559043, 37.06502570163285], [-122.05541974595701, 37.063925747229966], [-122.05522743927963, 37.063548503075396], [-122.05521362248248, 37.06351707543091], [-122.05519958271697, 37.06348571496576], [-122.0551198849207, 37.06327581446462], [-122.05511375016006, 37.06325625858909], [-122.05510659094085, 37.06323692981756], [-122.05510299275757, 37.06322196640675], [-122.05509835615052, 37.06320718609068], [-122.05509464292331, 37.063187242792836], [-122.05508988207296, 37.0631674444773], [-122.05504808472205, 37.062931944212146], [-122.05504641824011, 37.062917499709776], [-122.0550437106258, 37.06290315769511], [-122.05504235576512, 37.062882288876764], [-122.0550399551157, 37.06286148086431], [-122.05504006328057, 37.06284697586375], [-122.05503912280561, 37.06283248946089], [-122.05503822570464, 37.062583989530324], [-122.05503940800718, 37.06256349273971], [-122.05503953406082, 37.06254297536544], [-122.05506881117483, 37.0621089950284], [-122.05506493469764, 37.06210465680884], [-122.05502080968174, 37.06204336210531], [-122.0549843938712, 37.06197889647574], [-122.05495603790081, 37.06191188072027], [-122.05493601504949, 37.061842960260584], [-122.05492451805809, 37.06177279880464], [-122.05492165752054, 37.06170207211385], [-122.05492746106795, 37.06163146132613], [-122.05494187266419, 37.061561646370144], [-122.05496475358508, 37.0614932996633], [-122.05499588351536, 37.061427079360136], [-122.05503496253662, 37.06136362332903], [-122.0550816142474, 37.06130354250707], [-122.05523751519667, 37.06112314353131], [-122.05524215492048, 37.06111830093816], [-122.05524628958536, 37.06111317155305], [-122.05526903550347, 37.06109024452068], [-122.05529129013442, 37.061067016559726], [-122.05529649968001, 37.061062561777845], [-122.055301241872, 37.06105778183441], [-122.0553266812922, 37.06103675286661], [-122.05535167062436, 37.06101538399651], [-122.05535740065221, 37.061011359358474], [-122.05536270401565, 37.06100697544964], [-122.05554060379593, 37.06087367641464], [-122.05557228992765, 37.06085216945092], [-122.05560382303086, 37.06083051180808], [-122.05571893276387, 37.060758994701075], [-122.05586703278672, 37.060629426525885], [-122.05587693123584, 37.06062157722908], [-122.05588614906685, 37.06061321304292], [-122.05590829726428, 37.06059670486306], [-122.05592979868868, 37.060579654747656], [-122.05594060942626, 37.060572620901404], [-122.05595080586566, 37.060565020953504], [-122.05709172807832, 37.05979473193781], [-122.05724306830234, 37.05968356829569], [-122.0573663498195, 37.05957896650316], [-122.05777082852183, 37.059189326347244], [-122.05777557820662, 37.05918518256959], [-122.05777988610596, 37.05918073800073], [-122.05778084702969, 37.05917984116852], [-122.05783188816406, 37.05912444477259], [-122.05788433377936, 37.05906156274253], [-122.05791240687677, 37.05902247356442], [-122.05814248547516, 37.05864601338482], [-122.05814500460416, 37.05864235738608], [-122.058147119928, 37.058638540075414], [-122.05847621522773, 37.05811547151646], [-122.05842095750734, 37.05811491960187], [-122.0583332024526, 37.0581071064358], [-122.05824682557876, 37.05809243709745], [-122.05816265868464, 37.05807105295371], [-122.05808151241095, 37.058043159926235], [-122.05800416827614, 37.05800902671529], [-122.05793137117622, 37.057968981855375], [-122.0578638221045, 37.057923411223285], [-122.05780217168297, 37.05787275356933], [-122.0577470135728, 37.057817496768976], [-122.05769887902173, 37.057758173091635], [-122.0576582315332, 37.057695353749594], [-122.0576254626558, 37.05762964381622], [-122.05760088778624, 37.05756167606282], [-122.05758474376852, 37.05749210508005], [-122.05757718593775, 37.05742160085434], [-122.05757828696223, 37.057350842448656], [-122.05758803647815, 37.0572805112391], [-122.05760634026947, 37.05721128459855], [-122.05763302226411, 37.05714382915212], [-122.05766782539934, 37.05707879456462], [-122.05771041451321, 37.05701680716381], [-122.05817592676094, 37.05641158253869], [-122.05817419528745, 37.056404905186525], [-122.058172289905, 37.05639065090158], [-122.05817038032835, 37.05639000250609], [-122.05815662873485, 37.05638616657036], [-122.05812975384973, 37.056376207060296], [-122.05810249071472, 37.05636694935673], [-122.05808970468709, 37.056361365331796], [-122.05807648830955, 37.05635646745989], [-122.05805096068373, 37.05634444459705], [-122.05802496121166, 37.05633308979578], [-122.05801291989928, 37.05632652833831], [-122.05800036592144, 37.056320615693025], [-122.05797643166981, 37.05630664537155], [-122.05795194599389, 37.056293302728285], [-122.05794076502526, 37.05628582677431], [-122.0579289946587, 37.05627895647687], [-122.05790688380947, 37.056263172942295], [-122.05788414832345, 37.05624797125453], [-122.0578739356746, 37.05623965314419], [-122.05786306203625, 37.05623189108542], [-122.05784298741862, 37.056214445934145], [-122.05782222108448, 37.056197531979414], [-122.05781307529736, 37.05618845200047], [-122.05780320284848, 37.05617987274616], [-122.05775630305536, 37.05613487250223], [-122.05774001235352, 37.05611758331551], [-122.05772291199627, 37.056100803747015], [-122.05768101218158, 37.05605530352174], [-122.0576602465868, 37.0560302695464], [-122.0576390225358, 37.05600548512882], [-122.05763581355268, 37.05600081426735], [-122.05763213047562, 37.05599637409381], [-122.05761452817184, 37.05596983195761], [-122.05759643565607, 37.05594349703232], [-122.05759381323136, 37.05593859619499], [-122.05759069108555, 37.05593388843375], [-122.05757641889197, 37.05590608996463], [-122.05756163489812, 37.055878461758475], [-122.05755962463898, 37.055873379193955], [-122.05755709301667, 37.05586844815917], [-122.05754628832686, 37.0558396599141], [-122.05753495529872, 37.05581100583531], [-122.05753357639857, 37.055805790011604], [-122.05753165989789, 37.05580068367338], [-122.05752442767496, 37.055771184390466], [-122.05751665377774, 37.05574177887571], [-122.05751591944839, 37.05573647992585], [-122.05751463657901, 37.05573124746782], [-122.05751104704905, 37.05570132363094], [-122.05750690651594, 37.055671447426796], [-122.05749100893186, 37.05546464739981], [-122.05749066897926, 37.0554427582363], [-122.05748930646533, 37.055420897094244], [-122.05749011986632, 37.05540740039246], [-122.05748990999841, 37.05539388889004], [-122.05749224847386, 37.0553720797787], [-122.05749356608999, 37.05535021559317], [-122.05749602609815, 37.05533684798433], [-122.0574974696855, 37.0553233847736], [-122.05750246433216, 37.05530186331009], [-122.05750644931558, 37.05528020898024], [-122.0575105321796, 37.05526709908533], [-122.05751361535138, 37.055253814127816], [-122.05752121745888, 37.05523278986036], [-122.05752783182497, 37.055211551594326], [-122.05753349865134, 37.05519882475882], [-122.05753819135673, 37.055185846805415], [-122.05754832756544, 37.05516552178462], [-122.05755750781505, 37.05514490459572], [-122.05756470410728, 37.055132683787335], [-122.05757096105215, 37.05512013741129], [-122.05758353379328, 37.05510070700483], [-122.05759519142303, 37.0550809098482], [-122.05760384744717, 37.05506931340634], [-122.05761160877232, 37.055057318738186], [-122.05762649810646, 37.05503896849068], [-122.05764051984293, 37.055020183544094], [-122.05765055154397, 37.055009323835094], [-122.05765974306027, 37.05499799575331], [-122.05767680530691, 37.05498090308822], [-122.05769305631912, 37.054963310639735], [-122.05770436839869, 37.05495329074623], [-122.05771490045035, 37.0549427398599], [-122.05773396957663, 37.05492707093573], [-122.05775229494584, 37.05491083876449], [-122.05776477812431, 37.054901755618616], [-122.05777654958955, 37.054892083071095], [-122.05779744369043, 37.054877987154256], [-122.05781766533948, 37.05486327330059], [-122.05783119875217, 37.05485521490882], [-122.05784409691961, 37.054846513278264], [-122.05786661457257, 37.05483412650006], [-122.05788853787516, 37.05482107228723], [-122.05790299190924, 37.054814115679676], [-122.05791689179773, 37.05480646942447], [-122.05794081502657, 37.054795911559786], [-122.05796423003873, 37.05478464205457], [-122.05797946496823, 37.05477885453628], [-122.05799423318794, 37.054772336960944], [-122.05801933401864, 37.054763708776264], [-122.05804401288205, 37.05475433357973], [-122.05805988136389, 37.054749770947744], [-122.05807537644824, 37.05474444465643], [-122.05810141114668, 37.05473783002746], [-122.05812711804363, 37.05473043857674], [-122.05813130242296, 37.05472959554856], [-122.05858714950243, 37.05436338292143], [-122.05870479676821, 37.05425288405496], [-122.05875677577373, 37.054098985285584], [-122.05875850163201, 37.054094717684876], [-122.05868761990686, 37.05408783615479], [-122.05860143298405, 37.05407248191208], [-122.05851753900284, 37.05405043072751], [-122.05843674567173, 37.054021894897026], [-122.05835983113114, 37.05398714931147], [-122.0582875363402, 37.05394652860149], [-122.0582205572433, 37.05390042392002], [-122.05815953907808, 37.053849279381275], [-122.0581288390927, 37.053820879196174], [-122.05812127492358, 37.05381314532958], [-122.0581130458245, 37.053805860489106], [-122.05809405334738, 37.0537853128733], [-122.05807436951599, 37.053765187299426], [-122.05806778742743, 37.053756896229224], [-122.05806048900581, 37.05374900014345], [-122.05804410047261, 37.05372705889771], [-122.05802697302157, 37.05370548433123], [-122.0580214369099, 37.05369671652029], [-122.05801513885974, 37.05368828465027], [-122.05800151269435, 37.053665161873376], [-122.05798710595735, 37.053642345412094], [-122.0579826685452, 37.053633184479516], [-122.05797743226823, 37.05362429889074], [-122.05796669987491, 37.05360021791439], [-122.05795515239534, 37.053576378529755], [-122.05795185656328, 37.053566912703616], [-122.0579477322843, 37.053557658888124], [-122.05793999619317, 37.05353284966496], [-122.05793142004055, 37.05350821891768], [-122.05792929781752, 37.05349854084664], [-122.05792632482382, 37.05348900655313], [-122.05792166010502, 37.05346370954386], [-122.05791613726818, 37.05343852317204], [-122.05791520878496, 37.05342872360731], [-122.05791341627493, 37.05341900299416], [-122.05791186759865, 37.05339346139209], [-122.0579094515224, 37.053367962388215], [-122.05790972580891, 37.05335813848267], [-122.05790913064972, 37.05334832245524], [-122.05791071309385, 37.0533227805701], [-122.05791142691812, 37.05329721610216], [-122.05791290136258, 37.05328746058923], [-122.05791350944433, 37.053277645554104], [-122.05791820755168, 37.05325235232003], [-122.05792204443598, 37.05322696571169], [-122.05792470482398, 37.05321737285492], [-122.05792651025598, 37.053207652961525], [-122.05793191046989, 37.05318595296919], [-122.05793215997784, 37.053185156399344], [-122.05793231306366, 37.05318434491176], [-122.0579429029873, 37.053150858216725], [-122.0579534081925, 37.053117318836875], [-122.05795375401954, 37.05311654547677], [-122.05795400553667, 37.05311575009464], [-122.05796865049365, 37.053083232154755], [-122.0579831958082, 37.053050704046974], [-122.05798363379547, 37.05304996278738], [-122.05798398198003, 37.053049189716305], [-122.05800254038704, 37.053017966612984], [-122.05802098623354, 37.052986750094306], [-122.05802151316647, 37.052986046227865], [-122.05802195385296, 37.05298530489941], [-122.0580442244028, 37.05295571242498], [-122.05806641566652, 37.05292607298457], [-122.05806702651013, 37.052925413502145], [-122.05806755545296, 37.05292471073314], [-122.0580857555283, 37.05290301086889], [-122.05811070111758, 37.052876209266955], [-122.0581354626409, 37.05284930316794], [-122.05813589179293, 37.052848921676954], [-122.05813627263292, 37.052848509064624], [-122.0581374749943, 37.05284744323935], [-122.05813854751705, 37.05284629093034], [-122.05816664734617, 37.052821581002526], [-122.0581945831454, 37.052796746904555], [-122.0581950572965, 37.05279640065484], [-122.05819548643457, 37.05279602024522], [-122.05819681352342, 37.052795053932726], [-122.05819802157585, 37.052793991577325], [-122.05820551408317, 37.05278857919544], [-122.05821803229776, 37.052770075819964], [-122.05823235423257, 37.052747428508475], [-122.05823906509971, 37.052738986709294], [-122.05824501776273, 37.052730187974966], [-122.05826277371699, 37.0527091630412], [-122.05827979670636, 37.05268774937075], [-122.05828750776806, 37.05267987527892], [-122.05829450767237, 37.05267158666551], [-122.05831474955717, 37.05265205759259], [-122.0583343089791, 37.05263208465709], [-122.05834294540227, 37.05262485465695], [-122.05835092555056, 37.05261715549545], [-122.05837345861524, 37.0525993103889], [-122.05839536585181, 37.05258097057911], [-122.05840484502264, 37.052574453691854], [-122.0584137281284, 37.0525674187246], [-122.05843833533214, 37.052551429468096], [-122.05846237947064, 37.052534899313436], [-122.05852717928786, 37.05249459959934], [-122.05856188356735, 37.05247512540853], [-122.05859649609967, 37.052455538705516], [-122.05859804521538, 37.05245483348354], [-122.05859950407563, 37.05245401478], [-122.05863642850717, 37.0524373581185], [-122.05867326390867, 37.05242058761302], [-122.05867489098559, 37.05242000776262], [-122.05867644375287, 37.052419307255875], [-122.0587152308424, 37.05240563041959], [-122.0587539361522, 37.05239183564933], [-122.05886513535218, 37.052357336009095], [-122.05887464109284, 37.05235480916732], [-122.05888388217735, 37.05235171108034], [-122.05891652485931, 37.052343675527716], [-122.05894893503641, 37.05233506014307], [-122.05895870570022, 37.05233329194229], [-122.05896827951132, 37.05233093518655], [-122.05900174406767, 37.05232550333782], [-122.05903505538785, 37.05231947497864], [-122.05904499539339, 37.052318482868436], [-122.05905481112711, 37.052316889618666], [-122.05928810901575, 37.05228848985522], [-122.05929767495657, 37.05228770784879], [-122.05930713825573, 37.0522863397477], [-122.05934157293277, 37.05228411925655], [-122.05937594144035, 37.05228130970572], [-122.05938555743717, 37.05228128301278], [-122.0593951421585, 37.05228066493201], [-122.05961938694779, 37.052275056599505], [-122.05969653659741, 37.052269309036845], [-122.05971974472293, 37.05226849757686], [-122.05974288265529, 37.052266821472536], [-122.05976382141623, 37.052266956425996], [-122.05978474095133, 37.052266224976584], [-122.05980793822765, 37.052267240824484], [-122.0598311678957, 37.05226739049751], [-122.05993338056616, 37.052272075744206], [-122.05994135587906, 37.05226546370618], [-122.0599717797472, 37.05224019666608], [-122.0599720778059, 37.05223999341828], [-122.05997234970972, 37.052239767969034], [-122.06010554951884, 37.05213966866268], [-122.06011686795942, 37.052131963469535], [-122.06012753579918, 37.05212368406589], [-122.06015049549966, 37.052109070997496], [-122.06017284122574, 37.05209385876636], [-122.06018504702563, 37.05208708011635], [-122.06019667626447, 37.05207967844579], [-122.06020834746542, 37.05207364345092], [-122.06020382472668, 37.05206493947347], [-122.06017803308744, 37.05199726226532], [-122.06016064201357, 37.05192788476849], [-122.06015181868587, 37.05185747498757], [-122.06015164839816, 37.051786711093456], [-122.0601601325065, 37.05171627455636], [-122.06017718940875, 37.05164684375359], [-122.06020265485293, 37.05157908730177], [-122.06023628336654, 37.05151365766836], [-122.06027775136937, 37.05145118506702], [-122.06032665916358, 37.051392271164], [-122.06038253595572, 37.0513374831689], [-122.06044484363008, 37.05128734881725], [-122.06051298198952, 37.05124235091386], [-122.06058629488321, 37.051202922874886], [-122.0606640763344, 37.051169444269654], [-122.0607455772155, 37.05114223753892], [-122.06083001271027, 37.05112156471903], [-122.06091656965454, 37.051107624886384], [-122.06100441431747, 37.05110055232624], [-122.06109270096454, 37.05110041515858], [-122.0611805792881, 37.051107214585606], [-122.0612672030615, 37.051120885230745], [-122.06131697073651, 37.05113290126492], [-122.06132463011967, 37.05113049031828], [-122.06135639458155, 37.05112327841136], [-122.06138792509518, 37.05111543835092], [-122.06139884695804, 37.05111363984498], [-122.06140957468808, 37.05111120413356], [-122.06144206753426, 37.05110652252239], [-122.06147440568452, 37.051101197249395], [-122.06148549478402, 37.051100265404216], [-122.06149646873415, 37.05109868426875], [-122.06152937745294, 37.05109657789326], [-122.06156221121057, 37.05109381884163], [-122.061573360825, 37.05109376272802], [-122.06158447543608, 37.051093051287836], [-122.06161748377117, 37.051093540451], [-122.06165049635243, 37.05109337422933], [-122.06172771996621, 37.051096025182794], [-122.06184578912763, 37.051088117841104], [-122.06187868629628, 37.0510872136571], [-122.06191154489748, 37.051085651045554], [-122.06192278329544, 37.0510860017728], [-122.06193402407823, 37.05108569278191], [-122.061966873861, 37.05108737747534], [-122.06199976492391, 37.05108840383179], [-122.06201090655658, 37.05108963580724], [-122.0620221307171, 37.0510902114024], [-122.06205461618269, 37.05109446876628], [-122.06208722348663, 37.05109807410909], [-122.06209816031766, 37.05110017530139], [-122.0621092605258, 37.05110163003705], [-122.0621410689844, 37.05110841902015], [-122.06217307841017, 37.051114568776974], [-122.06218370666016, 37.0511175193466], [-122.06219457445738, 37.05111983893478], [-122.06222539757377, 37.05112909355235], [-122.06225650283389, 37.05113772896584], [-122.06226671871933, 37.05114150023975], [-122.06227725091699, 37.05114466250216], [-122.06230679535864, 37.05115629471433], [-122.06233669339981, 37.05116733172416], [-122.06234639874212, 37.0511718873218], [-122.062356493714, 37.05117586188995], [-122.06238447353286, 37.051189759197825], [-122.06241287776366, 37.0512030918802], [-122.0624219795338, 37.051208388160624], [-122.06243153968869, 37.05121313658553], [-122.06245768416366, 37.0512291644366], [-122.06248432242913, 37.051244665078414], [-122.06249273297345, 37.05125065105178], [-122.06250166609559, 37.051256127535616], [-122.06252572542623, 37.05127413270389], [-122.06255033911803, 37.051291650984105], [-122.06255797660705, 37.05129826840534], [-122.06256619753172, 37.05130442071607], [-122.0625879400402, 37.051324230198034], [-122.06258946217629, 37.051325548988245], [-122.06259732585282, 37.0513297966062], [-122.06260360952939, 37.05133286739786], [-122.0626041900526, 37.05133152348806], [-122.06260687298278, 37.051323390697924], [-122.06261862921347, 37.05129810156185], [-122.06262964520664, 37.05127260294864], [-122.06263403440482, 37.051264962915575], [-122.06263769885118, 37.051257080177045], [-122.06265249090869, 37.05123283667404], [-122.06266657211405, 37.05120832605562], [-122.06267187451905, 37.05120106758882], [-122.06267648524658, 37.051193510701], [-122.06269417149488, 37.0511705448116], [-122.06271118149421, 37.051147259708245], [-122.06271734529109, 37.0511404534278], [-122.06272285856451, 37.051133294426734], [-122.06274326870185, 37.051111828169546], [-122.06276304369904, 37.05108999200327], [-122.06277001074035, 37.051083702259504], [-122.0627763723882, 37.05107701138603], [-122.0627993080572, 37.05105725294664], [-122.06282165924667, 37.05103707451927], [-122.06282936186611, 37.05103136243236], [-122.06283651104812, 37.05102520356477], [-122.0628617511731, 37.05100734310147], [-122.06288646361322, 37.05098901676616], [-122.06296626350365, 37.05093541716231], [-122.06303663259496, 37.05089268206982], [-122.06311188871537, 37.05085568112885], [-122.0631913071862, 37.05082477061049], [-122.0632741232287, 37.0508002483303], [-122.0633595392012, 37.05078235037049], [-122.06344673249406, 37.050771249159574], [-122.06353486342553, 37.05076705146171], [-122.06362308345732, 37.050769797810645], [-122.06365520971488, 37.05077334763535], [-122.06387770640318, 37.05063112131192], [-122.06356350551953, 37.05052501631908], [-122.06353682744117, 37.05051474409577], [-122.06350974652479, 37.05050516853488], [-122.06349705776096, 37.05049943090793], [-122.0634839255217, 37.05049437439342], [-122.06345863046573, 37.05048205480954], [-122.06343285268561, 37.05047039853683], [-122.06327125195924, 37.05038869790076], [-122.06324471190828, 37.05037377240296], [-122.06321769702498, 37.05035940805826], [-122.06320859474987, 37.05035346111238], [-122.06319898044373, 37.0503480542086], [-122.06317439284504, 37.05033111514763], [-122.06314926522167, 37.05031469787506], [-122.06314093387486, 37.05030806428479], [-122.06313202725474, 37.05030192823169], [-122.06310963086528, 37.05028314001927], [-122.06308663058866, 37.050264826669235], [-122.06307914968981, 37.050257569621174], [-122.06307103729056, 37.05025076414522], [-122.06305104715635, 37.05023030786218], [-122.06303039619145, 37.050210274702586], [-122.06302383931246, 37.05020246544896], [-122.0630165976027, 37.050195054884455], [-122.06299920430924, 37.050173125209945], [-122.06298110369362, 37.05015156745312], [-122.06297553323114, 37.05014328058323], [-122.06296923273828, 37.05013533678928], [-122.06295460527458, 37.05011214689075], [-122.06293922768737, 37.05008927025158], [-122.06293469753726, 37.05008058569586], [-122.0629293987226, 37.05007218513936], [-122.06291767684976, 37.050047956246], [-122.06290517159785, 37.05002398302055], [-122.06290172548071, 37.05001498504582], [-122.06289747919914, 37.05000620799364], [-122.06288877632109, 37.049981173745664], [-122.06287926325552, 37.04995633456025], [-122.06287693407208, 37.04994710933078], [-122.06287378155992, 37.04993804084123], [-122.0628681821718, 37.04991244447527], [-122.06286175216009, 37.04988697648722], [-122.0628613916466, 37.04988413872994], [-122.06285008037757, 37.04987586311145], [-122.06281924710372, 37.04985356781334], [-122.0628174765945, 37.04985200927391], [-122.06281553480122, 37.049850588647914], [-122.06278776365906, 37.049825854451534], [-122.06275980678879, 37.04980124533816], [-122.06266211958464, 37.04970628602128], [-122.06256952516372, 37.049622256074784], [-122.06254220722478, 37.04959486572535], [-122.06251485971485, 37.049567494786494], [-122.06244044677966, 37.04948502920795], [-122.06232642022349, 37.04936797178005], [-122.06227556808113, 37.04931012572729], [-122.06223203463969, 37.0492485630657], [-122.06219623903522, 37.04918387654333], [-122.06216852614118, 37.049116689238296], [-122.06214916271124, 37.04904764821813], [-122.06213833520667, 37.04897741839275], [-122.06213614785318, 37.04890667600894], [-122.06214262181909, 37.04883610242391], [-122.06215769462482, 37.04876637734025], [-122.06218122112581, 37.048698172143304], [-122.06221297482587, 37.048632143782186], [-122.06225264964698, 37.04856892811369], [-122.06229986371504, 37.048509133893084], [-122.06235416224398, 37.04845333693817], [-122.06241502232635, 37.04840207466904], [-122.06248185783558, 37.04835584073884], [-122.06255402499335, 37.04831508039095], [-122.06263082905696, 37.04828018618549], [-122.06271153010131, 37.04825149416953], [-122.06279535115664, 37.04822928051635], [-122.06288148486964, 37.04821375932492], [-122.06296910174424, 37.04820507998114], [-122.06300177692076, 37.048204430623834], [-122.06300951055461, 37.0481800706454], [-122.06301825196307, 37.04815075703734], [-122.06304735277749, 37.04807075729592], [-122.06305092316069, 37.048062477810355], [-122.06305372091694, 37.04805401031958], [-122.06306533676835, 37.0480290531713], [-122.06306640346244, 37.04802657940429], [-122.06302562646673, 37.04800388093823], [-122.06295839884538, 37.04795801409772], [-122.06289710374145, 37.047907086285335], [-122.0628423314808, 37.0478515878491], [-122.06279460953849, 37.04779205344026], [-122.0627543975476, 37.0477290563847], [-122.06272208275607, 37.04766320323827], [-122.06269797627074, 37.047595128348284], [-122.06268231021441, 37.0475254873407], [-122.0626752355556, 37.04745495079284], [-122.06267682038572, 37.04738419809023], [-122.06268704932995, 37.0473139105711], [-122.0627058239633, 37.047244765219915], [-122.06272412452306, 37.04719036531627], [-122.06272542968861, 37.04718712697357], [-122.06272637147464, 37.04718380932102], [-122.06273899588564, 37.04715346698837], [-122.06275126386775, 37.04712302800225], [-122.062752958467, 37.04711990820552], [-122.06275430162673, 37.04711668007804], [-122.06276622320783, 37.0470921148663], [-122.06265177362401, 37.04696525812024], [-122.0624030344891, 37.04672457041747], [-122.06209914746542, 37.04648438917346], [-122.06196118453846, 37.046392266107986], [-122.06184244646454, 37.04633448132393], [-122.06180696073342, 37.04631524068882], [-122.06177139480849, 37.04629607575771], [-122.06177039558389, 37.046295414699024], [-122.06176932318478, 37.04629483319631], [-122.0617363645297, 37.04627289930429], [-122.06170330996154, 37.046251030086374], [-122.06170239656664, 37.04625029380789], [-122.06170140029117, 37.046249630788864], [-122.06167128736867, 37.04622521700273], [-122.0616410612989, 37.04620085198127], [-122.06164024197345, 37.046200047128494], [-122.0616393319719, 37.046199309343976], [-122.06161234303043, 37.046172640966205], [-122.06158524821011, 37.046146024657126], [-122.06158453195319, 37.04614516013514], [-122.06158371579731, 37.046144353684525], [-122.06156010963237, 37.0461156830862], [-122.06153640835127, 37.04608707627116], [-122.06153580103344, 37.04608615933776], [-122.06153508761311, 37.04608529285483], [-122.0615151097369, 37.04605491899443], [-122.06149501186476, 37.046024574468454], [-122.06149451934098, 37.046023613643264], [-122.06149391563342, 37.046022695836825], [-122.06147774912932, 37.04599090059282], [-122.06146145750971, 37.04595912103268], [-122.06146108505047, 37.04595812663348], [-122.06146059624369, 37.04595716538686], [-122.06144839318301, 37.04592424670732], [-122.06143606845416, 37.04589134662428], [-122.06143581932146, 37.045890327690984], [-122.06143545046882, 37.04588933268924], [-122.06142733103528, 37.04585561179587], [-122.06141908921528, 37.04582190363485], [-122.0614189658729, 37.04582087010243], [-122.06141872045568, 37.04581985083794], [-122.06141476339297, 37.045785653491365], [-122.06141068313728, 37.04575146102897], [-122.06141068681212, 37.04575042282261], [-122.06141056718167, 37.0457493892294], [-122.06141081076613, 37.04571504898194], [-122.06141093124347, 37.04568069721389], [-122.0614110618142, 37.04567966415791], [-122.06141106919627, 37.04567862625129], [-122.06141550936361, 37.04564448136717], [-122.06141983107922, 37.045610293630304], [-122.06142008752832, 37.04560927527152], [-122.06142022168248, 37.045608243415685], [-122.06142881405715, 37.04557461822816], [-122.06143729701674, 37.04554092835486], [-122.0614376767414, 37.045539935128865], [-122.06143793642751, 37.04553891868856], [-122.0614506012585, 37.04550612463051], [-122.06146316079045, 37.04547326925372], [-122.06146365995995, 37.04547231086532], [-122.06146404280899, 37.045471319556896], [-122.06148066556612, 37.04543966156561], [-122.06149717325785, 37.045407968047634], [-122.06149778669112, 37.045407054281], [-122.06149828933215, 37.04540609700158], [-122.06151870767407, 37.04537589081282], [-122.06153900673142, 37.04534565366001], [-122.06153972927406, 37.045344792136206], [-122.06154034629334, 37.045343879299104], [-122.06156435027998, 37.0453154342322], [-122.06158825854055, 37.04528692611608], [-122.0615890832303, 37.04528612516295], [-122.06158980867197, 37.045285265554696], [-122.06161717181705, 37.04525884671914], [-122.06164445424935, 37.04523235097999], [-122.0616950542727, 37.045187851246254], [-122.06172405868028, 37.04516473188016], [-122.06175284565002, 37.04514145214027], [-122.06175534825141, 37.04513979099675], [-122.06175765262579, 37.0451379541345], [-122.06178933977226, 37.045117227919626], [-122.06182083921819, 37.04509631902984], [-122.06186433908653, 37.045070219292676], [-122.06189345210277, 37.045054476921024], [-122.06192216907196, 37.04503826682753], [-122.06193003235404, 37.045034696621485], [-122.06193752393808, 37.0450306456423], [-122.06196842350316, 37.045017265622434], [-122.06199898257105, 37.04500339064626], [-122.06202814465108, 37.04499162570777], [-122.06214144348067, 37.04490871125904], [-122.06221389088816, 37.0448471010526], [-122.06223820239912, 37.0448283603434], [-122.06226196261493, 37.04480917538695], [-122.06227000187704, 37.04480384737142], [-122.06227752186803, 37.044798050577796], [-122.06230400671124, 37.04478131093048], [-122.0623299994836, 37.04476408441633], [-122.06233865251394, 37.04475941323171], [-122.06234684408453, 37.04475423577709], [-122.06237524851062, 37.04473965752509], [-122.06240322237174, 37.04472455629486], [-122.06245325721582, 37.0447003180009], [-122.06245633431317, 37.04468048838152], [-122.06245946476564, 37.04466936781606], [-122.06246166518594, 37.04465810568192], [-122.06246917526114, 37.04463487179184], [-122.0624757657593, 37.044611459728245], [-122.06248024057865, 37.04460063949678], [-122.06248380775467, 37.0445896036882], [-122.06249412282908, 37.04456707153004], [-122.06250354416198, 37.04454429028165], [-122.06250932081134, 37.04453387316764], [-122.06251422001813, 37.04452317130729], [-122.06252724002071, 37.04450155894882], [-122.06253940212349, 37.04447962675254], [-122.06257050253515, 37.04443022693169], [-122.06258962779518, 37.044403229602075], [-122.06260834401716, 37.044376052632686], [-122.06261141691445, 37.04437247202256], [-122.06261409463507, 37.0443686921447], [-122.06263642915657, 37.04434332727552], [-122.06265837807156, 37.04431775185235], [-122.06266187408544, 37.04431442986116], [-122.06266500104289, 37.04431087861173], [-122.06269032962221, 37.044287390581715], [-122.06271530005154, 37.044263663008174], [-122.06271918550276, 37.044260631639474], [-122.06272273158906, 37.044257343213644], [-122.06275080875984, 37.04423595939622], [-122.06277856164881, 37.04421430691603], [-122.06278279929583, 37.04421159526077], [-122.06278673015954, 37.044208601476505], [-122.06281728723593, 37.0441895264365], [-122.06284755372141, 37.04417015893142], [-122.06285210219485, 37.04416779343386], [-122.06285638048995, 37.044165122750265], [-122.06288912238853, 37.04414854065287], [-122.06292161174946, 37.04413164421547], [-122.06292642804245, 37.04412964734085], [-122.062931011842, 37.04412732583729], [-122.06296562580371, 37.04411339528891], [-122.06300002263107, 37.0440991337329], [-122.0630050588229, 37.04409752520351], [-122.06300990546642, 37.04409557462687], [-122.06304605743725, 37.04408443035943], [-122.06308203113872, 37.04407294042726], [-122.06308724049208, 37.04407173519744], [-122.06309230161258, 37.04407017499612], [-122.06312963806893, 37.04406192571833], [-122.06316684748397, 37.04405331666716], [-122.06317217947871, 37.04405252641639], [-122.06317740665247, 37.04405137153145], [-122.06321557197289, 37.04404609546889], [-122.06325365499816, 37.04404045142253], [-122.06325905758773, 37.04404008394239], [-122.0632644012042, 37.04403934524933], [-122.06330302784802, 37.044037093221974], [-122.06334161757448, 37.04403446852101], [-122.06334703944025, 37.0440345272822], [-122.0633524472347, 37.04403421203011], [-122.0633911635209, 37.04403500580113], [-122.0634298882244, 37.04403542572401], [-122.06343527663478, 37.04403591022009], [-122.06344069707039, 37.04403602133723], [-122.06347912774712, 37.0440398529865], [-122.06351761673699, 37.04404331361552], [-122.06352292036061, 37.044044219204764], [-122.06352830071243, 37.04404475564396], [-122.06356607538596, 37.04405158790513], [-122.06360395832665, 37.04405805639137], [-122.06360912610559, 37.04405937446823], [-122.06361441460017, 37.0440603309534], [-122.06365117177138, 37.044070098146996], [-122.06368808150171, 37.04407951201151], [-122.06369306288083, 37.04408122964778], [-122.06369820925275, 37.04408259712899], [-122.06373359765253, 37.04409520625461], [-122.06376917613898, 37.04410747388596], [-122.06377392308195, 37.04410957447771], [-122.06377887790258, 37.044111339855455], [-122.06381255918448, 37.04412667106357], [-122.06384646121919, 37.044141672738526], [-122.06385092765075, 37.04414413564106], [-122.06385564367068, 37.04414628231765], [-122.0638872891786, 37.04416418654034], [-122.0639191925546, 37.044181779101066], [-122.06396449246756, 37.044209478867955], [-122.06397175328873, 37.04421438858735], [-122.06397946352689, 37.04421883528595], [-122.06400547761365, 37.0442371928912], [-122.06403196956872, 37.04425510662414], [-122.06403859475053, 37.04426056289314], [-122.06404572454443, 37.044265594255236], [-122.06406936914901, 37.04428590776638], [-122.06409354264694, 37.04430581629836], [-122.06409946873386, 37.04431176687685], [-122.06410594907427, 37.04431733422412], [-122.06412699552122, 37.044339407227945], [-122.06414861867039, 37.04436111961895], [-122.06415378889884, 37.04436750754218], [-122.0641595569141, 37.044373556836305], [-122.06417780192477, 37.04439717581306], [-122.06419666721963, 37.04442048391833], [-122.06420103163057, 37.04442724749776], [-122.0642060320318, 37.04443372070393], [-122.06422130082642, 37.044458658837435], [-122.06423722559403, 37.04448333758128], [-122.0642407420294, 37.044490411674396], [-122.06424492666609, 37.044497246306975], [-122.06425707327807, 37.04452326537996], [-122.06426990302158, 37.04454907521571], [-122.0642725372446, 37.044556390595844], [-122.06427586642543, 37.04456352207253], [-122.06428477370044, 37.04459037255651], [-122.06429438496983, 37.04461706381582], [-122.06429611185871, 37.04462455069712], [-122.06429855314784, 37.04463190962509], [-122.064398559851, 37.0450065160741], [-122.06440698871334, 37.04503100443432], [-122.06457952517749, 37.045440230647586], [-122.0645829842238, 37.0454499897366], [-122.06458728676175, 37.045459530215695], [-122.06467538921082, 37.04568962960683], [-122.06468271853313, 37.0457127633924], [-122.06469096658081, 37.04573569718809], [-122.06469357779429, 37.04574703885256], [-122.06469711920855, 37.04575821649387], [-122.06470158440878, 37.045781814004485], [-122.06470698855917, 37.045805286140705], [-122.06476619261704, 37.04615888578295], [-122.06476734903787, 37.04616985199014], [-122.06476942775816, 37.04618073027996], [-122.06481113157493, 37.046504429948044], [-122.0648113165312, 37.04650718221655], [-122.06481181094458, 37.046509908350025], [-122.06481369009114, 37.04654249913421], [-122.06481588049111, 37.04657509165068], [-122.06481572807326, 37.04657784486526], [-122.06481588671696, 37.04658059701645], [-122.0648137711997, 37.04661318389349], [-122.06481196586513, 37.04664578619566], [-122.064811477524, 37.04664851368623], [-122.06481129892083, 37.04665126552252], [-122.06479490051326, 37.046780865668985], [-122.06479224875193, 37.04679491412732], [-122.06479063137247, 37.046809061330684], [-122.06478564930379, 37.04682987564506], [-122.06478169330639, 37.046850833528715], [-122.06477733640361, 37.04686460587573], [-122.0647739969207, 37.046878557960405], [-122.06476649367988, 37.04689888060437], [-122.06475999393867, 37.04691942668413], [-122.06475397400106, 37.04693279029407], [-122.06474894442125, 37.046946412932094], [-122.06473899200905, 37.046966048506846], [-122.06473001133648, 37.04698598469741], [-122.06472526838166, 37.046993962937705], [-122.06479733538632, 37.047132980739086], [-122.06481008988186, 37.04713400197627], [-122.0648472522767, 37.047136519493684], [-122.06485400296168, 37.04713751809816], [-122.06486083127457, 37.04713806481008], [-122.06489739429523, 37.04714393666386], [-122.06493406862485, 37.04714936156694], [-122.06494066307933, 37.04715088535419], [-122.06494739341592, 37.047151966181175], [-122.06499839287449, 37.04716226608204], [-122.06501945499956, 37.04716741286999], [-122.06504080763257, 37.04717172264776], [-122.06505848656957, 37.04717681283901], [-122.06507649478496, 37.04718109562226], [-122.06507961529663, 37.04718211383033], [-122.06508283838427, 37.04718290145665], [-122.06510316981179, 37.04718967824662], [-122.06511871368741, 37.04719415379324], [-122.06512825448405, 37.04718924034604], [-122.06513813275076, 37.04718518931519], [-122.0651476128384, 37.04718056771286], [-122.06557937930673, 37.046992693307146], [-122.06557945546044, 37.04699204940407], [-122.06558667402699, 37.046962384762246], [-122.06559336271327, 37.0469326365327], [-122.06559512262369, 37.04692766509692], [-122.06559635656576, 37.04692259414998], [-122.06560716766177, 37.04689363980379], [-122.06561746187039, 37.04686456005653], [-122.06561982096545, 37.04685975135549], [-122.0656216692251, 37.04685480125721], [-122.06563596946957, 37.046826834563106], [-122.06564976948074, 37.04679870473956], [-122.06565270538596, 37.04679410420755], [-122.06565514993635, 37.04678932349126], [-122.06567280083225, 37.046762615218675], [-122.06568997435016, 37.04673570478493], [-122.06569345839893, 37.046731357446056], [-122.0656964759673, 37.046726791448776], [-122.06587857750753, 37.04648119270065], [-122.06592735072022, 37.04642220854102], [-122.0659831015678, 37.04636734047593], [-122.0660452932388, 37.04631711681834], [-122.06611332672516, 37.04627202122284], [-122.0661865468402, 37.046232487956196], [-122.06626424845244, 37.04619889789049], [-122.06634568317227, 37.04617157422941], [-122.066430067024, 37.04615078040574], [-122.06651658712315, 37.04613671652851], [-122.06660441023905, 37.046129518008485], [-122.06669269079461, 37.046129254178965], [-122.06678057852034, 37.046135927635056], [-122.06686722700086, 37.04614947412053], [-122.06695180187681, 37.04616976304304], [-122.0670334885811, 37.04619659924738], [-122.06711150042193, 37.04622972407042], [-122.0671850861894, 37.046268818555475], [-122.0672535373159, 37.046313506392735], [-122.06731619436101, 37.046363356944426], [-122.0673724540334, 37.04641789034749], [-122.06742177442939, 37.04647658134016], [-122.06746368070158, 37.046538864714506], [-122.06749776915467, 37.0466041406665], [-122.06752122739748, 37.0466653036031], [-122.06753028169317, 37.046661330086], [-122.06777850715027, 37.04652358841587], [-122.06795519421652, 37.046423000972524], [-122.0679838303433, 37.04640833774599], [-122.06801204328472, 37.04639316027275], [-122.06833234159176, 37.04623856147022], [-122.06837051756777, 37.04622212447031], [-122.06840867098654, 37.046205627157256], [-122.0686690692453, 37.04610592797783], [-122.06868990495757, 37.04609893512609], [-122.06871029941681, 37.04609114917776], [-122.06898139745505, 37.046000449888005], [-122.06898847023736, 37.04599840404256], [-122.06899531117907, 37.04599590387297], [-122.06916777250058, 37.04594089702725], [-122.06931763556157, 37.04588552804206], [-122.06933456374233, 37.04588006402936], [-122.06935106895703, 37.04587382852052], [-122.06937548356964, 37.045866856050644], [-122.069399526582, 37.045859095538724], [-122.06941703970092, 37.04585498820717], [-122.06943422951994, 37.04585007906298], [-122.06952974422705, 37.04582696728432], [-122.06971224166111, 37.04576815610173], [-122.06971321971582, 37.045767884786954], [-122.06971416122593, 37.04576753954098], [-122.06975495403013, 37.04575630766204], [-122.0697956680771, 37.0457450135856], [-122.06979667385154, 37.045744820549004], [-122.06979765368605, 37.045744550779865], [-122.07003834941659, 37.04568869823852], [-122.07026348431401, 37.045628063634574], [-122.07027919144153, 37.045624510446395], [-122.07029459367644, 37.045620185338876], [-122.07048846795527, 37.04557416946069], [-122.07063916885218, 37.04552087191378], [-122.07066824810009, 37.04551192657986], [-122.07069699783666, 37.045502309365716], [-122.07074775803098, 37.045487629200814], [-122.07087548293225, 37.04543086261178], [-122.07088327330933, 37.04542779061654], [-122.07089073805926, 37.04542423589306], [-122.07092286654515, 37.04541217803413], [-122.07093074765307, 37.04540907032958], [-122.07093658287802, 37.045395917590064], [-122.07094979691149, 37.04536532549603], [-122.07095137067864, 37.04536258565592], [-122.07095263161291, 37.045359743490486], [-122.07096982940419, 37.04533044996406], [-122.07098671825486, 37.04530104737966], [-122.0709886192713, 37.04529844468115], [-122.07099022181232, 37.04529571498125], [-122.07101091912894, 37.0452679132721], [-122.07101844004826, 37.0452576162132], [-122.07101839733743, 37.0452573745731], [-122.0710169434297, 37.04522998865201], [-122.07101473377946, 37.045202635663415], [-122.07101213540659, 37.04506893558412], [-122.07101260136368, 37.04505779256957], [-122.07101213194576, 37.04504664944171], [-122.0710140794683, 37.04502244885229], [-122.07101509307863, 37.04499821111326], [-122.07101691950875, 37.044987157894994], [-122.07101781482288, 37.0449760319437], [-122.07102271215521, 37.04495210098613], [-122.07102668467773, 37.04492805948577], [-122.07102985374013, 37.0449172032809], [-122.07103210528692, 37.04490620107532], [-122.07103988511481, 37.0448828307354], [-122.07103026462255, 37.044880155936475], [-122.0710018091217, 37.04486963845788], [-122.07097299400581, 37.04485977627096], [-122.07096174668938, 37.044854830801796], [-122.07095009676176, 37.04485052487929], [-122.07092306490013, 37.04483782253167], [-122.07089559397221, 37.04482574357524], [-122.0708850056549, 37.044819938273164], [-122.07087393834526, 37.04481473775623], [-122.0708485903109, 37.04479997291747], [-122.07082272810632, 37.04478579347391], [-122.07081290066444, 37.04477918421381], [-122.07080252253077, 37.0447731391548], [-122.0707791018552, 37.044756453633234], [-122.07075509837374, 37.04474031069395], [-122.07074612627966, 37.044732961044936], [-122.07073653737005, 37.04472612964816], [-122.0707152693616, 37.04470768403917], [-122.07069335582102, 37.04468973310778], [-122.07068532580813, 37.04468171415021], [-122.07067661831918, 37.04467416213039], [-122.07065770939163, 37.04465413554051], [-122.07063809510993, 37.044634548084346], [-122.07063108372738, 37.044625936046984], [-122.07062334222579, 37.044617736901294], [-122.07060697289144, 37.0445963205834], [-122.07058984862618, 37.04457528685389], [-122.07058392456504, 37.044566166016494], [-122.07057722243121, 37.04455739757134], [-122.07056355030525, 37.04453479756208], [-122.0705490807969, 37.04451252022629], [-122.07054430045413, 37.044502977837], [-122.07053870288414, 37.044493725065806], [-122.07052786089432, 37.044470161450334], [-122.07051618422594, 37.044446852791474], [-122.07049488480155, 37.044397452614724], [-122.07048897753776, 37.04438121072725], [-122.07048203894868, 37.04436523027866], [-122.0704766299977, 37.044347260789], [-122.07047017644264, 37.04432951666815], [-122.0704662835178, 37.04431288790502], [-122.07046133258552, 37.04429644014679], [-122.07045814719604, 37.04427813373642], [-122.07045389407627, 37.044259966519746], [-122.0704520531143, 37.04424311108562], [-122.07044913738068, 37.04422635440718], [-122.07044820579952, 37.0442078860058], [-122.07044619459157, 37.04418947188286], [-122.07044642349841, 37.04417255316265], [-122.07044557080144, 37.044155647961986], [-122.07044597125807, 37.044118647948764], [-122.07044763495092, 37.044095585056745], [-122.07044831688845, 37.04407249022458], [-122.0704501817511, 37.04406028180581], [-122.07045106759276, 37.044048001716504], [-122.07045554354403, 37.044025179719476], [-122.07045904596548, 37.0440022505795], [-122.0704623946935, 37.04399024731799], [-122.07046477781364, 37.043978096052065], [-122.07047202272695, 37.043955735904476], [-122.07047831202333, 37.04393319204472], [-122.07048311227746, 37.04392150969707], [-122.07048696976756, 37.04390960425689], [-122.07049691376486, 37.04388792129592], [-122.07050592948113, 37.04386597993016], [-122.07051213536035, 37.043854730630954], [-122.07051742983164, 37.043843185922015], [-122.0705299769122, 37.043822389150165], [-122.07054163246957, 37.04380126124761], [-122.07054918394552, 37.04379055377549], [-122.07055586456549, 37.043779480631564], [-122.07057089455832, 37.04375976939683], [-122.07058507703175, 37.04373965950018], [-122.07059390121344, 37.043729597034236], [-122.07060190382161, 37.043719101947886], [-122.07061927102099, 37.043700667195154], [-122.07063584469434, 37.04368176776976], [-122.07064585741874, 37.04367244655001], [-122.07065510419389, 37.04366263130951], [-122.07067464124518, 37.0436456504731], [-122.07069344669102, 37.04362814361251], [-122.0707045512764, 37.04361965374147], [-122.07071495335799, 37.04361061256684], [-122.07073647273369, 37.043595248410476], [-122.07075732819122, 37.04357930350377], [-122.07076941657924, 37.04357172751318], [-122.07078087485988, 37.0435635466119], [-122.07080417157468, 37.043549945897894], [-122.07082687398373, 37.04353571783508], [-122.07083982957667, 37.04352912854491], [-122.07085223390644, 37.04352188682679], [-122.07087708122256, 37.043510182085456], [-122.07090141426927, 37.04349780618265], [-122.07091511384711, 37.04349226626545], [-122.0709283432703, 37.04348603435306], [-122.0709545009692, 37.043476338719465], [-122.07098023122569, 37.0434659337536], [-122.0709945426839, 37.04346149679855], [-122.0710084699685, 37.04345633444868], [-122.0710356871736, 37.043448740693336], [-122.07106256591449, 37.043440407474264], [-122.07107735064501, 37.043437116383316], [-122.07109184238729, 37.04343307311886], [-122.07111985800596, 37.04342765428232], [-122.07114762528536, 37.04342147325103], [-122.07116274099401, 37.04341935972026], [-122.07117765762274, 37.04341647446975], [-122.07120620080784, 37.0434132828747], [-122.07123459019157, 37.04340931332925], [-122.07124989157575, 37.04340839758375], [-122.07126508915665, 37.0434066982448], [-122.0712938839259, 37.043405764721086], [-122.07132262327933, 37.04340404473269], [-122.07154537611237, 37.043399502165514], [-122.07163583425513, 37.04338923825703], [-122.07176946389346, 37.04337297303261], [-122.0718918722555, 37.04335134062288], [-122.07180728840821, 37.0423677957808], [-122.07180722571456, 37.04236525161902], [-122.07180687431453, 37.042362720973024], [-122.0718012172924, 37.042289405837856], [-122.07179249641678, 37.042228179885036], [-122.07176854709326, 37.04212434053669], [-122.07175110037352, 37.042049700574275], [-122.07172513928917, 37.041992624366856], [-122.07172202363158, 37.04198733867507], [-122.0716485397185, 37.042006740239366], [-122.07156239087921, 37.04202218292569], [-122.07147476862946, 37.04203078218812], [-122.07138651690626, 37.04203245539026], [-122.07129848547433, 37.04202718619694], [-122.07121152226699, 37.042015025505876], [-122.07112646474076, 37.04199609029824], [-122.0710441321214, 37.041970563127094], [-122.07096531733625, 37.0419386897103], [-122.07089077950299, 37.0419007769785], [-122.07082123631746, 37.0418571902208], [-122.07075735758127, 37.041808348977256], [-122.07069975849367, 37.04175472383107], [-122.0706489937551, 37.04169683122393], [-122.07060555222978, 37.04163522854613], [-122.07056985239655, 37.041570509142865], [-122.07054223781108, 37.04150329641909], [-122.07052297459754, 37.04143423750973], [-122.0705122482581, 37.041363997575665], [-122.070510161845, 37.04129325302858], [-122.07051673570122, 37.041222685218976], [-122.07053190630631, 37.041152973756894], [-122.07055552759329, 37.041084790032045], [-122.0705873721554, 37.04101879055308], [-122.07062713311873, 37.040955611013274], [-122.07067442759502, 37.04089585982773], [-122.07072880023725, 37.040840112482776], [-122.07078612854974, 37.040791930398036], [-122.07054878197059, 37.040645123763426], [-122.06983083892855, 37.04024570169996], [-122.06982545029528, 37.0402423782516], [-122.06981973746177, 37.04023942526214], [-122.06979048340091, 37.04022081203634], [-122.0697608752411, 37.040202550999794], [-122.0697559189875, 37.04019882016869], [-122.06975059467574, 37.040195432500475], [-122.06957379445555, 37.040071131657925], [-122.06955600034833, 37.040057325653926], [-122.06953748140371, 37.04004414828058], [-122.06912248573694, 37.03971829701559], [-122.06885175830426, 37.039528803210864], [-122.06872853326009, 37.03946186921643], [-122.06858980010371, 37.03940997397174], [-122.06833137929861, 37.03933529583991], [-122.06829469782247, 37.03936848709986], [-122.06822996647976, 37.039416599572554], [-122.06815966391632, 37.0394593941373], [-122.06808446747904, 37.039496458484365], [-122.06800510118114, 37.03952743574739], [-122.06792232936793, 37.039552027518944], [-122.06783694936829, 37.03956999703813], [-122.06774978326072, 37.03958117119945], [-122.06766167054116, 37.03958544238837], [-122.0675734600134, 37.03958276949937], [-122.06748600101267, 37.03957317831783], [-122.06740013587692, 37.03955676101001], [-122.06731669162687, 37.039533675967476], [-122.06723647189949, 37.039504145309614], [-122.06716024909326, 37.03946845346959], [-122.0670887575434, 37.039426944345884], [-122.06693416868335, 37.039327563004676], [-122.0669126848194, 37.03933968657753], [-122.06687875500991, 37.03935905960297], [-122.06687659201754, 37.039360054056345], [-122.06687455361694, 37.03936120435079], [-122.06683830880462, 37.039377655284376], [-122.06680218144443, 37.03939426532697], [-122.06679990814857, 37.0393950847601], [-122.06679773807427, 37.03939606969158], [-122.06675965506669, 37.03940959379649], [-122.06672167199021, 37.03942328471376], [-122.0667076270631, 37.03942769657435], [-122.06625806520962, 37.0396490477178], [-122.06624899531793, 37.03965303589739], [-122.0662403257027, 37.039657558513966], [-122.0662103149502, 37.03967004427633], [-122.06618067009659, 37.039683079612324], [-122.06617115747773, 37.03968633551628], [-122.06616197527923, 37.03969015568491], [-122.06613058159496, 37.03970022343312], [-122.06609948636783, 37.03971086636437], [-122.06608962000303, 37.03971335950368], [-122.06608001643029, 37.03971643927113], [-122.06604754619458, 37.03972399099789], [-122.06601529622056, 37.03973214018742], [-122.06600517266523, 37.039733845992046], [-122.06599523859245, 37.03973615641673], [-122.06596199977368, 37.039741120629266], [-122.06592891009485, 37.03974669625696], [-122.06591862715345, 37.039747598369715], [-122.06590845798435, 37.039749117126206], [-122.06587476950708, 37.03975144594548], [-122.06584116024312, 37.039754394372814], [-122.06583081776269, 37.03975448411479], [-122.0658205106052, 37.039755196643426], [-122.06553350796828, 37.03976369660459], [-122.06552251572302, 37.03976358947333], [-122.06551154272837, 37.03976413186392], [-122.06547840080952, 37.03976315933793], [-122.06544524070145, 37.03976283603063], [-122.06543431413624, 37.03976186559341], [-122.06542332801531, 37.039761543246], [-122.06539046522735, 37.03975797135302], [-122.06535750379905, 37.039755043988784], [-122.0653467486106, 37.03975321973188], [-122.06533585468989, 37.039752035639665], [-122.06530358815999, 37.03974589896875], [-122.06527114205822, 37.0397403954625], [-122.06526066047495, 37.03973773459729], [-122.0652499650991, 37.039735700415264], [-122.06521860647574, 37.03972705848204], [-122.06518698732042, 37.0397190314986], [-122.06517688180169, 37.039715559892024], [-122.06516648638424, 37.0397126950788], [-122.0651363335433, 37.0397016300968], [-122.06510585005347, 37.039691157878806], [-122.06509621846361, 37.03968690929417], [-122.0650862225227, 37.039683241135954], [-122.06495752183785, 37.0396297406775], [-122.06492095386805, 37.03961266427962], [-122.06488428090505, 37.03959569683394], [-122.0648828090363, 37.03959485152466], [-122.06488124602107, 37.03959412168791], [-122.06484694163508, 37.03957425397401], [-122.0648125204411, 37.03955448682756], [-122.06481115956922, 37.039553530437985], [-122.06480969270224, 37.0395526808405], [-122.06477797793441, 37.03953020980348], [-122.06474614425628, 37.03950783661448], [-122.06474490675748, 37.03950677771554], [-122.06474355099877, 37.03950581712891], [-122.06471473820804, 37.03948096373576], [-122.06468579170827, 37.03945619545573], [-122.0646846897106, 37.03945504450939], [-122.06468345788052, 37.03945398195875], [-122.06465782289176, 37.039426984466054], [-122.06463204398771, 37.039400060739844], [-122.06449524486037, 37.039241659888745], [-122.06447827605614, 37.03921979144107], [-122.06446058297165, 37.03919829298482], [-122.06445497374256, 37.03918976068582], [-122.064448619857, 37.03918157216911], [-122.0644344069462, 37.039158476281266], [-122.06441942731036, 37.03913569055793], [-122.06441488850312, 37.039126758902974], [-122.06440956620557, 37.039118110239734], [-122.06439824555682, 37.039094008473164], [-122.06438612418812, 37.039070155668576], [-122.06438269916829, 37.039060910002945], [-122.06437846016215, 37.03905188516197], [-122.06437452044285, 37.03904010528699], [-122.06430954018109, 37.03900658351617], [-122.06429532854067, 37.0389984347884], [-122.06428053734855, 37.03899097511827], [-122.06425944857007, 37.038977861750176], [-122.06423774250408, 37.0389654157766], [-122.06422459488921, 37.03895618906079], [-122.06421078780079, 37.03894760353858], [-122.06419140546474, 37.038932897406575], [-122.06417132408338, 37.0389188046613], [-122.06415936725384, 37.03890858866571], [-122.06414667717225, 37.038898960188995], [-122.06412918654348, 37.03888280211423], [-122.06411092472251, 37.03886719907739], [-122.06410027485028, 37.038856093063394], [-122.0640888228729, 37.03884551354085], [-122.06403642301265, 37.0387920131735], [-122.06403584476564, 37.038791359060234], [-122.06403519060402, 37.03879075203233], [-122.06401032515052, 37.038762492285315], [-122.06398538236013, 37.03873427789453], [-122.06398488660788, 37.03873358116445], [-122.06398431006262, 37.038732925892525], [-122.06396302588782, 37.03870285723838], [-122.0639416466786, 37.038672809914964], [-122.06394123839743, 37.03867207736797], [-122.06394074490015, 37.03867138020479], [-122.06392324223347, 37.03863978862013], [-122.06390563720412, 37.038608201453314], [-122.0639053204642, 37.038607440422986], [-122.06390491454698, 37.03860670771422], [-122.06389135837992, 37.03857389169715], [-122.06387770081545, 37.038541074517816], [-122.0638774786761, 37.03854029223956], [-122.06387716429779, 37.03853953122777], [-122.06386768458691, 37.03850580360204], [-122.0638581065, 37.038472075740046], [-122.06385798111336, 37.03847128007312], [-122.06385776122414, 37.038470497722436], [-122.0638467617998, 37.038419897616166], [-122.0638460928745, 37.03841557551528], [-122.0638449621985, 37.03841131350018], [-122.06384065884458, 37.03838046631783], [-122.06383589270884, 37.03834967191145], [-122.06383575536012, 37.03834531731774], [-122.06383515140841, 37.038340987616785], [-122.06383464045153, 37.03830995266892], [-122.06383366236916, 37.038278930260276], [-122.06383405820723, 37.038274585913086], [-122.06383398643369, 37.03827022958323], [-122.06383638704342, 37.03821662960097], [-122.06384387916411, 37.038146120696425], [-122.06385995592953, 37.038076540006585], [-122.06388446280282, 37.038008557674075], [-122.0639171635827, 37.03794282832251], [-122.06395774340271, 37.03787998495064], [-122.0639836384112, 37.03784801093023], [-122.06399056108485, 37.037821878770316], [-122.06401727312023, 37.03775443238095], [-122.06405210295347, 37.03768940971865], [-122.06409471500352, 37.037627436948455], [-122.06411059958968, 37.03760890129565], [-122.06407062611659, 37.03760301232023], [-122.06404611567612, 37.03759839442561], [-122.06402138328993, 37.037594609294786], [-122.06400317583036, 37.03759030423471], [-122.0639846961657, 37.03758682253007], [-122.06396086778841, 37.037580300645054], [-122.06393671787558, 37.03757459054677], [-122.06391912434749, 37.037568875473944], [-122.06390115941446, 37.037563958455664], [-122.06387824384481, 37.03755559587807], [-122.06385490770685, 37.03754801537086], [-122.06344400500087, 37.03739531405664], [-122.06343346707679, 37.03739088186866], [-122.06342255951884, 37.037387066477066], [-122.06339440213075, 37.037374451609324], [-122.06336583853815, 37.03736243809978], [-122.06335589264091, 37.037357198954574], [-122.06334550474834, 37.03735254502606], [-122.0633190254567, 37.037337778576756], [-122.06329206820641, 37.03732357830576], [-122.0632828116448, 37.03731758336119], [-122.06327304182363, 37.0373121351214], [-122.06324849402851, 37.037295358000684], [-122.06322340431568, 37.037279108875126], [-122.06321492521455, 37.03727241543638], [-122.0632058687283, 37.037266225739785], [-122.06303646862467, 37.03713842480008], [-122.0630310064784, 37.03713387870102], [-122.06302510389423, 37.03712969942019], [-122.06300039788235, 37.03710840325248], [-122.0629752324119, 37.03708745815342], [-122.06297035176759, 37.037082504071535], [-122.0629649892892, 37.03707788168656], [-122.06294300671283, 37.0370547474197], [-122.06292052265773, 37.0370319249498], [-122.06291627138052, 37.037026611398915], [-122.06291149974155, 37.03702158975899], [-122.062904702214, 37.03701275738754], [-122.0628834283187, 37.03700658159106], [-122.06284294904906, 37.03699492021516], [-122.06284195545224, 37.03699454216032], [-122.06284092131995, 37.036994241937016], [-122.06280209128714, 37.03697937339885], [-122.0627632052887, 37.036964576878816], [-122.06276226244267, 37.036964122424614], [-122.0627612702191, 37.036963742487], [-122.06272445013413, 37.03694589686962], [-122.06268755553972, 37.03692811357024], [-122.06268667283443, 37.03692758720782], [-122.06268573180814, 37.03692713114485], [-122.06265127330907, 37.03690647961247], [-122.06261672838171, 37.03688588138137], [-122.06261591407714, 37.03688528804369], [-122.06261503352562, 37.036884760345636], [-122.06258326900539, 37.03686150275591], [-122.06255140582998, 37.036838287014604], [-122.06255066795015, 37.036837632534144], [-122.06254985624464, 37.036837038224995], [-122.06252108157742, 37.036811390552955], [-122.06249221708583, 37.03678578894702], [-122.06249156319392, 37.03678508005409], [-122.06249082757807, 37.036784424419324], [-122.06246532428517, 37.036756635788564], [-122.06243973207434, 37.03672889260152], [-122.0624391677163, 37.036728135469566], [-122.06243851619966, 37.03672742551342], [-122.06235651670573, 37.03662822503215], [-122.06231142634529, 37.03656738997292], [-122.06227399109392, 37.03650330481301], [-122.06227023709464, 37.03649479139925], [-122.06226873061516, 37.03649396074741], [-122.06212875263168, 37.03640837340123], [-122.06203928144643, 37.0363635302236], [-122.06201541300986, 37.03635021834853], [-122.06199100284228, 37.03633755606421], [-122.06181036880236, 37.03623343125094], [-122.06156188655926, 37.03612223210241], [-122.06154770779453, 37.036115133802795], [-122.06153301671829, 37.03610874247667], [-122.06151029582274, 37.03609640425973], [-122.06148701635456, 37.03608474993213], [-122.06147377368183, 37.036076571574604], [-122.06145993490343, 37.03606905671094], [-122.06143883123563, 37.036054992104475], [-122.06141708962167, 37.03604156505851], [-122.06140491148032, 37.036032386173126], [-122.06139205724716, 37.036023819399674], [-122.06117055706605, 37.03586081827124], [-122.06114114874396, 37.03583694173832], [-122.06111160110201, 37.03581319524991], [-122.060906801349, 37.03563159406918], [-122.0608946096604, 37.03561965438444], [-122.0608816121012, 37.03560827413108], [-122.06086920940125, 37.03559500843077], [-122.06084256961091, 37.03558551986404], [-122.06080337810509, 37.03557167117751], [-122.06051580899577, 37.03545622995175], [-122.06026457610463, 37.035398223766784], [-122.06025529749701, 37.03539567997829], [-122.06024580267075, 37.035393711104625], [-122.06021355200338, 37.03538423546522], [-122.06018105599126, 37.03537532656947], [-122.0601721329823, 37.035372065910295], [-122.06016292473609, 37.03536936041921], [-122.06016011900614, 37.03536840839601], [-122.06013942062823, 37.03537077620942], [-122.06011531879587, 37.03537440002648], [-122.06009575583806, 37.03537577131054], [-122.06007631358194, 37.035377995464486], [-122.06005181353665, 37.03537885159808], [-122.0600273856912, 37.03538056391129], [-122.06000774866223, 37.035380391390404], [-122.05998812871529, 37.03538107695791], [-122.05996364300636, 37.03538000382184], [-122.05993912232597, 37.035379788359926], [-122.05991960168087, 37.03537807363314], [-122.05989999178641, 37.03537721416918], [-122.05987575382854, 37.035374221905926], [-122.05985137888715, 37.03537208073956], [-122.05972707775503, 37.03535618064341], [-122.05964069926245, 37.03534161516681], [-122.05955651758806, 37.03532033220073], [-122.05947534337322, 37.03529253666511], [-122.05939795859669, 37.03525849626269], [-122.05932510828566, 37.035218538889225], [-122.05925749414678, 37.03517304933738], [-122.0591957673013, 37.03512246572337], [-122.05914052226738, 37.035067275111956], [-122.05909229105484, 37.03500800914249], [-122.05905153817403, 37.034945238490316], [-122.05901865608925, 37.034879567782404], [-122.05899396147355, 37.03481162934763], [-122.05897769201826, 37.03474207760246], [-122.05897000438124, 37.03467158227385], [-122.0589709728021, 37.03460082225865], [-122.05898058760947, 37.0345304791215], [-122.05899875643085, 37.034461230253804], [-122.05902530427176, 37.03439374256464], [-122.05905997517169, 37.03432866591386], [-122.05910243554014, 37.034266627099356], [-122.0591522762576, 37.03420822365437], [-122.05920901736022, 37.034154017845694], [-122.0592721123734, 37.03410453175067], [-122.05934095377415, 37.0340602419827], [-122.05941487844503, 37.03402157504765], [-122.05949317458196, 37.03398890334274], [-122.0595750880352, 37.033962541511436], [-122.05965983010347, 37.033942743440896], [-122.05974658453599, 37.033929699703684], [-122.05975487392827, 37.03392911863668], [-122.05975558081983, 37.03392673777098], [-122.05975765033197, 37.0339166955822], [-122.05976455063785, 37.03389109567039], [-122.05977364270326, 37.033863904120075], [-122.0597820523451, 37.033836570418124], [-122.0597850655972, 37.03382974128078], [-122.05978740506355, 37.03382274473158], [-122.0597997781335, 37.03379639765356], [-122.05981148886, 37.03376985729269], [-122.0598153224804, 37.03376329804546], [-122.05981850612608, 37.03375651875291], [-122.05983404090854, 37.03373127074755], [-122.05984893994747, 37.0337057784698], [-122.0598535570685, 37.03369955191815], [-122.05985755417342, 37.03369305562089], [-122.0598761012792, 37.033669149421485], [-122.05989404482277, 37.033644951249336], [-122.05989940050937, 37.03363911797126], [-122.05990417298062, 37.03363296656356], [-122.05992555382737, 37.033610632683036], [-122.05994636922645, 37.03358796124961], [-122.05995241287702, 37.0335825763698], [-122.05995791387093, 37.0335768302342], [-122.05998191968163, 37.033556286146144], [-122.06000540908464, 37.03353535738899], [-122.06001208226294, 37.033530473175645], [-122.06001825904558, 37.03352518714945], [-122.06004466130493, 37.03350662817677], [-122.0600705959756, 37.03348764625075], [-122.06014829579975, 37.03343614661829], [-122.06021900187028, 37.03339378757527], [-122.0602945461205, 37.03335718874202], [-122.06037420104072, 37.03332670238587], [-122.06045719970788, 37.03330262223281], [-122.06054274257262, 37.033285180096236], [-122.06063000613818, 37.03327454405309], [-122.06071814973033, 37.033270816424405], [-122.06080632461054, 37.03327403321657], [-122.06089368174173, 37.033284163371626], [-122.06097937965046, 37.03330110937036], [-122.0610625931869, 37.03332470793235], [-122.06114252092041, 37.033354731967336], [-122.06121839321457, 37.03339089217117], [-122.06128947915536, 37.0334328404155], [-122.06135509438617, 37.03348017260375], [-122.06141460701245, 37.03353243304405], [-122.06146744362383, 37.03358911846268], [-122.06151309564362, 37.033649682831246], [-122.06151825888912, 37.03365835344585], [-122.06153995853752, 37.033639486521096], [-122.06155962596141, 37.033623986939816], [-122.06157856549824, 37.033607918761334], [-122.06159107933566, 37.0335991990261], [-122.06160290502893, 37.033589879370815], [-122.06162437281571, 37.03357599986945], [-122.0616451855684, 37.03356149736114], [-122.06186503440644, 37.03342288188321], [-122.06185537159077, 37.033407266441166], [-122.06183998634273, 37.033378998168544], [-122.0618241533582, 37.033350878781036], [-122.06182233845574, 37.03334657257361], [-122.06182007162681, 37.03334240764839], [-122.06180821557798, 37.03331306404851], [-122.06179589778075, 37.03328383830546], [-122.06172949979977, 37.033096437786874], [-122.06172041098567, 37.03306498883611], [-122.06171098573688, 37.033033606992696], [-122.06171045199355, 37.03303052880242], [-122.06170957663274, 37.033027499741344], [-122.06170437686495, 37.03299548977183], [-122.06169883338636, 37.03296351665547], [-122.06169867856322, 37.03296040973222], [-122.06169817791981, 37.03295732801771], [-122.0616969167852, 37.032925066604484], [-122.06169530885974, 37.03289280884855], [-122.06169553446553, 37.03288970583516], [-122.06169541304004, 37.03288659854501], [-122.06169810264883, 37.03285438901666], [-122.06170044591819, 37.03282216449008], [-122.0617160473, 37.032706064649254], [-122.06172244647131, 37.03267353092352], [-122.06172857121796, 37.03264095806957], [-122.06172932045128, 37.03263858401611], [-122.0617297963595, 37.03263616417325], [-122.06174014389231, 37.032604284990356], [-122.06175021983647, 37.032572355253286], [-122.06175125581495, 37.03257005098235], [-122.06175202523856, 37.03256768069398], [-122.0617662210558, 37.03253676687598], [-122.06178015146858, 37.03250578398305], [-122.06178146378524, 37.032503572848626], [-122.06178251959851, 37.03250127378209], [-122.06180042678386, 37.03247162396051], [-122.06181807780027, 37.03244188530518], [-122.06181965462666, 37.032439787405], [-122.06182098597186, 37.032437583000835], [-122.06184242813238, 37.032409487832545], [-122.06186363348196, 37.03238127468685], [-122.06186545915855, 37.032379310809375], [-122.06186705363972, 37.032377221611476], [-122.06189182976382, 37.03235094415556], [-122.06191637991566, 37.03232453582653], [-122.06191843666701, 37.03232272512098], [-122.0619202790855, 37.03232077102001], [-122.06194814617683, 37.03229656922595], [-122.0619758090341, 37.03227221509569], [-122.0619780778783, 37.0322705742679], [-122.06198014977869, 37.03226877485841], [-122.062010836238, 37.0322468831031], [-122.06204134853681, 37.03222481635237], [-122.062043807125, 37.03222336163092], [-122.06204608896114, 37.032221733794586], [-122.06207931121554, 37.03220235463096], [-122.06211236723401, 37.03218279611643], [-122.06212714072998, 37.0321749223029], [-122.06212826747957, 37.03217358270798], [-122.06216046765286, 37.03213908294337], [-122.06218648164328, 37.032113889682414], [-122.06221226379307, 37.03208853990213], [-122.06230426392138, 37.03200664038827], [-122.06232017663527, 37.03199380178283], [-122.06233530291102, 37.03198036599934], [-122.06234170401297, 37.03197569538823], [-122.06230480736151, 37.031951330528365], [-122.06224250595386, 37.031901203652176], [-122.06218663307654, 37.03184642222204], [-122.06213772674651, 37.03178751394524], [-122.06209625792862, 37.03172504611122], [-122.06206262599234, 37.03165962023706], [-122.06203715484529, 37.03159186653784], [-122.06202008964, 37.03152243750039], [-122.06201159482676, 37.0314520017381], [-122.06201175209745, 37.0313812375745], [-122.06202056001781, 37.031310826460015], [-122.0620379337701, 37.03124144656998], [-122.06206370579832, 37.031173766139474], [-122.06209762813971, 37.031108436811465], [-122.06213937395934, 37.031046087790145], [-122.06216845347487, 37.031011329793486], [-122.06216985570289, 37.0310027728441], [-122.06217254030156, 37.030990925897534], [-122.06217426266825, 37.0309789637177], [-122.06218042527004, 37.0309561308072], [-122.0621856332546, 37.03093314837983], [-122.06218975321752, 37.03092156976816], [-122.0621929297569, 37.03090980017364], [-122.06220903027834, 37.03086170028872], [-122.06221195205215, 37.030854419568804], [-122.06221416667027, 37.0308469804716], [-122.062225463358, 37.03082075026818], [-122.06223606308414, 37.03079433670795], [-122.06223986046273, 37.03078732134029], [-122.0622429741999, 37.030780091443496], [-122.06225742263933, 37.03075487651956], [-122.06225986111322, 37.03075037164067], [-122.06226459447085, 37.030719215575154], [-122.06227090814862, 37.03068977889895], [-122.06227665924078, 37.03066026719608], [-122.0622783849209, 37.03065491927835], [-122.06227955266844, 37.03064947491778], [-122.06228943514978, 37.030620675073166], [-122.06229876612504, 37.03059175846387], [-122.06230113742029, 37.03058657177129], [-122.06230296502936, 37.03058124557124], [-122.06231631964872, 37.03055336330104], [-122.06232914200687, 37.03052531682352], [-122.06233213626984, 37.03052034093418], [-122.06233460601501, 37.03051518449478], [-122.06235130491596, 37.03048848623278], [-122.06236749443757, 37.030461582298685], [-122.06237108239945, 37.03045686583689], [-122.06237417085433, 37.03045192809903], [-122.06239405335835, 37.03042667064451], [-122.06241345394568, 37.03040116843289], [-122.06241760120659, 37.03039675673724], [-122.06242127843916, 37.03039208541852], [-122.06244415437169, 37.03036851064445], [-122.06246657803456, 37.030344657273574], [-122.06247124449493, 37.0303405929334], [-122.0624754752118, 37.030336232914586], [-122.06250112183362, 37.03031457044773], [-122.06252635486008, 37.03029259291141], [-122.0625314961975, 37.030288914516454], [-122.0625362391762, 37.03028490828784], [-122.06256440984623, 37.03026536593238], [-122.06259220891052, 37.03024547674827], [-122.06259777487692, 37.030242220227414], [-122.06260298512753, 37.03023860583264], [-122.06263341165788, 37.03022137003965], [-122.06266350601408, 37.03020376257942], [-122.06266944304573, 37.03020095923824], [-122.06267507022027, 37.03019777161388], [-122.0627074555293, 37.03018301066853], [-122.06273955935347, 37.0301678520444], [-122.0627458111331, 37.03016552856965], [-122.06275180032239, 37.03016279874024], [-122.06278583383197, 37.03015065404991], [-122.06281963670467, 37.030138091078975], [-122.06282614190413, 37.03013627024189], [-122.06283243657738, 37.03013402399117], [-122.0628677949862, 37.03012461117335], [-122.06290296688968, 37.03011476627079], [-122.06290966267258, 37.03011346551255], [-122.06291620218852, 37.03011172462571], [-122.06295254202576, 37.030105135612686], [-122.06298874722857, 37.0300981022143], [-122.06299557003494, 37.03009733383254], [-122.06300229077598, 37.030096115293986], [-122.06303926014884, 37.03009241382865], [-122.06307615177293, 37.03008825932267], [-122.06308303574085, 37.03008803081955], [-122.06308987291828, 37.03008734628633], [-122.0631271133103, 37.0300865679364], [-122.06316433874208, 37.03008533244432], [-122.06317121874854, 37.030085646099884], [-122.06317810549984, 37.030085502165], [-122.06321525975764, 37.03008765393547], [-122.06325245896691, 37.03008934984813], [-122.06325926691879, 37.0300902026009], [-122.0632661385828, 37.03009060055662], [-122.06330285371173, 37.03009566208366], [-122.063339663652, 37.03010027274392], [-122.06334633399474, 37.03010165623436], [-122.06335312462204, 37.03010259240523], [-122.06338904606008, 37.03011051527997], [-122.06342511313561, 37.030117995982465], [-122.06343158239663, 37.03011989709017], [-122.06343822565557, 37.0301213622994], [-122.06347300301846, 37.030132069121684], [-122.06350798441169, 37.030142348835945], [-122.06351419075409, 37.03014474940577], [-122.06352062228589, 37.03014672944437], [-122.06355392471596, 37.03016011818042], [-122.06358747953831, 37.030173096866804], [-122.06359336130808, 37.030175972976195], [-122.06359952107765, 37.030178449432896], [-122.06363102793387, 37.03019439162901], [-122.0636628328082, 37.0302099438771], [-122.06366833546775, 37.0302132688654], [-122.0636741619432, 37.03021621700744], [-122.06370356339269, 37.03023455536074], [-122.06373331869231, 37.03025253503554], [-122.06373838889417, 37.0302562768432], [-122.06374382632205, 37.030259668287684], [-122.06377084410282, 37.03028022879852], [-122.0637982582062, 37.03030046026255], [-122.06380284625638, 37.030304582261685], [-122.0638078432012, 37.03030838487405], [-122.06383221833434, 37.03033097034876], [-122.06385702606032, 37.03035325789182], [-122.06386108792405, 37.03035772034436], [-122.06386559615187, 37.03036189759842], [-122.06388709440036, 37.03038629174862], [-122.06390905622116, 37.03041041958141], [-122.06391255273826, 37.030415179452504], [-122.06391652878277, 37.030419691073774], [-122.06393494200384, 37.03044565825645], [-122.06395384759169, 37.03047139468477], [-122.06395674525682, 37.0304764061898], [-122.06396015074888, 37.03048120878911], [-122.06397530055871, 37.030508497730985], [-122.06397548903904, 37.03050882372366], [-122.06403219775636, 37.030512471329814], [-122.06442446738295, 37.030533874985366], [-122.06442456822859, 37.03053388452416], [-122.06442466984718, 37.03053388604654], [-122.06476626664944, 37.03055258582803], [-122.06480716112758, 37.030556448063045], [-122.06484808209656, 37.03056009406543], [-122.06485098092737, 37.03056058663443], [-122.06485392365198, 37.0305608645642], [-122.06489414632465, 37.030567921372246], [-122.06493442725959, 37.0305747659844], [-122.0651377255093, 37.03061776550706], [-122.06513822584134, 37.03061789267123], [-122.06513873835114, 37.03061798026952], [-122.06518027703432, 37.0306285817588], [-122.06522186130879, 37.03063915204356], [-122.06522234329131, 37.03063931782324], [-122.06522284305714, 37.03063944534315], [-122.0653207422833, 37.03066874505639], [-122.06534175927322, 37.03067599583846], [-122.06536318244082, 37.03068244242781], [-122.06538227444831, 37.03068997352005], [-122.06540181786501, 37.03069671591997], [-122.06542184814974, 37.03070558378862], [-122.06544237907492, 37.030713682462036], [-122.06551637866974, 37.03074658219383], [-122.06553138698852, 37.03075404937036], [-122.06554691795753, 37.03076079521038], [-122.06556886438494, 37.03077269559833], [-122.06559137492458, 37.03078389534569], [-122.06560539762444, 37.03079250566496], [-122.06562002955559, 37.03080043976872], [-122.06565692941463, 37.03082263962721], [-122.06567371857057, 37.030833813505126], [-122.06571286851938, 37.03080481106623], [-122.06578325413386, 37.03076211279195], [-122.06585852074832, 37.03072515131534], [-122.06593794355705, 37.03069428256517], [-122.06602075777818, 37.03066980374595], [-122.06610616588095, 37.030651950690945], [-122.06619334537396, 37.03064089530975], [-122.06628145658185, 37.03063674393699], [-122.06632395107779, 37.030638089619195], [-122.06632491048282, 37.03063776545164], [-122.0663290632708, 37.03063673311958], [-122.06633308683479, 37.030635410239185], [-122.06637120914428, 37.03062625627671], [-122.0664092144007, 37.03061680869467], [-122.0665742129109, 37.03058280897684], [-122.06666067288897, 37.0305685779799], [-122.06674845626546, 37.030561209900945], [-122.06683671773, 37.030560775610034], [-122.06692460727922, 37.03056727932886], [-122.06701127853792, 37.03058065842593], [-122.06709589684449, 37.03060078411095], [-122.06717764721952, 37.03062746248892], [-122.06725574254607, 37.0306604366974], [-122.06731872077302, 37.0306937277655], [-122.06734337198276, 37.03069055920465], [-122.06734863137594, 37.03069030254085], [-122.06735384349211, 37.030689682689605], [-122.06739267084673, 37.03068815342818], [-122.0674314721844, 37.030686259962124], [-122.06743673763934, 37.03068641780818], [-122.0674420004752, 37.030686210564284], [-122.06755789936028, 37.030686210551465], [-122.06758917987324, 37.030687442595145], [-122.06762049184937, 37.03068795880154], [-122.06763323672453, 37.030689177774875], [-122.06764605632598, 37.03068968269998], [-122.06767703613204, 37.03069336697414], [-122.06770813367712, 37.03069634131719], [-122.06791133187689, 37.03072394102225], [-122.06794010445533, 37.03072902462732], [-122.0679690717787, 37.030733352935336], [-122.06803257117866, 37.030745452798804], [-122.06803290112472, 37.030745529576045], [-122.06803323847376, 37.03074558018053], [-122.06804767348663, 37.030748340086326], [-122.06811275084891, 37.030753633260574], [-122.06824125949149, 37.03075624130838], [-122.06825239945073, 37.03075690694933], [-122.06826356946381, 37.030756916331775], [-122.0683878683812, 37.03076191630397], [-122.06839690059984, 37.030762637134075], [-122.06840597537854, 37.030762791494034], [-122.06844079987503, 37.03076614068624], [-122.06847569771084, 37.03076892580375], [-122.06848459740709, 37.030770352829336], [-122.06849361041824, 37.03077121961908], [-122.06854412394384, 37.03077810782501], [-122.06854421003473, 37.03077811958813], [-122.06878127302582, 37.03081037610658], [-122.06882447793438, 37.03081438011632], [-122.06883454981538, 37.030815717791306], [-122.06884471743713, 37.03081644263022], [-122.06887806652111, 37.03082149756309], [-122.06891155456648, 37.03082594530878], [-122.06892141426569, 37.03082806805791], [-122.0689314445696, 37.0308295883837], [-122.06896401621242, 37.03083723990948], [-122.06899679816121, 37.03084429760817], [-122.069006350367, 37.030847184763], [-122.0690161469538, 37.030849486118306], [-122.06904762758965, 37.03085966083785], [-122.06907938756365, 37.03086926030045], [-122.06908854087214, 37.03087288419249], [-122.06909800901074, 37.0308759443812], [-122.06912809470597, 37.03088854418308], [-122.06915852757784, 37.030900592967726], [-122.0691671932617, 37.03090491846803], [-122.06917624213091, 37.0309087081137], [-122.06920464149782, 37.03092361091809], [-122.0692334560209, 37.030937993796755], [-122.06924155216784, 37.030942980061035], [-122.06925009317654, 37.0309474620528], [-122.06927653430472, 37.030964525020615], [-122.06930345121593, 37.0309811027923], [-122.06931089781416, 37.03098670060823], [-122.0693188507525, 37.03099183276315], [-122.0693430800789, 37.031010892737704], [-122.06936783915243, 37.031029504627284], [-122.06937456557212, 37.031035660619615], [-122.06938185279631, 37.03104139311299], [-122.06940363467864, 37.03106226472358], [-122.06942599972656, 37.03108273319822], [-122.069431941475, 37.03108938854132], [-122.06943849238336, 37.031095665654505], [-122.06945761678436, 37.03111814732571], [-122.06947737287132, 37.031140275999725], [-122.06948247249349, 37.031147366334395], [-122.06948822429564, 37.03115412790295], [-122.06950450876839, 37.031178005025026], [-122.06952146367207, 37.031201578761234], [-122.06952567152659, 37.03120903510223], [-122.0695305694663, 37.031216216697935], [-122.06954385627088, 37.03124125835892], [-122.06955784769387, 37.03126605116727], [-122.0695611240505, 37.031273803074534], [-122.06956511996611, 37.03128133419127], [-122.06958622043926, 37.03132723407119], [-122.06958843631713, 37.03133289613687], [-122.06959122173873, 37.031338395277615], [-122.06960164358861, 37.031366644742164], [-122.06961264371853, 37.03139475307311], [-122.0696141568942, 37.03140056313747], [-122.06961625628777, 37.03140625358486], [-122.0696231737825, 37.03143518353229], [-122.06963068512273, 37.031464023397966], [-122.06963148066497, 37.031469924195186], [-122.06963287433139, 37.031475752431945], [-122.0696362217854, 37.031505087690576], [-122.06964017096564, 37.0315343779096], [-122.06964024135841, 37.03154031259242], [-122.0696409157011, 37.03154622253492], [-122.06964066056128, 37.031575681521716], [-122.06964100976114, 37.03160513911751], [-122.06964035423913, 37.03161105044075], [-122.0696403028662, 37.031616985250416], [-122.0696364476171, 37.031646280526786], [-122.06963319360875, 37.03167562549743], [-122.06963181835921, 37.03168145771254], [-122.06963104175631, 37.03168735898204], [-122.06962362401117, 37.03171620825164], [-122.0696167975503, 37.03174515824686], [-122.06961471597317, 37.03175085421939], [-122.06961322156532, 37.03175666611961], [-122.06960231154616, 37.03178479608471], [-122.06959197949293, 37.03181306768449], [-122.06958921193979, 37.0318185718668], [-122.06958701389094, 37.03182423916215], [-122.06956831423874, 37.03186523932868], [-122.06955805635984, 37.03188471045703], [-122.06954876724679, 37.03190449070137], [-122.06954089523704, 37.03191728499037], [-122.0695339713942, 37.031930427445474], [-122.06952138273286, 37.03194899826733], [-122.06950971975299, 37.03196795376549], [-122.06950032120571, 37.03198006813891], [-122.06949182407105, 37.03199260296514], [-122.06947702541343, 37.03201009531619], [-122.06946310132118, 37.03202804270282], [-122.06945226716154, 37.0320393598781], [-122.06944227825072, 37.03205116692477], [-122.06942541242161, 37.032067411827356], [-122.06940936097405, 37.03208417889875], [-122.06939719472086, 37.03209459079621], [-122.06938581099992, 37.032105555351926], [-122.06936704091207, 37.03212039624499], [-122.06934901619776, 37.03213582168351], [-122.06933563601685, 37.032145227008705], [-122.06932296624643, 37.03215524455033], [-122.06930247093618, 37.03216853969218], [-122.06928264826811, 37.03218247361423], [-122.06926818298693, 37.0321907819733], [-122.06925434909903, 37.03219975592326], [-122.06923232791557, 37.032211375990784], [-122.06921089634193, 37.03222368556711], [-122.0691954842118, 37.032230817547216], [-122.06918062039146, 37.032238660798825], [-122.06915728359326, 37.03224849476316], [-122.06913445122738, 37.032259060474786], [-122.0690574507292, 37.032290760723996], [-122.06897704881021, 37.03231995798277], [-122.06889346444575, 37.03234269634384], [-122.06880750253958, 37.03235875685652], [-122.06871999104835, 37.03236798493334], [-122.06863177264586, 37.03237029154662], [-122.06854369717318, 37.032365654521634], [-122.06845661264254, 37.03235411855592], [-122.06845040149275, 37.03235278357639], [-122.06844869271019, 37.03238067549635], [-122.06843574232461, 37.0324506740138], [-122.06841429634251, 37.03251931780843], [-122.06838456137588, 37.032585945784845], [-122.0683468237422, 37.03264991631139], [-122.06830144680605, 37.03271061323895], [-122.06824886753209, 37.03276745200377], [-122.06818959236911, 37.03281988527445], [-122.06812419212845, 37.03286740805009], [-122.06805329663865, 37.032909562666745], [-122.06797758873284, 37.03294594316745], [-122.06789779745668, 37.03297619903526], [-122.06781469127404, 37.03300003910643], [-122.06772907050856, 37.03301723358463], [-122.0676417598863, 37.0330276169573], [-122.06755360019895, 37.033031089282446], [-122.06748629961204, 37.0330310893061], [-122.0674524389033, 37.03302975564387], [-122.06741855196499, 37.03302904076053], [-122.06740838003307, 37.03302802028356], [-122.06739813995172, 37.033027617002794], [-122.06736460662114, 37.03302362908811], [-122.06733096898667, 37.03302025456133], [-122.06732096980461, 37.03301843949432], [-122.06731082937644, 37.03301723356725], [-122.0672779472202, 37.033010630092605], [-122.0672448819781, 37.03300462811926], [-122.06721248105588, 37.032997390034794], [-122.06713508373565, 37.03298667733008], [-122.06712694740229, 37.03298521834521], [-122.06711869110703, 37.03298428285393], [-122.06708389240136, 37.03297749776737], [-122.06704894614059, 37.03297123126042], [-122.06704102746103, 37.03296913993295], [-122.0670329252151, 37.03296756015103], [-122.06699912247106, 37.03295807279748], [-122.0669651117362, 37.03294909056854], [-122.0669574869209, 37.032946387058715], [-122.06694961690674, 37.032944178204104], [-122.06685411617637, 37.03291307794066], [-122.06683193832335, 37.03290481719442], [-122.06680933157857, 37.032897343422526], [-122.06679193792712, 37.032889918040034], [-122.06677406781519, 37.032883261862125], [-122.0667530086146, 37.03287329903342], [-122.06674789327772, 37.03287111534793], [-122.06672916037472, 37.032871192090624], [-122.06671865269043, 37.0328704058029], [-122.06670810130316, 37.032870250694714], [-122.06667473175634, 37.03286711939715], [-122.06664127649778, 37.03286461605568], [-122.0664085744634, 37.03283791570475], [-122.06639232298886, 37.032835393157995], [-122.06637590764007, 37.032833674454295], [-122.06596630390294, 37.03277427388708], [-122.0659626142476, 37.032773587356836], [-122.0659588623952, 37.03277316877517], [-122.06591962843441, 37.032765589359684], [-122.06588032342275, 37.032758276187685], [-122.06587673577111, 37.032757303089994], [-122.06587305283139, 37.032756591640926], [-122.06583493780833, 37.03274596659674], [-122.06579671271756, 37.03273559901633], [-122.06579326057681, 37.03273434844902], [-122.06578968311771, 37.03273335118116], [-122.06552932772101, 37.032649079044404], [-122.06527451046303, 37.03257360576306], [-122.06527249476396, 37.03257291689463], [-122.06527040893306, 37.032572381794154], [-122.06524255763703, 37.03256273422524], [-122.06521302658386, 37.03257049711913], [-122.06520446461855, 37.03257238030334], [-122.06519611222544, 37.03257479579506], [-122.06516191690355, 37.032581738336845], [-122.06512790611923, 37.03258921874868], [-122.06511915586431, 37.03259041988257], [-122.06511054777116, 37.032592167575935], [-122.06502454698634, 37.032606067611624], [-122.06498596940435, 37.03261073720159], [-122.06494745855814, 37.03261575894288], [-122.0647519362389, 37.032633412975365], [-122.06462747730448, 37.0326470269714], [-122.06457267526062, 37.03265370466992], [-122.06416104805949, 37.03277124488128], [-122.0638241843713, 37.03288924738206], [-122.06391632013059, 37.03297344735957], [-122.06396399831702, 37.03300817287939], [-122.06397355886222, 37.03301585552653], [-122.0639837488052, 37.03302299859962], [-122.06406087135599, 37.03308266088579], [-122.06406089318635, 37.03308267773397], [-122.06406104889089, 37.03308279821804], [-122.06414067127474, 37.03314436050173], [-122.06415623090314, 37.03315763246798], [-122.06417256200393, 37.0331702953084], [-122.06432956223242, 37.03330459444309], [-122.06433621360067, 37.03331087524068], [-122.06434343476982, 37.033316736059874], [-122.06436476360147, 37.0333378346887], [-122.06438668925412, 37.033358538787844], [-122.0643925403567, 37.03336531156822], [-122.064399010597, 37.03337171199264], [-122.06454221139576, 37.03352851115069], [-122.0645609967057, 37.03355135274766], [-122.0645804121355, 37.03357385335037], [-122.0647032131328, 37.033732252555396], [-122.06471829072926, 37.033754014853606], [-122.06473415261287, 37.03377541619004], [-122.06473971020344, 37.03378493060513], [-122.0647460730645, 37.03379411442249], [-122.06475841740365, 37.033816956596745], [-122.06477158639953, 37.03383950149654], [-122.06477595391353, 37.03384940657265], [-122.06478116345004, 37.033859046422016], [-122.06479065578709, 37.03388274903835], [-122.06480100492128, 37.03390621980542], [-122.06490027889222, 37.03417224223968], [-122.06490027900243, 37.034172242420816], [-122.06490030763193, 37.034172319175696], [-122.06497108689088, 37.034361906823065], [-122.06501204872613, 37.03444216004157], [-122.06506439048307, 37.03451953125847], [-122.0653907208627, 37.03482417145587], [-122.0653908349183, 37.034824277908776], [-122.06539086582256, 37.034824306726726], [-122.0655277917116, 37.034952066631995], [-122.06564314368269, 37.035035230227756], [-122.0656452966717, 37.03503694290465], [-122.06564763674339, 37.03503849146679], [-122.06567662443005, 37.035061863480635], [-122.06570580121974, 37.035085073101186], [-122.06570773489355, 37.035086947114], [-122.06570987379776, 37.03508867166749], [-122.06573586351003, 37.035114208128405], [-122.0657620631378, 37.035139599577995], [-122.06576375805022, 37.03514161611485], [-122.06576567619194, 37.03514350082128], [-122.06578841917643, 37.0351709572069], [-122.06581138773426, 37.035198284480316], [-122.06581282814903, 37.035200424758564], [-122.06581450641818, 37.03520245089882], [-122.06583378030551, 37.03523155810587], [-122.06585329990386, 37.03526056268137], [-122.06585447190433, 37.03526280621997], [-122.06585589412582, 37.03526495410652], [-122.06596720231778, 37.03545502275839], [-122.06607115365946, 37.03559746322091], [-122.06608867556095, 37.035624426846965], [-122.06610666352248, 37.03565119835382], [-122.06632825825501, 37.036023695110295], [-122.06647393132377, 37.03625666093092], [-122.06654178878802, 37.03632620606678], [-122.0665550525335, 37.036318391673035], [-122.06657712741436, 37.03630788938232], [-122.06659864732394, 37.036296667817695], [-122.0667249465984, 37.03623766821493], [-122.06674401661681, 37.03622973794026], [-122.06676256116349, 37.03622104842287], [-122.06678316857209, 37.036213456452714], [-122.06680330181563, 37.03620508400937], [-122.06682324779518, 37.036198690925694], [-122.06684276716187, 37.036191499805255], [-122.0668642048958, 37.036185563380535], [-122.06688526354064, 37.03617881360798], [-122.06690589482997, 37.03617401868152], [-122.06692619960403, 37.03616839594796], [-122.06707706782234, 37.03613315757068], [-122.06708765689757, 37.03612573826389], [-122.0671895116679, 37.03602635070828], [-122.06720738215516, 37.036001906844014], [-122.06727127795311, 37.03590403287037], [-122.06728780288856, 37.03588148731939], [-122.0673036010175, 37.03585861037503], [-122.06731015125798, 37.03585099677461], [-122.06731599654248, 37.035843021847846], [-122.06733519894625, 37.0358218828862], [-122.0673537174871, 37.03580035797272], [-122.0673611672298, 37.03579329552779], [-122.0673679592165, 37.03578581858427], [-122.06738965297136, 37.035766290806684], [-122.06741071466898, 37.03574632421093], [-122.0674189921304, 37.03573988113316], [-122.06742666551457, 37.03573297386087], [-122.06745064222476, 37.03571524492071], [-122.06747404368116, 37.03569702938319], [-122.06755414349905, 37.0356405297025], [-122.06757113103278, 37.03562968509132], [-122.06758742272818, 37.035618174640355], [-122.06760563620965, 37.03560765740356], [-122.06762319442106, 37.03559644850492], [-122.06764142596808, 37.035586991005474], [-122.0676590465229, 37.0355768161417], [-122.06767845697846, 37.03556778128456], [-122.06769730215525, 37.035558005444756], [-122.06771660289147, 37.03555002580464], [-122.06773538188607, 37.035541284882015], [-122.0677558038657, 37.035533818651814], [-122.06777575314916, 37.03552557088208], [-122.0677959362737, 37.03551914632418], [-122.06781569391177, 37.03551192302052], [-122.06789279333348, 37.03548732322492], [-122.06792863413789, 37.03547749139132], [-122.06796430103462, 37.03546726048099], [-122.06797037905368, 37.03546603995069], [-122.0679763083321, 37.03546441343088], [-122.0680131795787, 37.03545744513538], [-122.06804992462061, 37.03545006632897], [-122.06805612344695, 37.035449329174874], [-122.06806222210848, 37.03544817658761], [-122.06809976497814, 37.03544413940945], [-122.06813723808159, 37.0354396831493], [-122.06814349691149, 37.03543943664569], [-122.06814970736971, 37.03543876880593], [-122.06818756227584, 37.03543770120396], [-122.06822540053223, 37.03543621097086], [-122.06836089927847, 37.03543621099051], [-122.06836710005365, 37.03543645519458], [-122.0683733048338, 37.03543627955553], [-122.06841116921896, 37.035438190828266], [-122.06844906177382, 37.03543968315697], [-122.06845520320329, 37.03544041346868], [-122.06846139920637, 37.035440726227236], [-122.06849884507956, 37.03544560323248], [-122.0685078498527, 37.035446674127265], [-122.06852339022022, 37.035438574601976], [-122.06865530091389, 37.03535237346067], [-122.06867129844481, 37.03534292765088], [-122.06868663411028, 37.03533280491693], [-122.06870681106172, 37.035321959125625], [-122.06872637348583, 37.03531040847655], [-122.06874344775417, 37.035302265795686], [-122.06875994824377, 37.0352933962232], [-122.06889244749266, 37.03522949675755], [-122.0689236796034, 37.03521606168576], [-122.06892751954535, 37.03521433245776], [-122.06894959081987, 37.03516780748905], [-122.06898890409548, 37.03510444941088], [-122.06903577437855, 37.03504448554143], [-122.06908975014262, 37.034988493464695], [-122.06915031163601, 37.03493701236993], [-122.06921687566432, 37.03489053813195], [-122.06928880105008, 37.03484951821633], [-122.0693653953158, 37.034814347585886], [-122.06944592068659, 37.03478536514257], [-122.06952960167035, 37.03476284982111], [-122.06961563238994, 37.03474701857363], [-122.06970318448408, 37.034738023817866], [-122.0697914146553, 37.034735952144324], [-122.06987947322307, 37.03474082357236], [-122.06996651222396, 37.03475259107267], [-122.07005169349523, 37.034771141442015], [-122.07013419664844, 37.03479629599649], [-122.07021322702855, 37.03482781243647], [-122.07028802377928, 37.0348653872532], [-122.07035786643938, 37.034908658754716], [-122.07042208243936, 37.034957210008734], [-122.07048005322768, 37.035010573577416], [-122.07053122063172, 37.0350682354429], [-122.07057509196355, 37.03512964045521], [-122.07061124445936, 37.035194197144115], [-122.07063933015304, 37.035261283796174], [-122.07065907839154, 37.03533025433345], [-122.07067029901913, 37.035400444647856], [-122.0706728839913, 37.035471178653104], [-122.07066968553535, 37.03560067869592], [-122.07066938059478, 37.03560422216305], [-122.07066946673417, 37.035607773200425], [-122.0706663431462, 37.035639515136864], [-122.07066360983258, 37.035671275183425], [-122.07066287329937, 37.03567477696022], [-122.07066252475711, 37.03567831837309], [-122.07065553556642, 37.03570966099522], [-122.0706489320898, 37.03574105432232], [-122.07064777065196, 37.03574448219075], [-122.07064699100985, 37.03574797831142], [-122.07063620479522, 37.03577861702955], [-122.07062579348846, 37.03580934413633], [-122.070624218577, 37.03581266420274], [-122.07062301520426, 37.03581608227765], [-122.07055691677954, 37.0359737827398], [-122.07055431051936, 37.03597911828913], [-122.0705522599664, 37.03598460773468], [-122.07053884614145, 37.036010833493805], [-122.0705260745403, 37.03603726358297], [-122.07052533099092, 37.03603844364594], [-122.07052472961756, 37.036039674670384], [-122.0705214833472, 37.03604477994405], [-122.07051877169046, 37.03605008158527], [-122.0705022168741, 37.036075125780336], [-122.07048627441185, 37.03610042635231], [-122.07048538985185, 37.03610154275281], [-122.07048464116247, 37.036102720071014], [-122.07048078663306, 37.03610754528923], [-122.07047743955896, 37.03611260875795], [-122.07045790159845, 37.036136232488275], [-122.07043894339971, 37.036160157409725], [-122.07034754829965, 37.03626387598139], [-122.07027301752562, 37.03639305294458], [-122.07025452815853, 37.036434768924465], [-122.070280008597, 37.03644923845876], [-122.07034669093348, 37.03649560496077], [-122.07040738314856, 37.03654698786244], [-122.07046150096402, 37.03660289250167], [-122.07050852303475, 37.03666278036023], [-122.07054799661377, 37.036726074786685], [-122.07057954142518, 37.036792166164176], [-122.07060285375096, 37.036860417981664], [-122.07061770905565, 37.03693017298362], [-122.07062396427239, 37.03700075940739], [-122.0706215589617, 37.037071497482344], [-122.07061051647034, 37.037141705928924], [-122.07059094295154, 37.037210708621394], [-122.07055363753712, 37.03731764970857], [-122.07056156422004, 37.03734190477846], [-122.07057097145405, 37.03736830597158], [-122.07057274555012, 37.03737611873024], [-122.07057525593196, 37.03738380042349], [-122.07058064664969, 37.03741091426099], [-122.0705867802739, 37.037437926109796], [-122.07059608097474, 37.03749452612793], [-122.07059892108944, 37.03752226782337], [-122.07060248577461, 37.03754995425958], [-122.07060252987385, 37.0375575168471], [-122.0706033014475, 37.03756505331367], [-122.07060318864725, 37.03757060850648], [-122.07062215115816, 37.03756318173422], [-122.07064343470869, 37.037553888483544], [-122.07066178375253, 37.037547659463144], [-122.07067968683513, 37.03754064768266], [-122.0707024012094, 37.03753387099203], [-122.07072471851095, 37.03752629488633], [-122.07091157308085, 37.03747136414654], [-122.07091299118936, 37.03747074553036], [-122.0709302926515, 37.03745492254961], [-122.07099983912696, 37.03738457022291], [-122.07149481371455, 37.036802315870176], [-122.07150998892152, 37.03678622241632], [-122.07152430169522, 37.03676963139655], [-122.07153658629987, 37.036758015490605], [-122.07154804298672, 37.03674586560257], [-122.07156511260862, 37.03673104226196], [-122.07158138502567, 37.03671565561255], [-122.0715950311962, 37.03670506064901], [-122.07160791777929, 37.03669386977088], [-122.07162671726438, 37.03668045929762], [-122.07164479291565, 37.03666642515463], [-122.07165966931728, 37.03665695313435], [-122.0716738614735, 37.036646829180874], [-122.0716942094584, 37.03663496076672], [-122.07171391444183, 37.036622414239346], [-122.07172987648276, 37.03661415714407], [-122.07174523889685, 37.036605196676575], [-122.07176694116771, 37.036594983818595], [-122.07178808409279, 37.03658404662876], [-122.07180497901943, 37.03657708348651], [-122.07182136277726, 37.0365693734052], [-122.07184420775292, 37.03656091549317], [-122.07186658754965, 37.03655169180011], [-122.07188425353849, 37.03654608939928], [-122.0719014999824, 37.03653970426934], [-122.07192526956325, 37.036533082073504], [-122.07194866881153, 37.036525661486536], [-122.07196693361855, 37.036521474455526], [-122.07198487875186, 37.03651647491907], [-122.07200934267408, 37.036511752529236], [-122.0720335373216, 37.03650620612749], [-122.07205222798517, 37.03650347421638], [-122.07207069614839, 37.03649990919663], [-122.07209561886819, 37.03649713191267], [-122.0721203758561, 37.036493513308336], [-122.07213930934095, 37.03649226329878], [-122.07215812562272, 37.0364901664915], [-122.07218327013756, 37.03648936094348], [-122.07220834808786, 37.03648770520555], [-122.07222734187845, 37.03648794892049], [-122.07224632523295, 37.036487340723355], [-122.07227144734729, 37.0364885148267], [-122.0722966068046, 37.03648883765972], [-122.07231548046893, 37.03649057278685], [-122.07233444575373, 37.03649145914359], [-122.07235930173266, 37.036494601437845], [-122.07238430223298, 37.03649689978993], [-122.07240287326469, 37.03650010966894], [-122.0724216383256, 37.03650248194437], [-122.07244599062074, 37.03650756226893], [-122.07247058957012, 37.036511814052616], [-122.07248867878378, 37.0365164678075], [-122.07250706343835, 37.0365203031402], [-122.07253067731575, 37.036527272517795], [-122.0725546379714, 37.036533436762554], [-122.07257207085027, 37.036539489402195], [-122.07258989834598, 37.036544750986295], [-122.07261254671035, 37.03655354247185], [-122.07263563806339, 37.036561559683626], [-122.07265224688558, 37.03656895292968], [-122.07266934535996, 37.03657559011634], [-122.07269080987656, 37.03658611898599], [-122.07271280967767, 37.036595911982076], [-122.07272297683458, 37.036600976392094], [-122.0727362014063, 37.036599719978966], [-122.07282445428741, 37.03659832013005], [-122.07291245343764, 37.03660386166313], [-122.07299935128333, 37.03661629135403], [-122.07308431106647, 37.036635489361565], [-122.0731533331524, 37.03665713676742], [-122.07318513354333, 37.036656149357874], [-122.07327324774982, 37.036660354739375], [-122.07336042364291, 37.03667146370701], [-122.0734458214963, 37.03668936928871], [-122.07347336823183, 37.036697530291924], [-122.07352009201567, 37.03669717835998], [-122.07360801474678, 37.0367034524345], [-122.07369474696333, 37.036716605053286], [-122.07377945356312, 37.036736509452325], [-122.07386131866816, 37.03676297411882], [-122.07393955392797, 37.03679574411768], [-122.07401340601992, 37.03683450376387], [-122.07408216346731, 37.036878879920266], [-122.07414516435821, 37.036928445212425], [-122.07420180180281, 37.036982722307265], [-122.07425153040083, 37.03704118838008], [-122.07429387123527, 37.03710328056139], [-122.07432841642444, 37.03716840074951], [-122.07435483343203, 37.037235921863484], [-122.07437286780849, 37.03730519363319], [-122.07438234570242, 37.03737554883826], [-122.07438317591463, 37.03744631017476], [-122.07437535039368, 37.037516795847544], [-122.07435894448008, 37.03758632732428], [-122.07433411627864, 37.03765423482919], [-122.07430110466282, 37.03771986435869], [-122.07426022762623, 37.03778258388837], [-122.07421187894957, 37.037841789386796], [-122.07415652408159, 37.03789691073297], [-122.07409469613991, 37.03794741700384], [-122.07402699056233, 37.037992821751395], [-122.07395405953991, 37.038032687736916], [-122.07387660522139, 37.03806663093495], [-122.07379537370373, 37.038094324633114], [-122.07371114724192, 37.038115501985835], [-122.07363716698896, 37.038130951440756], [-122.07350635632065, 37.03816740689548], [-122.07350222238026, 37.03816837958931], [-122.07349821186999, 37.03816964169633], [-122.07345987779435, 37.03817834258983], [-122.07342165698958, 37.03818733541902], [-122.07341742473136, 37.03818797841953], [-122.07341327846626, 37.038188919554976], [-122.07337406148073, 37.038194566868185], [-122.07333492879282, 37.03820051256071], [-122.07333063820651, 37.03820081996035], [-122.07332639689366, 37.038201430706756], [-122.07324539616636, 37.03820983072432], [-122.07322400353827, 37.038211197990684], [-122.07320272511355, 37.03821342860909], [-122.07318003413215, 37.03821400826397], [-122.073157403341, 37.038215454634404], [-122.07313594734116, 37.03821513441132], [-122.07311449787991, 37.03821568228796], [-122.07309184569816, 37.03821447609609], [-122.07308714231566, 37.03821440590867], [-122.07308494438091, 37.03821562014583], [-122.07305849295867, 37.038227348535266], [-122.07303250530155, 37.03823972847169], [-122.07296420489139, 37.03826872870631], [-122.0728842652637, 37.03829874162942], [-122.0728010410201, 37.03832232858701], [-122.07271533350512, 37.038339262461875], [-122.07262796813883, 37.03834938005631], [-122.07253978640775, 37.03835258410309], [-122.0724516376508, 37.03834884365204], [-122.07236437061815, 37.03833819463509], [-122.0723545178191, 37.038336184266896], [-122.07232636664303, 37.03836466198867], [-122.07231167536136, 37.03837811136027], [-122.0722978160076, 37.03839211745224], [-122.07220301611216, 37.03847881796714], [-122.07220160523744, 37.03847998723294], [-122.07221113950438, 37.03848108254118], [-122.07229687097787, 37.03849793872381], [-122.07238012886003, 37.03852145013384], [-122.07246011106086, 37.03855139038298], [-122.07253604750022, 37.03858747104794], [-122.07260720692807, 37.038629344788305], [-122.07267290385974, 37.038676608284774], [-122.07273250572179, 37.0387288063509], [-122.07278543853229, 37.03878543639394], [-122.07283119246772, 37.03884595296491], [-122.0728351571417, 37.03885258817703], [-122.07285214825941, 37.03884977886298], [-122.07293993286797, 37.038842346602245], [-122.07302820347508, 37.03884184789019], [-122.07311611009143, 37.03884828744314], [-122.07320280601151, 37.03886160330167], [-122.07328745635513, 37.038881667077455], [-122.07336924602726, 37.03890828581817], [-122.07344738735243, 37.03894120287805], [-122.0735211276768, 37.038980101492506], [-122.07358975698642, 37.039024607000506], [-122.07365261426959, 37.03907429067989], [-122.07378391439465, 37.039188789971824], [-122.07378603212129, 37.039190829075515], [-122.07378837142633, 37.03919270549282], [-122.07381426566965, 37.039218014545305], [-122.07384039451205, 37.039243173446714], [-122.07384225261971, 37.03924536907977], [-122.07384435131185, 37.03924742029293], [-122.07386702393595, 37.03927463922987], [-122.07388995323234, 37.03930173288771], [-122.07389153431734, 37.039304064452736], [-122.07389337172684, 37.03930627028958], [-122.07391260695523, 37.03933513935863], [-122.07393211343714, 37.03936390453663], [-122.07393340159115, 37.03936634865354], [-122.0739349607617, 37.039368688700414], [-122.0739777613659, 37.03944128836024], [-122.07397996261724, 37.03944555214736], [-122.0739826093665, 37.03944964967715], [-122.07399683559717, 37.03947823418404], [-122.07401151831797, 37.03950667406112], [-122.07401318777039, 37.03951109054134], [-122.07401532062072, 37.0395153760586], [-122.07402598364096, 37.039544941783575], [-122.07403711802316, 37.039574397338924], [-122.07403823933363, 37.03957892329794], [-122.07403983808756, 37.03958335617237], [-122.07404683498143, 37.03961361783125], [-122.0740543141463, 37.039643806003134], [-122.0740548767035, 37.03964839845153], [-122.07405592569364, 37.03965293538388], [-122.07407550593197, 37.03976921007584], [-122.07410740310556, 37.039777951949205], [-122.07418772939343, 37.039807296724284], [-122.07426408091642, 37.03984281173232], [-122.07433572251647, 37.03988415502131], [-122.07440196412797, 37.03993092847426], [-122.07446216781591, 37.039982681559366], [-122.07451575390482, 37.04003891588445], [-122.07454325311245, 37.040074538184996], [-122.07460792353457, 37.04004811046569], [-122.0746079624088, 37.040048094543636], [-122.07469246213373, 37.040013526539255], [-122.07514536667007, 37.039808793245086], [-122.07514856317857, 37.03980750968424], [-122.07515160015323, 37.03980600160183], [-122.07543579844355, 37.039679902556074], [-122.07551503574955, 37.03964871332867], [-122.07559770495098, 37.03962390037047], [-122.07568300987765, 37.039605702473466], [-122.07577012915635, 37.03959429504687], [-122.07585822365887, 37.03958978783182], [-122.07594644505357, 37.039592224337134], [-122.07603394368432, 37.03960158108943], [-122.07611987699967, 37.03961776787907], [-122.07620341740797, 37.03964062899299], [-122.07628376047408, 37.03966994408962], [-122.07636013230632, 37.03970543096034], [-122.07643179751236, 37.0397467477544], [-122.0764980658998, 37.0397934967265], [-122.07655829929404, 37.03984522762464], [-122.07661191755588, 37.03990144215326], [-122.07665840447964, 37.039961599066714], [-122.0766973120081, 37.040025118979], [-122.07672826578468, 37.04009139017562], [-122.076750967557, 37.040159774490924], [-122.07676519859217, 37.04022961319365], [-122.07677082184354, 37.040300233854225], [-122.07676778322895, 37.04037095630376], [-122.07675611199981, 37.04044109939751], [-122.07673592032417, 37.04050998768195], [-122.076707402873, 37.04057695779175], [-122.07667083416105, 37.04064136455878], [-122.0766265663285, 37.040702587845864], [-122.07657502570204, 37.04076003801885], [-122.07651670878825, 37.040813161865174], [-122.07645217692935, 37.04086144751035], [-122.07638205184743, 37.04090443024299], [-122.07630700874441, 37.04094169588672], [-122.07602593316417, 37.04106640978512], [-122.07555983781481, 37.0412771067928], [-122.07554311012116, 37.04128382360685], [-122.07552688386923, 37.04129128780403], [-122.07552646845524, 37.04129145772678], [-122.0755347886445, 37.04129218671386], [-122.07562117925957, 37.04130673282237], [-122.07570537525461, 37.041327996792255], [-122.07578656591734, 37.041355773913686], [-122.0758639692921, 37.04138979669466], [-122.07593684001917, 37.04142973744573], [-122.07600447626689, 37.04147521148841], [-122.07606622665747, 37.04152578090456], [-122.07612149651311, 37.04158095873096], [-122.07616975353542, 37.04164021351017], [-122.076210533025, 37.0417029747391], [-122.07624344220663, 37.04176863786006], [-122.07626816408883, 37.04183657060023], [-122.07628446065658, 37.041906118675044], [-122.07629217493, 37.04197661229408], [-122.07629123246197, 37.04204737257264], [-122.07628164238388, 37.04211771811993], [-122.0762634971045, 37.042186971436784], [-122.07623697133177, 37.04225446548835], [-122.07620232041896, 37.04231955036185], [-122.07615987804476, 37.04238159919804], [-122.07611005298939, 37.04244001447619], [-122.07605332513215, 37.04249423357213], [-122.07599024077419, 37.04254373431091], [-122.07592140740533, 37.04258803997433], [-122.0758474880265, 37.0426267238544], [-122.07576919435179, 37.04265941343734], [-122.07575446069902, 37.042664845897384], [-122.07580232317127, 37.042672640014985], [-122.07588669424494, 37.04269345722672], [-122.0759681138415, 37.04272080333596], [-122.0760457975795, 37.042754414979406], [-122.07611899756378, 37.04279396841503], [-122.07618700864086, 37.04283908290578], [-122.07624917600712, 37.04288932384296], [-122.07630490088741, 37.04294420738738], [-122.07635364666335, 37.04300320511361], [-122.07639494376411, 37.04306574873501], [-122.07642839454431, 37.04313123591021], [-122.07645367681171, 37.04319903612941], [-122.07646476945742, 37.043244707740996], [-122.07654111375842, 37.043276584699704], [-122.07661503300069, 37.04331526960789], [-122.07668386616697, 37.04335957615492], [-122.07674695036675, 37.043409077694406], [-122.07680367807535, 37.04346329735247], [-122.07685350280721, 37.04352171311935], [-122.07689594490837, 37.04358376240099], [-122.07693059565048, 37.043648847549136], [-122.07695712109495, 37.04371634184018], [-122.07697526595912, 37.04378559527391], [-122.07698485533993, 37.04385594089661], [-122.07698579699881, 37.043926701218474], [-122.07698249781812, 37.043995501253534], [-122.07698197385571, 37.0440002887697], [-122.07698195793203, 37.04400509592292], [-122.07697985832029, 37.044037595930085], [-122.07697812044036, 37.044051365235035], [-122.07697741247055, 37.044065192310335], [-122.07697368007335, 37.04408654745601], [-122.07697097237174, 37.044108000894575], [-122.07696755953003, 37.0441215662502], [-122.07696516401344, 37.044135272207434], [-122.07695883834256, 37.044156231200304], [-122.07695352042894, 37.04417736857915], [-122.07694846499143, 37.04419060124568], [-122.07694440524739, 37.04420405222693], [-122.07693554709951, 37.04422441344402], [-122.0769276702372, 37.04424503108284], [-122.07692102144065, 37.04425780209099], [-122.07691533623695, 37.04427087003698], [-122.07690403108428, 37.04429043718483], [-122.07689367098722, 37.04431033673114], [-122.07688549214821, 37.04432252452217], [-122.07687823677435, 37.044335082132925], [-122.07686459384136, 37.0443536662236], [-122.07685184997683, 37.04437265654027], [-122.07684222034109, 37.04438414283414], [-122.07683346427996, 37.04439607013109], [-122.07681761436368, 37.04441349307092], [-122.07680260995035, 37.04443139041658], [-122.07679162204889, 37.04444206496881], [-122.07678144979567, 37.044453246687226], [-122.07676724983897, 37.04446734672487], [-122.07674333593694, 37.04448884254078], [-122.07671991064079, 37.04451068964541], [-122.07671396585651, 37.0445152427934], [-122.07670849434218, 37.044520161087235], [-122.07668206581751, 37.04453967541497], [-122.07665608319516, 37.044559575853], [-122.07664961063497, 37.044563639754514], [-122.07664356367962, 37.044568104757666], [-122.07661487356833, 37.044585450267874], [-122.07658658525565, 37.044603211651214], [-122.07657964758015, 37.04460674713132], [-122.07657308316756, 37.044610715846524], [-122.07654241026232, 37.04462572352882], [-122.07651208616834, 37.04464117686808], [-122.07650474877975, 37.04464415054226], [-122.07649773148017, 37.044647583989764], [-122.0764653720488, 37.04466010912784], [-122.07643330354124, 37.0446731057926], [-122.07642563865087, 37.0446754884759], [-122.0764182345295, 37.04467835426798], [-122.0763844980354, 37.044688276947326], [-122.07635099600037, 37.044698690994764], [-122.07632659575997, 37.0447051910617], [-122.0763151847736, 37.044707739905824], [-122.07630403174558, 37.04471093877643], [-122.07627268504459, 37.04471723295098], [-122.07624415114194, 37.04472360643832], [-122.07622001361547, 37.04540293300255], [-122.07621982289076, 37.04540490063366], [-122.07621986014387, 37.045406874547], [-122.07621699747652, 37.04547445230002], [-122.07621553344717, 37.04552139663695], [-122.07629599601135, 37.04552690920883], [-122.07638279554546, 37.04553981732097], [-122.07646759873015, 37.04555948288565], [-122.07654958888443, 37.04558571665543], [-122.07662797651983, 37.04561826586735], [-122.07670200661337, 37.04565681718366], [-122.07677096633483, 37.04570099927562], [-122.07683419140976, 37.04575038665836], [-122.07689107315504, 37.04580450371153], [-122.0769410635965, 37.04586282922552], [-122.07698368136555, 37.045924801675156], [-122.07701851602681, 37.0459898240303], [-122.07701927897854, 37.04599175022615], [-122.07715719197917, 37.04599527799132], [-122.0771630654108, 37.045995660083456], [-122.07716895843367, 37.04599564075238], [-122.07751971385828, 37.04600829780879], [-122.07788375872148, 37.04601165881932], [-122.0779718778786, 37.04601594463863], [-122.078059048679, 37.04602713318317], [-122.07814443152216, 37.04604511661319], [-122.07822720434947, 37.04606972187588], [-122.07830656993917, 37.04610071184333], [-122.07838176396743, 37.04613778816941], [-122.07845206228717, 37.046180593779575], [-122.07851678785535, 37.046228716529974], [-122.07857531732328, 37.04628169286382], [-122.07862708716313, 37.04633901263594], [-122.07867159867257, 37.04640012374834], [-122.07870842319124, 37.04646443786917], [-122.07873720608838, 37.046531335511126], [-122.07875767006063, 37.04660017236653], [-122.07876961809256, 37.04667028563995], [-122.07877293507272, 37.0467410000097], [-122.07876758906104, 37.04681163448836], [-122.0787536314388, 37.04688150873356], [-122.07873119671326, 37.04694994998755], [-122.07870050076049, 37.04701629901283], [-122.07866183939498, 37.04707991684181], [-122.07861558481203, 37.047140190788895], [-122.07856218248148, 37.047196540285896], [-122.0785021465774, 37.04724842288631], [-122.07843605542739, 37.0472953386473], [-122.078364545482, 37.04733683594242], [-122.07828830553653, 37.04737251502283], [-122.07820806959418, 37.04740203228899], [-122.07812461053037, 37.04742510339678], [-122.07803873218283, 37.047441506351255], [-122.07795126146085, 37.04745108297799], [-122.07786304089564, 37.047453741118986], [-122.07773632358513, 37.047452571290535], [-122.07749113946724, 37.047781147567555], [-122.0774771144569, 37.04779800571174], [-122.07746398422981, 37.0478153211535], [-122.07746383498423, 37.04781548044271], [-122.07746370573662, 37.04781565061414], [-122.07677771228254, 37.04862668002962], [-122.0768077312439, 37.04861781965403], [-122.07681743091452, 37.04861579585839], [-122.07682691240713, 37.04861318796752], [-122.07686013374409, 37.04860688607282], [-122.07689316835227, 37.04859999355865], [-122.07690306930468, 37.04859874148111], [-122.07691282354781, 37.04859689117168], [-122.07694665232219, 37.04859323004271], [-122.07698037391833, 37.048588965572264], [-122.07699038109394, 37.04858849736285], [-122.07700031386086, 37.048587422379995], [-122.07732781078957, 37.04856502255417], [-122.0774160375308, 37.048562472765525], [-122.07750415132287, 37.048566866804094], [-122.07759130353637, 37.04857816237633], [-122.07767665477922, 37.04859625073934], [-122.07775938320779, 37.04862095748651], [-122.07783869214403, 37.04865204495021], [-122.07791381770458, 37.04868921361284], [-122.07798403640611, 37.04873210550082], [-122.07804867209515, 37.048780307663336], [-122.0781071022022, 37.048833355736015], [-122.0781587640902, 37.048890739037674], [-122.07820316017701, 37.04895190475607], [-122.07823986292303, 37.04901626402568], [-122.07826851882076, 37.04908319682589], [-122.07828885191248, 37.04915205876848], [-122.07830066631062, 37.049222186615495], [-122.07830384814358, 37.04929290487445], [-122.07829836693563, 37.04936353265955], [-122.07828427531027, 37.049433389728755], [-122.07826170902197, 37.04950180324468], [-122.07823088530242, 37.0495681144322], [-122.0781921009882, 37.04963168469377], [-122.07814572963625, 37.049691901716734], [-122.0780922178522, 37.04974818557482], [-122.0780320809502, 37.04979999428346], [-122.07796589794438, 37.049846828809194], [-122.07789430642666, 37.049888238168265], [-122.077817995657, 37.04992382351992], [-122.07773770077911, 37.049953242178134], [-122.0776541949092, 37.04997621079553], [-122.07756828235333, 37.04999250819555], [-122.0774807905976, 37.05000197738365], [-122.07729646957907, 37.05001458449816], [-122.07728841970454, 37.05001732705242], [-122.07727924554268, 37.05002003490092], [-122.07727035651001, 37.05002329635469], [-122.07701405454745, 37.05010539701229], [-122.07701292810421, 37.05010570743496], [-122.07701184303038, 37.05010610273108], [-122.07697118066194, 37.05011721046667], [-122.07693056416342, 37.050128401924916], [-122.07692940473363, 37.050128622400514], [-122.07692827696872, 37.050128930468446], [-122.07688646119105, 37.05013678838591], [-122.07684466252898, 37.05014473665219], [-122.07684348161003, 37.05014486501661], [-122.07684232164806, 37.0501450829633], [-122.07679974190103, 37.05014961828291], [-122.07675717691166, 37.0501542439325], [-122.07675598632844, 37.0501542788355], [-122.07675480510241, 37.050154404672725], [-122.07668821409585, 37.05015884628613], [-122.07654670893548, 37.050205068055845], [-122.07652400873909, 37.050211461043496], [-122.0765016886681, 37.050218660226086], [-122.07648238728294, 37.050223182752006], [-122.07646341479222, 37.050228525948505], [-122.07644004336723, 37.05023310448863], [-122.07641694918328, 37.05023851573523], [-122.07639718667372, 37.05024150019896], [-122.0763776531576, 37.05024532691037], [-122.0763538340469, 37.05024804731136], [-122.07633018962588, 37.050251618008986], [-122.07631015809191, 37.0502530354379], [-122.07629024989372, 37.050255309165], [-122.076266213178, 37.050256145093726], [-122.07624224554704, 37.0502578410432], [-122.07622213622764, 37.0502576778725], [-122.07620204671414, 37.05025837650367], [-122.07617802393942, 37.05025731993751], [-122.07615396395892, 37.05025712472779], [-122.07584118623245, 37.050242262863186], [-122.07584144019195, 37.05024325313971], [-122.07584511239968, 37.05027130365856], [-122.07584948098594, 37.050299287219445], [-122.07584971700902, 37.05030647747566], [-122.07585065354019, 37.05031363100326], [-122.07585087780545, 37.05034183322942], [-122.07585180347301, 37.05037002703788], [-122.07585115912842, 37.0503772013316], [-122.07585121631354, 37.05038439380014], [-122.07584961671986, 37.05041439381779], [-122.07584748753749, 37.05043293161735], [-122.07584643703727, 37.050451527847855], [-122.07584344352571, 37.050468142441304], [-122.07584152343158, 37.050484860134254], [-122.07583713758032, 37.05050314148157], [-122.07583381803073, 37.050521565534666], [-122.07582880708672, 37.05053786505512], [-122.07582485190233, 37.05055435127789], [-122.07581825131463, 37.05057220072519], [-122.07581269489557, 37.050590274553215], [-122.0758072448961, 37.050602632693504], [-122.07580806738524, 37.05060919320115], [-122.07580807655476, 37.050612897857924], [-122.07580849154233, 37.05061658818905], [-122.07580816410622, 37.050648273643255], [-122.07580818738501, 37.05065771466707], [-122.07583228277335, 37.05067669275414], [-122.07588888620428, 37.050730999371176], [-122.0759385760611, 37.05078949149583], [-122.0759808737874, 37.05085160563798], [-122.07601537220297, 37.05091674379816], [-122.07604173881559, 37.05098427863107], [-122.07605256329002, 37.051025985121925], [-122.07609059306748, 37.050988257077506], [-122.07615254108865, 37.050937837219124], [-122.07622035647222, 37.050892527008294], [-122.07629338616103, 37.05085276267689], [-122.07637092680459, 37.05081892715374], [-122.07645223166173, 37.050791346513236], [-122.07653651773245, 37.050770286064974], [-122.07662297342219, 37.050755948881495], [-122.07664024746865, 37.05075378638149], [-122.07682721782152, 37.05067487001345], [-122.07685128909415, 37.050665890155756], [-122.07687490576241, 37.05065616102496], [-122.0769547051888, 37.05062716132271], [-122.07697233670552, 37.050621572618844], [-122.07698954967375, 37.05061520130281], [-122.07701336114775, 37.05060856898736], [-122.0770368050994, 37.05060113786891], [-122.07705503556231, 37.050596961172936], [-122.07707294431754, 37.050591972962195], [-122.07709745349797, 37.05058724306027], [-122.07712169194382, 37.05058168986902], [-122.0771403441912, 37.05057896571678], [-122.07715877789607, 37.050575408227154], [-122.07718374772993, 37.05057262657751], [-122.07720854825251, 37.050569004399435], [-122.07722744428796, 37.05056775871796], [-122.07724622371568, 37.05056566661049], [-122.07731192310558, 37.050560966620225], [-122.07732828623021, 37.05056044262588], [-122.07734457682366, 37.05055910995742], [-122.07737236794273, 37.0505590310733], [-122.0774001391818, 37.050558141847084], [-122.07741648727533, 37.0505589059186], [-122.07743286272425, 37.05055885947881], [-122.0774605315914, 37.05056096453392], [-122.07748827592127, 37.05056226125038], [-122.07750445062297, 37.050564305846585], [-122.07752075415515, 37.050565546219126], [-122.07754803314205, 37.0505698150145], [-122.07757548452949, 37.0505732850589], [-122.07759133178412, 37.050576590683825], [-122.07760740464342, 37.05057910581773], [-122.07763402952625, 37.05058549699875], [-122.07766092522351, 37.05059110714047], [-122.07767629191427, 37.05059564177641], [-122.07769197976346, 37.05059940757677], [-122.07771769544331, 37.05060785984926], [-122.07774377509257, 37.05061555587433], [-122.07775851296678, 37.05062127582357], [-122.07777366510132, 37.05062625605512], [-122.07783356465677, 37.050648755863186], [-122.0778398909886, 37.05065144317674], [-122.07784646978034, 37.05065370410575], [-122.07787888034862, 37.05066800512734], [-122.07791157348589, 37.05068189251928], [-122.07791753961064, 37.05068506333579], [-122.07792381144857, 37.050687830716605], [-122.07795432003633, 37.05070461084566], [-122.07798515457598, 37.050720998235086], [-122.07799070451368, 37.05072462264424], [-122.07799660742427, 37.05072786931431], [-122.07802491508109, 37.05074696406856], [-122.07804974834094, 37.05076318139779], [-122.07831950249746, 37.05064249734078], [-122.07836740898266, 37.05062015499082], [-122.07836753316904, 37.050619845602554], [-122.07837467539414, 37.05059933161433], [-122.07838104434917, 37.05058618230046], [-122.07838643364984, 37.05057275486441], [-122.07845083493267, 37.05043575533092], [-122.07846366654441, 37.05041205436366], [-122.07847570984787, 37.050388089289704], [-122.07848123078432, 37.05037961193459], [-122.07848597998606, 37.05037083968472], [-122.07850164739185, 37.050348261985384], [-122.07851656402234, 37.05032535737228], [-122.07852309540458, 37.05031735415972], [-122.07852889410594, 37.050308997764745], [-122.07854724713998, 37.05028775949227], [-122.07856489271057, 37.05026613722261], [-122.07857237072885, 37.050258686168], [-122.07857916387466, 37.05025082506342], [-122.0786000260879, 37.05023113054421], [-122.07862023039786, 37.050210999049185], [-122.07863742494055, 37.05019549072739], [-122.07863825961819, 37.05018610422928], [-122.07865313803504, 37.05011635203], [-122.07867647452939, 37.05004810469668], [-122.07870804431548, 37.04998201931408], [-122.07874754346264, 37.0499187324299], [-122.07879459133729, 37.04985885349376], [-122.07884873505857, 37.04980295912325], [-122.07887237560337, 37.04978295765557], [-122.07888659905127, 37.04974738731244], [-122.07892165583105, 37.04968244109399], [-122.07896448586837, 37.04962056184535], [-122.07901467653434, 37.049562345517394], [-122.07907174444689, 37.049508352626766], [-122.0791351400299, 37.04945910324386], [-122.07920425275036, 37.04941507171559], [-122.07927841713564, 37.04937668193519], [-122.07935691877883, 37.04934430360334], [-122.07943900169091, 37.049318248680045], [-122.07952387553804, 37.049298768015795], [-122.07961072286456, 37.049286049154496], [-122.07969870720908, 37.04928021468396], [-122.07978698144288, 37.04928132076838], [-122.07987469542182, 37.04928935666694], [-122.0799610043031, 37.04930424506869], [-122.08004507697224, 37.04932584260855], [-122.08012610389811, 37.04935394118997], [-122.08020330463783, 37.049388270386515], [-122.08027593568335, 37.04942849948545], [-122.08034329772752, 37.049474241059215], [-122.0805397975334, 37.049621540055995], [-122.08055834978815, 37.0496368824067], [-122.08057763228395, 37.04965163431608], [-122.08057787672193, 37.04965186201206], [-122.08097546005469, 37.04948861695229], [-122.0812142896865, 37.04936342590501], [-122.08121652468434, 37.04933549529266], [-122.0812307839407, 37.049265660068755], [-122.08125351429933, 37.04919728140293], [-122.08128449694254, 37.049131017783516], [-122.08132102458957, 37.04907143647262], [-122.0812944657222, 37.0490507505519], [-122.08123424507077, 37.04899900468673], [-122.08118064225086, 37.04894277670899], [-122.08113417343142, 37.04888260822252], [-122.08109528606008, 37.04881907851793], [-122.0810643547628, 37.048752799582715], [-122.0810416773738, 37.04868440967015], [-122.08102747230917, 37.04861456732949], [-122.0810218761671, 37.04854394534758], [-122.08102494291403, 37.04847322371166], [-122.0810366430591, 37.04840308356338], [-122.08105686384916, 37.04833420043989], [-122.08108541058738, 37.04826723761374], [-122.08112200816977, 37.048202839975524], [-122.08116630430972, 37.04814162783937], [-122.08121787231451, 37.0480841905649], [-122.08127621553439, 37.04803108136391], [-122.08134077204147, 37.047982811658265], [-122.08141092031, 37.047939846346786], [-122.08148598455756, 37.047902599159876], [-122.08150456019128, 37.047895293780385], [-122.08150220089458, 37.04787574912813], [-122.08150235246762, 37.0478049847977], [-122.08151115654655, 37.047734573291805], [-122.08152852835721, 37.0476651924386], [-122.08155430047469, 37.04759751050071], [-122.0815882249309, 37.04753217934098], [-122.08162997475448, 37.04746982803485], [-122.08167914786324, 37.04741105722179], [-122.08173527085347, 37.04735643264506], [-122.08179780310499, 37.04730648049652], [-122.0818661423585, 37.0472616818716], [-122.0819396306191, 37.04722246812816], [-122.08201756005207, 37.047189216876184], [-122.08209918022223, 37.04716224842865], [-122.08218370510622, 37.0471418224309], [-122.08227032065366, 37.04712813557564], [-122.08235819279253, 37.0471213197724], [-122.08244647520625, 37.047121440585144], [-122.08253431777155, 37.04712849684701], [-122.08262087442915, 37.04714242063105], [-122.08270531183483, 37.04716307785784], [-122.0827868166528, 37.04719026952353], [-122.0828646040758, 37.04722373383877], [-122.08293792488222, 37.047263148446156], [-122.0830060729282, 37.04730813390328], [-122.08306839208062, 37.047358256890675], [-122.08312428201003, 37.047413034763245], [-122.0831732045479, 37.04747193992565], [-122.08321468857152, 37.04753440509777], [-122.08327648946835, 37.04763960470054], [-122.08329008832402, 37.04766604744985], [-122.08330430696223, 37.04769228216524], [-122.08330683631739, 37.04769857566053], [-122.08332024514546, 37.04768049011474], [-122.08333635225577, 37.0476574750873], [-122.08334278541446, 37.04765008785341], [-122.08334852755927, 37.04764234283098], [-122.08336803990828, 37.047621087780335], [-122.08338688381133, 37.04759944906218], [-122.083394189638, 37.047592602559604], [-122.08340085084491, 37.04758534634572], [-122.0834228681323, 37.04756572676649], [-122.08344426751596, 37.04754567261984], [-122.08345237503872, 37.047539433273336], [-122.08345989183702, 37.047532735054915], [-122.0834842019451, 37.04751494004182], [-122.08350795071732, 37.04749666348389], [-122.08351678275044, 37.04749109081958], [-122.08352508182156, 37.047485015831434], [-122.08355145058395, 37.04746921655124], [-122.08357732014126, 37.0474528937495], [-122.08358679056694, 37.04744804199642], [-122.08359579305956, 37.04744264803915], [-122.08362396765416, 37.04742899613461], [-122.08365170780066, 37.047414784791506], [-122.08366172575764, 37.04741070057037], [-122.08367134456742, 37.047406039792236], [-122.08369794441357, 37.04739453988699], [-122.0837158627832, 37.0473876805952], [-122.08373329319133, 37.04738005530481], [-122.08375567195681, 37.04737244127763], [-122.0837776086265, 37.047364043756936], [-122.08379627953484, 37.04735862520965], [-122.08381455837116, 37.04735240615949], [-122.0838377599743, 37.04734658712703], [-122.0838606182559, 37.047339953363974], [-122.08387986148645, 37.04733602789166], [-122.08389881316927, 37.04733127474931], [-122.08392261484401, 37.047327306589395], [-122.08394617400936, 37.04732250068029], [-122.08396580468668, 37.04732010597516], [-122.08398524615241, 37.04731686473964], [-122.08400941927381, 37.047314785617964], [-122.08403345183619, 37.04731185394], [-122.08405328008726, 37.04731101314361], [-122.08407302507928, 37.04730931482653], [-122.08409733505394, 37.04730914492542], [-122.08412161138685, 37.047308115451266], [-122.08414144853292, 37.047308836571325], [-122.08416130455775, 37.04730869780436], [-122.08418910421737, 37.04730959774867], [-122.08420220970706, 37.04731054001773], [-122.08421536372863, 37.04731075630871], [-122.08424615175392, 37.04731369917398], [-122.08427703404105, 37.047315919472375], [-122.08428995999947, 37.04731788659432], [-122.08430302548535, 37.04731913547152], [-122.08433330534342, 37.04732448312334], [-122.08436376750007, 37.0473291189837], [-122.08437639202529, 37.047332092530844], [-122.08438924047819, 37.0473343616451], [-122.0844187192916, 37.04734206215693], [-122.08444846924786, 37.04734906932088], [-122.08445665688787, 37.04735172097993], [-122.08451678657242, 37.047330408623004], [-122.08454819104807, 37.047320724613535], [-122.08457930780841, 37.04731045453624], [-122.08458937284585, 37.04730802566736], [-122.0845991825702, 37.04730500071223], [-122.08463162179257, 37.04729783029734], [-122.08466384280202, 37.047290054790054], [-122.08472364220593, 37.047278154853196], [-122.08475182326673, 37.04727371084049], [-122.0847797979111, 37.04726849425783], [-122.0847951118571, 37.047266884407456], [-122.08481026456813, 37.04726449494897], [-122.08483885150592, 37.047262286553796], [-122.08486733114307, 37.047259292742], [-122.08488276774237, 37.04725889387112], [-122.08489814015185, 37.04725770631544], [-122.08492686159227, 37.04725775451968], [-122.08495556811297, 37.04725701279171], [-122.08497097877142, 37.047257828621525], [-122.08498642264084, 37.04725785453476], [-122.08501499847061, 37.04726015889038], [-122.08504365887038, 37.04726167615445], [-122.08505889625684, 37.04726369887838], [-122.08507426202766, 37.047264938008446], [-122.08510241756763, 37.04726947629623], [-122.08513075538761, 37.04727323807137], [-122.08514567275894, 37.047276448349834], [-122.08516081225116, 37.04727888864736], [-122.085188278363, 37.04728561732826], [-122.08521601864362, 37.04729158724181], [-122.08523046985218, 37.047295953571286], [-122.0852452398536, 37.047299571938325], [-122.08527175225838, 37.04730842668909], [-122.08529862760781, 37.047316546793766], [-122.085312475847, 37.0473220276474], [-122.08532673171574, 37.04732678889656], [-122.08535203258171, 37.04733768345008], [-122.08537778674672, 37.04734787650493], [-122.08539089849194, 37.047354419204076], [-122.08540450313653, 37.04736027738968], [-122.08542835058824, 37.04737310766447], [-122.08545273364804, 37.047385274663995], [-122.08546498146647, 37.04739281548998], [-122.08547780511013, 37.04739971480754], [-122.08549996897784, 37.04741435698194], [-122.08552274674378, 37.047428381014264], [-122.08553401398133, 37.047436848219085], [-122.08554593159514, 37.047444721363], [-122.08556619721845, 37.047461033526865], [-122.08558715156367, 37.047476780407145], [-122.08559392843729, 37.04748298066808], [-122.08560883728033, 37.04747787023309], [-122.08562860369071, 37.04747015017324], [-122.08564940110851, 37.04746396611642], [-122.08566979492187, 37.04745697561404], [-122.08569076028775, 37.0474516679273], [-122.08571137497857, 37.047445538158016], [-122.08573282772176, 37.047441017990714], [-122.08575397885814, 37.04743566322887], [-122.08577549261324, 37.04743202825201], [-122.08579675729843, 37.047427547637746], [-122.08581865973349, 37.047424734663906], [-122.08584036346868, 37.047421067516844], [-122.08586221816772, 37.04741914024725], [-122.08588392834062, 37.04741635192056], [-122.0859060679431, 37.04741527334666], [-122.08592811694339, 37.04741332890295], [-122.08595010387646, 37.04741312792326], [-122.08597204870266, 37.047412058833444], [-122.08599421270283, 37.0474127248281], [-122.08601639420509, 37.04741252209011], [-122.08603830013652, 37.0474140495432], [-122.08606026965963, 37.047414709700504], [-122.08608224526297, 37.04741711375681], [-122.08610434502064, 37.047418654769714], [-122.08619834413858, 37.04742895474123], [-122.08623540184622, 37.04743451186178], [-122.08627256136987, 37.0474396436613], [-122.08627878125148, 37.04744101699175], [-122.08628512157819, 37.04744196776992], [-122.08632132401, 37.047450410250924], [-122.08635767437347, 37.04745843623971], [-122.08636369539771, 37.047460291276934], [-122.0863698899129, 37.047461735888604], [-122.08640488606905, 37.04747298215602], [-122.08644007959158, 37.047483825292744], [-122.0864458456256, 37.04748614483882], [-122.08645183276565, 37.0474880688385], [-122.08648528434121, 37.04750201010442], [-122.08651898344746, 37.04751556638434], [-122.08652443741636, 37.04751832737504], [-122.08653016116929, 37.047520712844666], [-122.0865617466917, 37.047537215031944], [-122.08659362604459, 37.04755335377355], [-122.08667762566323, 37.04760065346752], [-122.0866896544287, 37.04760815948989], [-122.08670226240378, 37.047615031776026], [-122.08672446970672, 37.047629884354784], [-122.08674728825976, 37.0476441232717], [-122.08675834160991, 37.04765253850618], [-122.08677004815297, 37.04766036798764], [-122.08679033145023, 37.04767689308146], [-122.08681129992816, 37.04769285691361], [-122.08682127154911, 37.04770210049875], [-122.08683196376091, 37.04771081158169], [-122.0868501282704, 37.04772885030916], [-122.08686904407406, 37.047746384982545], [-122.08687783720222, 37.04775636729674], [-122.08688741295772, 37.04776587671815], [-122.08690328464164, 37.047785256295754], [-122.08691996469969, 37.04780419211209], [-122.08692749479245, 37.04781481713766], [-122.08693586162619, 37.047825033145635], [-122.08694928686556, 37.047845565893354], [-122.0869635714102, 37.04786572152531], [-122.08696976614057, 37.04787688729907], [-122.08697684325338, 37.04788771111027], [-122.08698769239791, 37.04790919853528], [-122.08699944418335, 37.0479303805695], [-122.08700424410291, 37.04794198017938], [-122.08700996313623, 37.04795330706668], [-122.08701813227012, 37.04797554267109], [-122.08702723757075, 37.04799754678762], [-122.0870305958956, 37.048009467469534], [-122.08703490236314, 37.04802118929687], [-122.08707340376054, 37.048148789069074], [-122.08707390277156, 37.0481508888537], [-122.08707464085255, 37.04815294279379], [-122.08708216098456, 37.04818564230476], [-122.08708992212411, 37.048218303737535], [-122.08709016191493, 37.048220432355315], [-122.08709064537685, 37.04822253472441], [-122.08709413086031, 37.04825566984341], [-122.0870978604341, 37.048288781511026], [-122.08709783877093, 37.04829091884354], [-122.08709806280126, 37.048293048872395], [-122.08710796542194, 37.04851954882179], [-122.08710672446107, 37.04859030624091], [-122.08709683682473, 37.04866062547244], [-122.08707839798127, 37.048729829212746], [-122.08705158525174, 37.04879725106234], [-122.08701665683695, 37.04886224173829], [-122.08697394927003, 37.048924175274536], [-122.0869238737455, 37.048982455123564], [-122.08686691256163, 37.049036520168805], [-122.08680361411268, 37.04908584973437], [-122.08673458821822, 37.04912996859742], [-122.0866604995407, 37.04916845198583], [-122.08658206158223, 37.04920092913803], [-122.08650002977507, 37.04922708739669], [-122.08641519413939, 37.04924667485671], [-122.08632837183173, 37.04925950274205], [-122.08624039879587, 37.04926544759511], [-122.08615212244068, 37.049264452212014], [-122.08606439286275, 37.049256526025886], [-122.08597805507961, 37.049241745587736], [-122.08596260038637, 37.049237796718636], [-122.08596853308524, 37.04925715536474], [-122.08598108845655, 37.0493272004897], [-122.08598501779929, 37.049397894776696], [-122.08598028337245, 37.0494685572857], [-122.0859669307603, 37.04953850762668], [-122.08594508846284, 37.04960707208605], [-122.08591496680368, 37.049673590378916], [-122.08587685594483, 37.04973742185373], [-122.08583112266457, 37.04979795168736], [-122.08577820769708, 37.049854597084746], [-122.08571862049767, 37.049906812467036], [-122.08565293479174, 37.0499540949363], [-122.08558178334364, 37.04999598910327], [-122.08550585138055, 37.05003209154414], [-122.0854258701371, 37.050062054537065], [-122.0853426099521, 37.050085589615065], [-122.08525687247956, 37.05010246994002], [-122.08516948368255, 37.050112533043354], [-122.08508128515935, 37.05011568193116], [-122.08499312614117, 37.05011188646484], [-122.08490585584885, 37.05010118294169], [-122.084820314713, 37.050083674658026], [-122.08473732652214, 37.05005953013588], [-122.08465769067554, 37.050028981981335], [-122.08458217389155, 37.049992324296234], [-122.08451150360256, 37.04994991010306], [-122.08444636034703, 37.04990214804063], [-122.0843354640066, 37.049812442131895], [-122.0843245822725, 37.04981582701082], [-122.08428777857975, 37.04982761695848], [-122.08428344129453, 37.04982862432952], [-122.0842792300392, 37.049829934282855], [-122.08424104415573, 37.04983847146856], [-122.08420298102402, 37.04984731192027], [-122.08419854139012, 37.049847973711245], [-122.08419419034885, 37.04984894644903], [-122.08415514807106, 37.049854441879944], [-122.08411618345112, 37.049860249963416], [-122.08383188079526, 37.049891150246], [-122.08383020635263, 37.04989126549408], [-122.08382855378684, 37.049891506747024], [-122.08359300487919, 37.04991639048218], [-122.08344445261666, 37.04994387294802], [-122.08331710322693, 37.04997546099529], [-122.08320004000407, 37.05002251724858], [-122.0826341838543, 37.050341826616645], [-122.08262116470195, 37.05034843201928], [-122.08260870021824, 37.05035568990896], [-122.0819203969392, 37.05071649268353], [-122.08191745214215, 37.05071787590237], [-122.08191467566913, 37.050719466935305], [-122.08187937221905, 37.050735762767104], [-122.081844226221, 37.05075227145635], [-122.08184112684573, 37.050753416497976], [-122.08183816876463, 37.05075478194452], [-122.08117546460373, 37.051026884153494], [-122.08117540948233, 37.05102690409827], [-122.08117535666914, 37.051026928477796], [-122.08047855217048, 37.05131293079121], [-122.08047853929345, 37.05131293546882], [-122.08047852753222, 37.05131294087623], [-122.08031761018358, 37.051378983194944], [-122.08020482573862, 37.05143160099839], [-122.08043595117768, 37.051747011836326], [-122.08045049633621, 37.05176929792572], [-122.0804658277375, 37.051791247484516], [-122.08047094978659, 37.05180063662922], [-122.08047687474276, 37.05180971497384], [-122.08048862488606, 37.05183303709971], [-122.0805011978592, 37.051856084815185], [-122.08050514668332, 37.05186583047363], [-122.08050993338277, 37.05187533122504], [-122.08051877537221, 37.051899465325484], [-122.08052846888843, 37.051923388606866], [-122.08053120670637, 37.0519333968313], [-122.08053480879019, 37.05194322858934], [-122.08054065713662, 37.05196794252333], [-122.08054737804041, 37.051992510792665], [-122.08054887889757, 37.05200268610426], [-122.08055126118911, 37.0520127534088], [-122.08055405895722, 37.05203780660264], [-122.08055774326282, 37.052062785721574], [-122.08055799247782, 37.05207303038497], [-122.08055913219374, 37.052083235888574], [-122.08055885280737, 37.05210838818353], [-122.08055946462147, 37.05213353656888], [-122.08055845990641, 37.05214375096142], [-122.08055834607175, 37.05215399731783], [-122.08055499198467, 37.052179007337216], [-122.08055252557153, 37.052204081926234], [-122.08055027653778, 37.05221416822992], [-122.08054891023171, 37.05222435638318], [-122.08054251369978, 37.052248982800364], [-122.08053699287818, 37.05227374247142], [-122.08053352127672, 37.05228360341272], [-122.08053091560109, 37.052293635211065], [-122.08052153876481, 37.05231763927414], [-122.0805130162032, 37.05234184736509], [-122.08050835499246, 37.05235138891207], [-122.08050453541264, 37.052361166840164], [-122.0804922687714, 37.0523843176783], [-122.08048082634309, 37.0524077405472], [-122.08047502072516, 37.052416869934426], [-122.08047002378974, 37.052426300709065], [-122.08045498483649, 37.05244837667424], [-122.08044073323579, 37.05247078757244], [-122.08043383915222, 37.05247941680481], [-122.0804277129636, 37.05248840966597], [-122.08041004652458, 37.052509198155406], [-122.0803931230827, 37.05253038117689], [-122.08038520721462, 37.052538427029766], [-122.08037801050767, 37.05254689553628], [-122.08035788702115, 37.052566195863704], [-122.08033845445101, 37.05258594746791], [-122.08032959240145, 37.05259333300541], [-122.08032139499348, 37.052601195038555], [-122.08029900833738, 37.05261882139216], [-122.0802772537107, 37.05263695129763], [-122.08026753136713, 37.05264360480161], [-122.08025841176381, 37.05265078525075], [-122.0802339767622, 37.052666568296544], [-122.08021011024768, 37.05268290154446], [-122.0801996212765, 37.05268875910918], [-122.08018966724939, 37.05269518861443], [-122.0801634178559, 37.05270897692459], [-122.08013767067534, 37.05272335548563], [-122.07939666693582, 37.05309525841628], [-122.07937105817003, 37.05310674924742], [-122.07934593479789, 37.053118909796375], [-122.0790288849722, 37.053255825817246], [-122.07902954056617, 37.05326871122994], [-122.07902910341944, 37.053274806456095], [-122.07902928495929, 37.05328090927981], [-122.07902657089323, 37.05331011763222], [-122.079024473744, 37.05333935889773], [-122.07902329341907, 37.05334539003324], [-122.07902272769925, 37.05335147804142], [-122.07901645516192, 37.05338033101637], [-122.07901079183272, 37.05340926831446], [-122.07900887947747, 37.053415178206606], [-122.07900757205043, 37.05342119194955], [-122.07899780116787, 37.053449413101745], [-122.07898862632044, 37.053477766158586], [-122.07898600051362, 37.053483496991056], [-122.07898396387456, 37.05348937950668], [-122.0789707874075, 37.05351670012505], [-122.07895819062972, 37.05354419290351], [-122.07895487700664, 37.05354968925831], [-122.07895213050647, 37.053555383998145], [-122.07893567638885, 37.05358153780755], [-122.07892540130808, 37.05359858143154], [-122.07892432744372, 37.05360051174008], [-122.07892373341959, 37.05360134795612], [-122.07891977813635, 37.05360790866157], [-122.07891147821735, 37.0536201086999], [-122.07889565902087, 37.05364086812184], [-122.07888064250443, 37.05366200677465], [-122.07887266124277, 37.05367104797539], [-122.07886545855668, 37.05368049995098], [-122.07884717695401, 37.05369991644561], [-122.07882964746413, 37.05371977379458], [-122.0788205986781, 37.05372814471191], [-122.07881227501302, 37.053736985031094], [-122.07879170769979, 37.05375487121366], [-122.07877183342607, 37.05377325647274], [-122.07876180457953, 37.053780876117365], [-122.07875243979701, 37.053789020035964], [-122.07872978181652, 37.053805205971095], [-122.07870775713172, 37.05382193955469], [-122.07869684629308, 37.05382873359987], [-122.07868652916355, 37.05383610374431], [-122.07866199981214, 37.0538504322146], [-122.07863803572056, 37.053865354407066], [-122.0786263454411, 37.05387125919754], [-122.07861517772825, 37.05387778262195], [-122.07858901735207, 37.05389011361022], [-122.07856334072285, 37.053903082847434], [-122.0783607432304, 37.053994603489386], [-122.07818685807416, 37.054076803933675], [-122.07810870046966, 37.054109719991516], [-122.07802689380871, 37.054136337300584], [-122.07801765752691, 37.05413852587151], [-122.07804740942429, 37.054182826491534], [-122.07805276426761, 37.054191832646595], [-122.07805889825487, 37.05420051503363], [-122.07807174673576, 37.05422375866796], [-122.078085391782, 37.05424670787375], [-122.07808961976654, 37.0542560919712], [-122.07809236975953, 37.05426106700018], [-122.07810221220741, 37.05426143797935], [-122.07813393082516, 37.054265154695464], [-122.07816576087039, 37.05426818585104], [-122.07817759010283, 37.0542702705054], [-122.07818957433362, 37.054271674812625], [-122.0782206850755, 37.05427786527813], [-122.07825199167168, 37.05428338246743], [-122.07826350849524, 37.05428638627962], [-122.07827526380242, 37.05428872535659], [-122.07830546812312, 37.054297330194395], [-122.07833594893975, 37.05430528014054], [-122.07834704337553, 37.054309174403414], [-122.07835845554635, 37.05431242554941], [-122.07838746137455, 37.05432336145625], [-122.07841682402916, 37.05433366797462], [-122.0784273887932, 37.054338414988244], [-122.07843834844005, 37.05434254706713], [-122.07846587690136, 37.05435570884874], [-122.07849383806284, 37.05436827256955], [-122.078503771812, 37.054373826928305], [-122.07851417302832, 37.05437879990734], [-122.07853995766445, 37.0543940599314], [-122.07856624943433, 37.05440876069283], [-122.07857545676737, 37.05441506919523], [-122.0785851990305, 37.05442083488096], [-122.07860899417965, 37.054438047558946], [-122.07863336074126, 37.05445474248793], [-122.07864175097689, 37.054461742865115], [-122.07865074260802, 37.05446824709349], [-122.07867231959774, 37.054487247498884], [-122.07869452571461, 37.05450577504317], [-122.07870201991197, 37.05451340133166], [-122.07871017227414, 37.054520580137066], [-122.07872932100433, 37.05454118329627], [-122.07874915523675, 37.054561366945045], [-122.07875568073624, 37.054569545207656], [-122.07876291593281, 37.05457732993052], [-122.07877945244097, 37.05459933764202], [-122.07879672324817, 37.05462098274048], [-122.07880221734115, 37.05462963452014], [-122.07880846553861, 37.05463794998321], [-122.07900726769516, 37.054934548696544], [-122.07904518490209, 37.05499845504471], [-122.07907510408474, 37.055065032431436], [-122.07909673718513, 37.05513363971229], [-122.0791098758952, 37.055203615988816], [-122.07911439348553, 37.055274287563265], [-122.07911024664864, 37.05534497372176], [-122.07909747507892, 37.055414993671796], [-122.0790762019564, 37.05548367312625], [-122.07904663195775, 37.055550350778255], [-122.07900904994737, 37.05561438433057], [-122.07896381774972, 37.055675157051084], [-122.07891137103991, 37.055732083878596], [-122.07885221501067, 37.055784616347246], [-122.07878691912578, 37.05583224867578], [-122.07871611234559, 37.05587452196748], [-122.07864047654233, 37.05591102929757], [-122.0785607402743, 37.05594141900038], [-122.07849963024587, 37.05595905950666], [-122.07851395304301, 37.055963935401145], [-122.07852852244241, 37.05597031215128], [-122.07854354973382, 37.055975960878456], [-122.07856724310516, 37.05598725939377], [-122.07859144404573, 37.0559978516321], [-122.07860516322776, 37.05600534203147], [-122.0786194275456, 37.0560121442063], [-122.07864162675683, 37.056025250581655], [-122.07866441401453, 37.056037692048726], [-122.07867715024544, 37.05604622358682], [-122.07869051494318, 37.05605411405981], [-122.07871100424533, 37.05606890114709], [-122.07873216051001, 37.05608307288542], [-122.07874379218597, 37.056092564034174], [-122.07875612738951, 37.05610146626084], [-122.07877471088534, 37.05611779273411], [-122.07879403087775, 37.05613355731101], [-122.07880444496122, 37.05614391561187], [-122.07881563304115, 37.056153744850036], [-122.07883213044111, 37.0561714527386], [-122.07884942940406, 37.056188658909136], [-122.07885852687645, 37.05619978579281], [-122.07886845865822, 37.05621044627876], [-122.07888271085974, 37.05622936461596], [-122.07889782242256, 37.0562478472161], [-122.07890551572382, 37.05625963581916], [-122.07891409550267, 37.05627102459236], [-122.07923059908653, 37.05674192254193], [-122.07923467002684, 37.0567487635134], [-122.07923938745729, 37.056755333313234], [-122.07925366757951, 37.056780687292566], [-122.07926860830696, 37.0568057940952], [-122.07927182326249, 37.05681292245871], [-122.07927571423316, 37.05681983071869], [-122.07928682428287, 37.05684618308969], [-122.07929862327995, 37.05687234403082], [-122.07930095103116, 37.05687969058748], [-122.0793039783242, 37.056886871217074], [-122.07931181278346, 37.05691397183526], [-122.07932035470112, 37.05694093128558], [-122.07932177249407, 37.05694842428797], [-122.07932390746203, 37.05695580927995], [-122.07932838987173, 37.05698339515542], [-122.07933359357341, 37.0570108955872], [-122.079334088308, 37.0570184648049], [-122.07933530956377, 37.05702598098007], [-122.07933639669712, 37.057053784602815], [-122.079338212155, 37.05708156286993], [-122.07933777876359, 37.057089134168514], [-122.0793380750161, 37.057096710499096], [-122.0793357563367, 37.05712446749654], [-122.07933416600684, 37.05715225277198], [-122.0793328088552, 37.0571597531717], [-122.07933217704792, 37.057167316620365], [-122.07932037796716, 37.05724851672913], [-122.07931316941949, 37.05728320730666], [-122.07930696792985, 37.05731318758109], [-122.07931537472697, 37.05730703631131], [-122.07934396460762, 37.05728564087362], [-122.07934797281827, 37.05728318366186], [-122.07935169826413, 37.057280457710775], [-122.07938302600874, 37.05726169469409], [-122.07941409510906, 37.057242648063735], [-122.07941838368737, 37.05724051798084], [-122.07942242530478, 37.057238097352275], [-122.07945590098592, 37.057221883654755], [-122.07948914575833, 37.057205371504345], [-122.0794936741982, 37.05720358860718], [-122.07949799244848, 37.057201497061214], [-122.0795332874192, 37.05718799211062], [-122.07956839377229, 37.05717417001486], [-122.07957311879237, 37.05717275136417], [-122.07957767170444, 37.05717100921674], [-122.07961445399732, 37.05716034023573], [-122.07965107613516, 37.057149344324046], [-122.07965595032928, 37.05714830397407], [-122.07966069586877, 37.05714692748441], [-122.07969860713528, 37.057139199136905], [-122.07973639639208, 37.05713113324714], [-122.07974137544619, 37.05713048067908], [-122.07974626542092, 37.05712948380524], [-122.07978493259496, 37.05712477161684], [-122.07982353287532, 37.05711971230777], [-122.07982856835038, 37.05711945399629], [-122.07983355619835, 37.05711884611198], [-122.08006315394769, 37.05710004627293], [-122.08009313011885, 37.05709877835591], [-122.08012304139415, 37.05709675581498], [-122.08013719235389, 37.05709691467667], [-122.08015132534331, 37.05709631685048], [-122.08018131192581, 37.05709740985431], [-122.080211326757, 37.05709774670303], [-122.08022539019044, 37.057099016394545], [-122.0802395283001, 37.0570995317391], [-122.08026923694382, 37.05710297513519], [-122.08029906587942, 37.05710566822793], [-122.08031290674691, 37.057108036705415], [-122.08032691327891, 37.05710966010467], [-122.08035605692083, 37.05711542056981], [-122.08038541381967, 37.057120444072126], [-122.08048601289501, 37.057141843856044], [-122.08049715906735, 37.057144690890766], [-122.08050853174845, 37.05714688607345], [-122.08053920235326, 37.05715542987118], [-122.08057013804333, 37.05716333166375], [-122.08058088119387, 37.05716704019183], [-122.08059193179508, 37.05717011849782], [-122.08062141067447, 37.057181030846436], [-122.0806512302762, 37.05719132449192], [-122.0806614687094, 37.057195859292435], [-122.08067208894963, 37.05719979067786], [-122.08070009036228, 37.05721296579428], [-122.08072850849601, 37.057225552813705], [-122.08073814320461, 37.057230870213694], [-122.08074823141942, 37.057235616844004], [-122.0807744848449, 37.05725092706944], [-122.08080122876626, 37.057265686998], [-122.08081016768715, 37.05727173634753], [-122.08081962591137, 37.05727725203397], [-122.0808893256845, 37.05732225169422], [-122.08089011072124, 37.05732281159837], [-122.08089095994201, 37.05732330926222], [-122.08092309933684, 37.057346339688905], [-122.08094606959938, 37.0573627224367], [-122.08095135479925, 37.05736234991185], [-122.08103964429743, 37.05736309007803], [-122.0811274182024, 37.05737076229423], [-122.08121383120074, 37.05738529276973], [-122.08129805103427, 37.057406541564255], [-122.08137926680578, 37.0574343039141], [-122.08145669614731, 37.057468312631], [-122.08152959351746, 37.05750824014914], [-122.08159725690928, 37.05755370182177], [-122.08165903466103, 37.05760426002985], [-122.08171433171142, 37.057659427745435], [-122.08176261572189, 37.057718673806804], [-122.08180342152102, 37.05778142745942], [-122.0818363560919, 37.05784708452364], [-122.08186110233335, 37.05791501265159], [-122.0818774219088, 37.05798455765876], [-122.08188515764647, 37.05805504976197], [-122.08188423492314, 37.0581258101702], [-122.08187466260239, 37.05819615731138], [-122.08185653295237, 37.05826541377268], [-122.08183002055956, 37.05833291251176], [-122.08179538056167, 37.05839800360389], [-122.08175294666711, 37.058460059995824], [-122.08170312758908, 37.058518484148884], [-122.08164640293248, 37.058572713416005], [-122.08158331919284, 37.05862222541949], [-122.08151448361755, 37.058666543502596], [-122.08144055943326, 37.058705240749234], [-122.08136225837005, 37.05873794434358], [-122.08128033465164, 37.05876433958003], [-122.08119557720748, 37.05878417205697], [-122.08110880232293, 37.058797250865084], [-122.08084796493439, 37.058826028564404], [-122.08086490912166, 37.05910927118944], [-122.08086489596917, 37.05911823958595], [-122.0808657024609, 37.059127184857665], [-122.08086484384879, 37.059153606407484], [-122.08086480496195, 37.059180035390575], [-122.08086369506215, 37.059188959052385], [-122.08086340367922, 37.05919792511259], [-122.08085931774576, 37.05922415228138], [-122.08085604671872, 37.05925045057513], [-122.08085385053867, 37.05925924476123], [-122.08085246413323, 37.05926814410575], [-122.08084519048522, 37.05929392309442], [-122.0808387186922, 37.059319838728804], [-122.08083545773346, 37.059328417701785], [-122.08083298947176, 37.059337165610344], [-122.08082259835369, 37.059362248264996], [-122.0808129878469, 37.05938753158024], [-122.08080869278002, 37.05939581409041], [-122.08080516697436, 37.05940432493735], [-122.08077006766, 37.05947692515542], [-122.0807629826668, 37.05948968331763], [-122.08075685631175, 37.059502756015966], [-122.08074504241205, 37.05952198907689], [-122.08073416542089, 37.05954157553563], [-122.08072555429756, 37.05955371549529], [-122.08071785851473, 37.05956624420159], [-122.08064675921575, 37.059668944604816], [-122.0806366562506, 37.0596819854842], [-122.08064930486758, 37.05968593385506], [-122.08067046922923, 37.059694541317086], [-122.08069210131909, 37.059702370344056], [-122.080709816409, 37.059710543633294], [-122.08072804377201, 37.059717956591285], [-122.08074805428889, 37.05972818555311], [-122.08076862394567, 37.05973767581906], [-122.08078525412427, 37.05974720126553], [-122.08080248714809, 37.05975601044005], [-122.08082115010086, 37.05976776187103], [-122.08084046035842, 37.05977882243274], [-122.08085584477658, 37.05978960793077], [-122.08087191813479, 37.05979972875313], [-122.08088905525538, 37.059812890672376], [-122.08090691845797, 37.05982541389302], [-122.08092090956384, 37.059837355812064], [-122.08093566798327, 37.0598486907214], [-122.08095111211115, 37.05986313464847], [-122.08096735850995, 37.05987700149222], [-122.0809798220413, 37.059889985307734], [-122.0809931227663, 37.059902424581225], [-122.08100672586764, 37.0599180120882], [-122.08102119826604, 37.05993308847298], [-122.08102748650379, 37.05994117012218], [-122.08196357185344, 37.05993881571703], [-122.08200709453004, 37.05994041937752], [-122.08205065741994, 37.05994198087722], [-122.0820512145175, 37.05994204513162], [-122.0820517760769, 37.05994206579269], [-122.08209487145417, 37.059947078100684], [-122.08213805531345, 37.059952056463885], [-122.08213860221484, 37.05995216417668], [-122.0821391581825, 37.05995222887263], [-122.08218147369149, 37.059960610323905], [-122.08222379996003, 37.05996894902678], [-122.0822243297089, 37.059969098792095], [-122.08222487649047, 37.059969207134564], [-122.08226595464258, 37.059980869910284], [-122.08230706587148, 37.05999249560969], [-122.08230757622519, 37.05999268686935], [-122.0823081056305, 37.05999283717247], [-122.08234752379136, 37.060007657037595], [-122.0823870510418, 37.06002246971108], [-122.08238753505813, 37.0600226998875], [-122.08238804394915, 37.06002289122564], [-122.08242551132504, 37.06004076074048], [-122.08246298514099, 37.060058582609194], [-122.08246343790091, 37.06005884923058], [-122.08246392179765, 37.06005908003673], [-122.08249902164579, 37.06007980569571], [-122.08253413712596, 37.06010048639514], [-122.08253455583636, 37.06010078790758], [-122.08253500836535, 37.060101055067754], [-122.08256739260345, 37.06012442956473], [-122.08259982149352, 37.060147777716736], [-122.08260020091532, 37.06014811020371], [-122.08260061905959, 37.0601484120721], [-122.082629999891, 37.060174227936635], [-122.08265940577712, 37.06020000099079], [-122.08265974279169, 37.060200361904336], [-122.0826601218701, 37.06020069492932], [-122.08268619622994, 37.06022868607206], [-122.0827123162238, 37.060256653314234], [-122.08271260750166, 37.06025703893293], [-122.08271294395115, 37.06025740011239], [-122.08273547897575, 37.060287317482526], [-122.0827580431372, 37.06031718910215], [-122.08275828557817, 37.060317595345765], [-122.0827585766229, 37.06031798168367], [-122.08277735006378, 37.060349535118156], [-122.08279614621229, 37.06038102544681], [-122.08279633794338, 37.06038144905584], [-122.08279658015005, 37.06038185610881], [-122.08281139688468, 37.060414716262756], [-122.08282625851929, 37.06044754755647], [-122.08282639756709, 37.06044798427913], [-122.08282658873186, 37.06044840824429], [-122.08283731754537, 37.06048228115052], [-122.08284808992052, 37.06051611464065], [-122.08284817487817, 37.06051655986894], [-122.08284831335627, 37.06051699721814], [-122.08285485117193, 37.0605515684843], [-122.08286143025231, 37.06058606660473], [-122.08286146026767, 37.0605865163659], [-122.08286154465338, 37.060586962401004], [-122.08286382367365, 37.060621892667385], [-122.08286615094681, 37.06065672956084], [-122.08286962611879, 37.06128949748676], [-122.08291084359617, 37.06140784021074], [-122.08291871797469, 37.06143565416857], [-122.08292725250966, 37.061463344419394], [-122.08292848322012, 37.06147014716821], [-122.0829303809888, 37.06147685042153], [-122.08293481563835, 37.06150514923963], [-122.08293992241374, 37.06153337636427], [-122.08294031519311, 37.06154024312424], [-122.0829413839572, 37.06154706309953], [-122.08294233614971, 37.06157557395485], [-122.0829439660116, 37.06160406634239], [-122.08294256999505, 37.061945466390306], [-122.08293794841357, 37.06201613362957], [-122.08292470591758, 37.06208609746598], [-122.08290297026903, 37.06215468427538], [-122.08287295051052, 37.06222123331937], [-122.08283493586836, 37.06228510385824], [-122.08278929253608, 37.06234568080515], [-122.08273645989314, 37.06240238055635], [-122.08267694671817, 37.06245465727215], [-122.08261132629873, 37.06250200734654], [-122.08254023063073, 37.06254397477123], [-122.0824643441791, 37.06258015550464], [-122.08238439798701, 37.06261020094236], [-122.08230116198072, 37.06263382173391], [-122.08221543773729, 37.06265079052158], [-122.08212805081305, 37.062660943774304], [-122.08203984284596, 37.06266418370981], [-122.0820048887197, 37.062662715234296], [-122.08200657297691, 37.0629119988532], [-122.08200498358491, 37.062941145446715], [-122.08200402085525, 37.062970316270075], [-122.08200305646805, 37.062976485659725], [-122.08200271787317, 37.06298269558802], [-122.08199757115057, 37.0630115778517], [-122.08199304534446, 37.06304053162417], [-122.08199133132739, 37.063046594795864], [-122.0819902346199, 37.06305274909936], [-122.08198157968027, 37.06308108951025], [-122.08197353475951, 37.06310954686605], [-122.08197108720955, 37.06311544661491], [-122.08196924324169, 37.06312148462286], [-122.08195716427096, 37.06314900746109], [-122.08194567705696, 37.063176697130245], [-122.08192287740454, 37.063223797273885], [-122.08192243350055, 37.06322459572476], [-122.0819220863989, 37.06322542566266], [-122.08190445785763, 37.06325692813498], [-122.08188694070469, 37.06328843588348], [-122.0818864009798, 37.063289196004085], [-122.08188595426441, 37.063289994342895], [-122.08186456263361, 37.06331995341718], [-122.08184327109228, 37.063349940484436], [-122.08184264103825, 37.063350654565134], [-122.08184209884794, 37.06335141385517], [-122.0818171518527, 37.06337954169536], [-122.08179228928194, 37.06340771858886], [-122.08179157471602, 37.063408379914065], [-122.08179094242577, 37.06340909280534], [-122.081762666984, 37.063435133182566], [-122.08173448597069, 37.06346121376522], [-122.08173369451299, 37.06346181536287], [-122.08173297759724, 37.06346247558783], [-122.08170165364457, 37.063486169168044], [-122.08167041817627, 37.06350991083853], [-122.08166955641084, 37.06351044771164], [-122.0816687626044, 37.06351104811883], [-122.08163843162703, 37.06352984881123], [-122.08163840079304, 37.06353038184154], [-122.08166229051534, 37.06352014723433], [-122.08169030006081, 37.06350737083674], [-122.08170120826557, 37.06350347451846], [-122.08171174067589, 37.06349896233695], [-122.08174151615238, 37.06348907687158], [-122.08177095299274, 37.06347856230328], [-122.0817822852559, 37.0634755415463], [-122.08179331864146, 37.06347187847964], [-122.0818241586285, 37.063464379761534], [-122.0818547409205, 37.06345622768805], [-122.08186638846388, 37.06345411157603], [-122.08187781644692, 37.06345133285593], [-122.0819094249405, 37.063446292686976], [-122.08194085715562, 37.06344058212512], [-122.08195270725587, 37.06343939114818], [-122.08196442030062, 37.06343752341884], [-122.08199649291676, 37.06343499037088], [-122.08202847228101, 37.06343177630494], [-122.08204041131248, 37.063431521842354], [-122.08205229593676, 37.06343058324459], [-122.08208452464677, 37.06343058170455], [-122.08211674248989, 37.063429895096746], [-122.08211927587324, 37.063429940751426], [-122.08217044243278, 37.06341764954975], [-122.08225710334608, 37.0634040727211], [-122.08234500757028, 37.063397368537586], [-122.0824333085083, 37.063397601478044], [-122.08252115575684, 37.063404769200496], [-122.0826077034246, 37.06341880287694], [-122.08269211789143, 37.06343956725325], [-122.08277358622303, 37.063466862336604], [-122.08285132402108, 37.06350042525874], [-122.08292458247745, 37.0635399328541], [-122.08299265609827, 37.06358500469378], [-122.08305488941046, 37.06363520656232], [-122.08311068297826, 37.063690055191024], [-122.08315949943007, 37.06374902218011], [-122.08320086878777, 37.06381153980849], [-122.08323439245746, 37.06387700593168], [-122.08325974765515, 37.063944790145264], [-122.08327669015102, 37.06401423948449], [-122.08328505688719, 37.06408468529506], [-122.08328476703309, 37.06415544910005], [-122.08326727012864, 37.064422949299775], [-122.08326486536933, 37.06444187871019], [-122.08326353533441, 37.06446087591926], [-122.0832603964121, 37.06447705732214], [-122.08325832663488, 37.06449334956756], [-122.0832536181461, 37.064511998864624], [-122.08324997099562, 37.064530800137916], [-122.08324486777268, 37.064546657718495], [-122.0832408153831, 37.06456270838821], [-122.08323384874079, 37.06458089773316], [-122.08322791937678, 37.064599322247936], [-122.08322090104676, 37.064614702786685], [-122.08321490512678, 37.06463035768157], [-122.08320574756435, 37.064647911549], [-122.08319759300285, 37.064665782258686], [-122.0831868931067, 37.064686082400996], [-122.08318159564985, 37.064694898983916], [-122.08317709277966, 37.064703994201935], [-122.08316245028229, 37.06472676246157], [-122.08314858388334, 37.06474984022009], [-122.08314223394467, 37.06475819769462], [-122.08313663993746, 37.06476689606289], [-122.08311928219375, 37.064788405704434], [-122.08310266083048, 37.064810281866535], [-122.08309531943767, 37.06481810011804], [-122.08308868828408, 37.064826317411175], [-122.0830687838283, 37.0648463594374], [-122.08304956624579, 37.064866825290665], [-122.08304130347221, 37.064874029682706], [-122.08303369957135, 37.064881686082444], [-122.08301144070927, 37.064900067183814], [-122.08298981126936, 37.064918925931956], [-122.08298070657597, 37.06492544694851], [-122.082972203365, 37.064932468745766], [-122.08294780345645, 37.06494901281203], [-122.0829239714346, 37.06496608191319], [-122.08291411354661, 37.064971856059145], [-122.08290479191669, 37.064978176453195], [-122.08286989184332, 37.06499957665211], [-122.08285717231499, 37.06500661090989], [-122.08284827966065, 37.065012232334674], [-122.08282531880862, 37.06504620680976], [-122.08280694580691, 37.06507046873375], [-122.0827891645374, 37.065095012771906], [-122.08278404837505, 37.06510070521954], [-122.08277950669606, 37.065106702636506], [-122.08275825435217, 37.065129404857046], [-122.08273755698455, 37.06515243370645], [-122.08273176918077, 37.06515769684852], [-122.08272651585341, 37.06516330863911], [-122.08270258904258, 37.06518423225416], [-122.08267917452189, 37.06520552444293], [-122.08264507455154, 37.065233624566545], [-122.08261794823994, 37.06525388657904], [-122.08259122355415, 37.06527448755361], [-122.08258566217633, 37.065278002639744], [-122.08258047962404, 37.06528187373449], [-122.08255100471389, 37.0652999079613], [-122.08252188980114, 37.06531831003271], [-122.0824885896351, 37.06533731016242], [-122.08247009923161, 37.065346800404754], [-122.08245221723898, 37.06535700971101], [-122.08243294275289, 37.065365871013896], [-122.0824142297076, 37.06537547544527], [-122.08239466839699, 37.065383467194856], [-122.08237562294276, 37.06539222317369], [-122.08235535698793, 37.06539952791601], [-122.0823355596406, 37.06540761608236], [-122.08231511393942, 37.06541403316955], [-122.08229509030008, 37.065421250537526], [-122.08227402911349, 37.06542692803339], [-122.08225333714668, 37.0654334224376], [-122.08224892244662, 37.06543442110479], [-122.08334086341675, 37.065541819131745], [-122.08339946606057, 37.06554556942491], [-122.08346192507487, 37.065518758817504], [-122.08354171752171, 37.06548844675375], [-122.08362483309037, 37.065464548088976], [-122.0837104715298, 37.0654472930719], [-122.0837978080557, 37.06543684776436], [-122.083886001575, 37.06543331284317], [-122.08397420291145, 37.065436722311546], [-122.08406156234236, 37.06544704337721], [-122.0841472389315, 37.06546417661443], [-122.0842304073767, 37.065487957008465], [-122.08431026665097, 37.06551815555429], [-122.08438604796103, 37.065554481481215], [-122.08445702135204, 37.065596584827404], [-122.08452250319722, 37.06564406028317], [-122.08458186313075, 37.06569645057926], [-122.08463452927859, 37.065753251123866], [-122.08467999449746, 37.065813915008114], [-122.08471782092812, 37.06587785790826], [-122.0847476443108, 37.065944464067854], [-122.0847691772908, 37.06601309209189], [-122.08478221260864, 37.06608308101054], [-122.08478662459655, 37.066153756870655], [-122.08478237079302, 37.066224438877676], [-122.08476949208455, 37.0662944464276], [-122.08474811252047, 37.06636310523515], [-122.08471843799481, 37.06642975417437], [-122.08468075426245, 37.0664937513029], [-122.08463542416388, 37.06655448024089], [-122.08458288440299, 37.066611356275914], [-122.08452364076092, 37.06666383155462], [-122.08445826386763, 37.06671140063926], [-122.08438738340524, 37.06675360551116], [-122.08431168187094, 37.06679003975971], [-122.08413573053001, 37.06686556725848], [-122.0841310456596, 37.066872696320296], [-122.08412368360709, 37.06688164455916], [-122.08411710333903, 37.06689097471851], [-122.08409939417048, 37.06691116762865], [-122.08408243926948, 37.06693177577685], [-122.08407613776298, 37.066938006816315], [-122.08403141155027, 37.06727914870681], [-122.08402541357371, 37.06731016033655], [-122.0840198448425, 37.06734122747181], [-122.08401865215907, 37.06734511889339], [-122.08401788644379, 37.06734907788215], [-122.08400812312587, 37.0673794723583], [-122.08399878220317, 37.0674099492385], [-122.08396948302926, 37.06748864944641], [-122.08396421986423, 37.067500610050196], [-122.0839599068724, 37.06751281289708], [-122.08394954437833, 37.06753396022582], [-122.08394011609643, 37.06755538591014], [-122.0839334152874, 37.06756687542415], [-122.08392763047043, 37.06757868083227], [-122.0839147307191, 37.067598913019616], [-122.08390272754588, 37.067619494302036], [-122.0838946536354, 37.06763040226106], [-122.08388745269028, 37.06764169636168], [-122.08387214121119, 37.06766081696793], [-122.08385767765374, 37.067680357323596], [-122.08384830839428, 37.06769057859239], [-122.08383976067996, 37.067701252669984], [-122.08382218296597, 37.06771907965152], [-122.08380540000536, 37.06773738870903], [-122.08379482612371, 37.06774682438197], [-122.08378501352145, 37.06775677612741], [-122.08376534095227, 37.06777313566291], [-122.08374639827305, 37.06779003933026], [-122.0837347199446, 37.06779859994927], [-122.08372373844983, 37.06780773202996], [-122.08370215963463, 37.06782246755776], [-122.08368124053501, 37.067837801930914], [-122.08366857215546, 37.0678454035562], [-122.08365723073425, 37.06785314829827], [-122.08409658366143, 37.068280261379854], [-122.08410556880222, 37.06827834822206], [-122.08410725537333, 37.06827812796314], [-122.08410891028463, 37.06827778099319], [-122.08415084652255, 37.068272435724055], [-122.08419272630906, 37.06826696696298], [-122.08425792566497, 37.068261066991916], [-122.08430283171792, 37.068258783941026], [-122.08434602581883, 37.068256586630824], [-122.08434604099985, 37.06825658701843], [-122.08434605551899, 37.06825658631926], [-122.08438891905712, 37.068257782559186], [-122.08443427953507, 37.06825904727444], [-122.08443429470093, 37.06825904892388], [-122.08443430909462, 37.06825904930541], [-122.08447632185039, 37.06826355312681], [-122.08452180722155, 37.068268427891354], [-122.08452182237333, 37.06826843071251], [-122.08452183652797, 37.068268432264], [-122.08456515281982, 37.0682766021068], [-122.08460776611277, 37.068284638238936], [-122.08460777945517, 37.06828464185737], [-122.08460779471834, 37.06828464476951], [-122.08464982878087, 37.068296157265664], [-122.08469132840834, 37.06830752202958], [-122.08469134251968, 37.06830752718633], [-122.08469135608595, 37.06830753089661], [-122.08473074052527, 37.06832191010383], [-122.08477168923291, 37.06833685906514], [-122.08477170209727, 37.068336865023504], [-122.08477171564839, 37.068336869995655], [-122.0848098471771, 37.06835459668604], [-122.08484807482962, 37.068372366652014], [-122.08484808689474, 37.06837237359575], [-122.08484809987051, 37.068372379645126], [-122.08488432643769, 37.06839327373876], [-122.08491974949293, 37.06841370298946], [-122.08491977237729, 37.068413717588435], [-122.08491977282395, 37.06841371786229], [-122.08491977327063, 37.06841371813617], [-122.08497094944389, 37.06844640275394], [-122.08500375737279, 37.06846955422667], [-122.0850365369126, 37.06849263597335], [-122.08503686380726, 37.06849291621664], [-122.08503722297002, 37.06849316966684], [-122.08506704201169, 37.0685187871937], [-122.08509683956432, 37.06854433180426], [-122.08509712995509, 37.06854463565294], [-122.08509745717679, 37.06854491679999], [-122.08512398585513, 37.0685727390877], [-122.08515052883138, 37.06860051514775], [-122.08515078149398, 37.06860084151074], [-122.08515107176622, 37.06860114589921], [-122.08517405199687, 37.06863089504286], [-122.08519708735457, 37.06866064496777], [-122.0851972985232, 37.06866098894849], [-122.08519755062385, 37.06866131530703], [-122.0852167861645, 37.06869273406988], [-122.08523606695715, 37.0687241420913], [-122.08523623530803, 37.06872450151624], [-122.08523644591357, 37.06872484558269], [-122.0852517402846, 37.06875761200514], [-122.08526709206077, 37.0687903951836], [-122.0852672155076, 37.068790765800095], [-122.08526738318605, 37.06879112503953], [-122.0852786035359, 37.06882495776448], [-122.08528986389635, 37.06885876609846], [-122.0852899413554, 37.06885914447289], [-122.08529006435037, 37.06885951526616], [-122.08529709192833, 37.06889406390716], [-122.08530416324011, 37.06892859629908], [-122.08531156393165, 37.06898059623098], [-122.08531170598052, 37.06898235902409], [-122.08531205197981, 37.068984102207125], [-122.08531454970247, 37.0690176580845], [-122.08531725294887, 37.06905121338326], [-122.08531717866317, 37.06905297793334], [-122.0853173099123, 37.06905474082342], [-122.08531569091427, 37.06908833526233], [-122.08531427688703, 37.069121937411246], [-122.08531398701471, 37.069123688219975], [-122.0853139020489, 37.069125452236975], [-122.08530818281855, 37.069158751034756], [-122.08530266437741, 37.069192086985844], [-122.08530216182734, 37.06919380658842], [-122.08530186140322, 37.06919555551291], [-122.08529209442827, 37.06922825232655], [-122.08528252710916, 37.069260986734946], [-122.0852818169241, 37.069262657953416], [-122.08528130382399, 37.069264375491436], [-122.0852675834976, 37.06929614969754], [-122.08525405919768, 37.06932797309776], [-122.08525314774523, 37.069329580837554], [-122.08525242724123, 37.06933124945231], [-122.08523488673437, 37.06936179244408], [-122.08521753463316, 37.06939240079543], [-122.08521643110599, 37.06939392890207], [-122.08521550979398, 37.06939553323033], [-122.08520639205622, 37.06940801815762], [-122.08523612470991, 37.06941801027488], [-122.0852364523711, 37.06941815215852], [-122.08523679676692, 37.069418268120735], [-122.0852753089509, 37.069434971894054], [-122.08531382177097, 37.069451642848854], [-122.08531413135353, 37.069451810192625], [-122.08531445890038, 37.06945195225544], [-122.08547535816224, 37.06953015159293], [-122.08548904996749, 37.06953756589978], [-122.0855032834596, 37.06954429192559], [-122.08573868251038, 37.069668390968346], [-122.08576913366271, 37.06968621931931], [-122.08579989997311, 37.06970369566089], [-122.08580477435486, 37.06970708590113], [-122.08580998700256, 37.06971013774852], [-122.08583811235408, 37.06973027313809], [-122.08586659126995, 37.06975008070236], [-122.0858710279484, 37.06975383777168], [-122.08587584170732, 37.06975728405959], [-122.08590136823328, 37.06977953103704], [-122.08592728778068, 37.0698014805109], [-122.08608699403443, 37.06995076167703], [-122.08609245250348, 37.06995243509133], [-122.08612738811863, 37.06996265078195], [-122.08613368024291, 37.069965074363395], [-122.0861401999679, 37.06996707315536], [-122.08617346203037, 37.06998039757856], [-122.08620697958641, 37.06999330787431], [-122.08621294465878, 37.06999621388541], [-122.08621918894744, 37.069998715245234], [-122.08625066113355, 37.07001458808863], [-122.08628243804766, 37.070030068638026], [-122.08638303763689, 37.07008466820425], [-122.08638880268494, 37.070088139556646], [-122.08639490291999, 37.07009121966869], [-122.08642408809419, 37.070109386401775], [-122.08645363638944, 37.07012717868838], [-122.0864589489565, 37.07013108607523], [-122.08646464316645, 37.07013463052278], [-122.08649146731038, 37.07015500335051], [-122.08651869530186, 37.07017502944892], [-122.08652350387483, 37.07017933479566], [-122.0865287376818, 37.07018330989897], [-122.08655294195005, 37.07020569257986], [-122.08657758805025, 37.07022775974293], [-122.08658184688554, 37.070232422225175], [-122.08658656923575, 37.070236789101976], [-122.08660791809821, 37.07026096394064], [-122.08662974736502, 37.07028486168861], [-122.08663341560383, 37.07028983646325], [-122.08663758076963, 37.070294552937185], [-122.08665587090395, 37.070320289686244], [-122.08667467081838, 37.070345785447415], [-122.08667771237535, 37.07035102356165], [-122.08668128117942, 37.0703560452532], [-122.0867322450743, 37.07043672453864], [-122.08674382351747, 37.07044517724738], [-122.08676757080023, 37.07046154438388], [-122.08677644746409, 37.07046899403033], [-122.08678594853062, 37.07047593017836], [-122.08680692370707, 37.07049457092915], [-122.08682855548142, 37.070512725107584], [-122.08683647785546, 37.07052083570076], [-122.08684508508819, 37.070528485001184], [-122.08686367966237, 37.07054868387322], [-122.0868829862178, 37.07056844924153], [-122.08688987829153, 37.07057714294758], [-122.08689750854528, 37.07058543156787], [-122.086913543397, 37.07060699437577], [-122.08693033870979, 37.07062818021091], [-122.08693613410512, 37.07063737323063], [-122.08694271386712, 37.07064622137303], [-122.08695603323103, 37.070668938607014], [-122.08697015706046, 37.07069134275609], [-122.08712796744871, 37.07097552028511], [-122.08719426868258, 37.071042745656634], [-122.0873303333643, 37.07112515983506], [-122.08739808458742, 37.07117054909457], [-122.08745995762187, 37.07122104107844], [-122.08751535646823, 37.071276149502005], [-122.08756374786104, 37.07133534367354], [-122.08760466548193, 37.071398053664275], [-122.08763771541227, 37.07146367530753], [-122.08766257920436, 37.07153157680227], [-122.08767901764082, 37.07160110424024], [-122.08768687212232, 37.071671587926154], [-122.08768606717453, 37.071742349157404], [-122.08767661037609, 37.07181270635289], [-122.08766030968667, 37.071875381087665], [-122.08766797479834, 37.07187914381382], [-122.08773839487237, 37.071921845961064], [-122.08780325240747, 37.07196987330528], [-122.08786192287734, 37.072022763411525], [-122.0879138412584, 37.07208000688903], [-122.0879585075947, 37.07214105239135], [-122.08799549165663, 37.0722053121502], [-122.08802443726674, 37.07227216714636], [-122.08804506570876, 37.07234097371574], [-122.08805717813708, 37.072411069066256], [-122.08806065808203, 37.07248177823753], [-122.08805547182618, 37.07255242032348], [-122.08804166934249, 37.07262231478917], [-122.0880193835341, 37.07269078867636], [-122.08798882903943, 37.0727571825436], [-122.08795030013177, 37.072820856850285], [-122.08790416782942, 37.072881198515034], [-122.08785087634448, 37.072937626297026], [-122.0877909388493, 37.072989596803275], [-122.08772493269196, 37.07303660950021], [-122.08765349348684, 37.0730782117164], [-122.08757730932919, 37.07311400265488], [-122.0874971138814, 37.07314363766712], [-122.08741367936074, 37.07316683135432], [-122.08732780953112, 37.073183360308256], [-122.08724033112428, 37.07319306547931], [-122.08715208685179, 37.07319585320453], [-122.08708347665137, 37.07319532088104], [-122.08708369225783, 37.07319695732013], [-122.08708394598477, 37.07322586402458], [-122.08708484826954, 37.07325475877465], [-122.08708425636735, 37.0732612301485], [-122.08708431333699, 37.07326771967729], [-122.08708102977266, 37.07329650712114], [-122.0870783932526, 37.07332533361815], [-122.08707701257022, 37.07333172752955], [-122.08707627542965, 37.07333819012344], [-122.08706948670434, 37.07336657957001], [-122.08706333627957, 37.07339506163552], [-122.08706117992499, 37.07340131670959], [-122.08705965594604, 37.073407689867146], [-122.08704942776595, 37.0734354076149], [-122.08703982228347, 37.07346327131416], [-122.08703691100088, 37.073469327316346], [-122.0870346148664, 37.07347554967472], [-122.08702104557645, 37.073502330205], [-122.08700807769544, 37.073529305738866], [-122.08700443975161, 37.07353510366422], [-122.0870013934314, 37.07354111598971], [-122.08698461253594, 37.073566703397724], [-122.08696840823181, 37.07359252897496], [-122.08696407883113, 37.073598012936586], [-122.08696031147804, 37.073603757402786], [-122.08694048077908, 37.07362790432475], [-122.08692119601034, 37.07365233208586], [-122.0869162166157, 37.07365744967026], [-122.08691176466961, 37.073662870579966], [-122.08688907652363, 37.0736853428672], [-122.08686689565312, 37.073708139232835], [-122.08686131387557, 37.073712841318844], [-122.0868562206005, 37.07371788618226], [-122.08683089279091, 37.073738468360375], [-122.08680603006235, 37.073759412871134], [-122.08679990044857, 37.07376365363604], [-122.08679421411678, 37.07376827450888], [-122.08676648759894, 37.07378677021133], [-122.0867391852929, 37.073805659209484], [-122.0867325669414, 37.073809397913465], [-122.08672634231081, 37.07381355014647], [-122.08625318448455, 37.07409888462711], [-122.08602045652822, 37.07423956019971], [-122.08599490631687, 37.07425348265051], [-122.08596988035409, 37.074268002437435], [-122.08595841138728, 37.07427336878137], [-122.08594742874101, 37.07427935326645], [-122.08592029876473, 37.07429120175362], [-122.08589361686347, 37.07430368629049], [-122.08588154658426, 37.074308126040464], [-122.08586988480619, 37.07431321911754], [-122.08584143539683, 37.07432288008516], [-122.08581335538847, 37.07433320858561], [-122.08580080040844, 37.07433667892138], [-122.08578857157163, 37.07434083160568], [-122.08575907812252, 37.074348211445304], [-122.08572986905045, 37.07435628511396], [-122.08571694969262, 37.07435875270888], [-122.08570427206394, 37.07436192489731], [-122.08567401847294, 37.07436695260176], [-122.08564396184381, 37.0743726934722], [-122.08563080202893, 37.07437413458255], [-122.08561779814902, 37.07437629567], [-122.08558707692967, 37.07437892292436], [-122.08555646106598, 37.074382275708636], [-122.08540958720853, 37.0743925094881], [-122.08537336823893, 37.07488483596093], [-122.08537286872458, 37.07488852865963], [-122.08537277563424, 37.07489224215999], [-122.0852957860486, 37.075782642922654], [-122.08529117309533, 37.07581375178841], [-122.08528699762097, 37.075844899813454], [-122.0852650988539, 37.07595640001101], [-122.08526391412484, 37.07596096169123], [-122.08526321831593, 37.07596558852768], [-122.08525491932167, 37.07599559422243], [-122.08524710546523, 37.07602567973636], [-122.08524536828433, 37.07603012673385], [-122.08524410989855, 37.07603467639792], [-122.08519347158158, 37.076182909050516], [-122.0851676984393, 37.07630087211976], [-122.08516559074909, 37.07633801930817], [-122.08517552507026, 37.07641038602661], [-122.0852066942864, 37.07652436685776], [-122.08521272462787, 37.07655309798103], [-122.08521937633121, 37.07658174258478], [-122.08524677824175, 37.076743542439225], [-122.08524829585724, 37.076757681870724], [-122.08525084805723, 37.07677172408854], [-122.08525207692843, 37.076792911409584], [-122.08525434535959, 37.07681404626465], [-122.08525412593724, 37.07682823701881], [-122.08525494811076, 37.076842411829425], [-122.0852546492517, 37.07693291184585], [-122.08525458803967, 37.07693385865455], [-122.08525463979463, 37.07693480399092], [-122.08525230557912, 37.07696917690515], [-122.08525008224566, 37.07700358123181], [-122.08524990573463, 37.07700451759635], [-122.08524984149503, 37.07700546357043], [-122.0852433107877, 37.07703950214778], [-122.0852368922181, 37.077073551594985], [-122.08523660196107, 37.07707446995558], [-122.08523642230327, 37.077075406025415], [-122.08520772361447, 37.07718790621283], [-122.085201917506, 37.0772060715919], [-122.08519716465399, 37.077224430512736], [-122.08519096934867, 37.07724032514816], [-122.08518581292711, 37.07725645792395], [-122.08517781250313, 37.07727407995837], [-122.08517083667982, 37.077291977160534], [-122.08512433770821, 37.07739347752117], [-122.08512419841944, 37.077393740827176], [-122.08512409175249, 37.07739401375937], [-122.08510697228259, 37.077426306299756], [-122.08508987333435, 37.07745863117571], [-122.0850897023516, 37.07745888251898], [-122.08508956295442, 37.077459145463536], [-122.08493516499722, 37.07771474658589], [-122.08493264212656, 37.077718448097144], [-122.08493052760994, 37.07772231059413], [-122.08486712834808, 37.07782421100806], [-122.08485687304038, 37.07783884812209], [-122.08484757372881, 37.07785389021932], [-122.0848352693957, 37.07786968216766], [-122.0848238948436, 37.0778859166653], [-122.08481189750198, 37.077899678684894], [-122.08480080354649, 37.07791391721342], [-122.08471470406352, 37.078013217780956], [-122.0846980523348, 37.07803054198387], [-122.08468222477354, 37.07804835335157], [-122.08467112460069, 37.0780585572459], [-122.08466081567519, 37.07806928257604], [-122.08464212525887, 37.07808521523033], [-122.08462419457527, 37.078101698190665], [-122.08461763090027, 37.07810716535602], [-122.08464370459605, 37.078169560631565], [-122.08464395956088, 37.07817028741464], [-122.08464430030362, 37.078170991152966], [-122.08465591232735, 37.07820436089059], [-122.08466760231158, 37.07823768489674], [-122.08466776697242, 37.07823842756854], [-122.08466802023842, 37.07823915533], [-122.08467549337423, 37.078273272651764], [-122.0846830512779, 37.07830735790634], [-122.08468312435285, 37.07830811077822], [-122.08468328720652, 37.07830885406703], [-122.08468654856108, 37.078343371193014], [-122.0846899024871, 37.078377908683684], [-122.08468988317132, 37.078378663817105], [-122.08468995422804, 37.07837941613254], [-122.08468897700702, 37.07841403422311], [-122.08468809005764, 37.078448657787604], [-122.0846879785609, 37.07844940707161], [-122.0846879572213, 37.07845016209925], [-122.08468274702383, 37.078484554800845], [-122.08467763138148, 37.07851892389395], [-122.08467742879506, 37.078519660756726], [-122.08467731515425, 37.078520410565005], [-122.08462931771291, 37.0787446109482], [-122.08462797186863, 37.07874945666882], [-122.08462714085411, 37.07875437550038], [-122.08461838185549, 37.078783985564534], [-122.08461013298113, 37.078813685288324], [-122.08460820121267, 37.078818400921286], [-122.0846067721784, 37.07882323193766], [-122.08459443275048, 37.078852012028484], [-122.08458259060464, 37.07888092043946], [-122.08458009087133, 37.07888546249527], [-122.08457807801251, 37.07889015713013], [-122.08456227943344, 37.07891782577289], [-122.08454695575641, 37.078945668714006], [-122.08454391221676, 37.07894999275944], [-122.08454133485358, 37.07895450663233], [-122.0845222274245, 37.07898080141502], [-122.08450357139736, 37.0790073067304], [-122.08450001346586, 37.07901137098673], [-122.0844968964212, 37.07901566057084], [-122.08447466385712, 37.079040328533225], [-122.08445285551342, 37.079065240710186], [-122.08444881786495, 37.079069005692766], [-122.08444519076764, 37.079073030112426], [-122.08442004640649, 37.07909583429716], [-122.08439529642698, 37.079118912842326], [-122.08439081763282, 37.0791223425219], [-122.08438671571501, 37.07912606274742], [-122.08435890115149, 37.079146783541844], [-122.08433144857763, 37.079167806028416], [-122.08433139858596, 37.079167837461824], [-122.08434265011104, 37.07919208119996], [-122.0843429518926, 37.07919284413059], [-122.08434334321645, 37.079193579809164], [-122.08440287218515, 37.07932272269934], [-122.08440291779617, 37.07932282166454], [-122.08440294444026, 37.0793228793795], [-122.08489653759793, 37.08039290492188], [-122.08490367234207, 37.080389212678604], [-122.0849353313816, 37.080376157718106], [-122.08496667419547, 37.08036262247757], [-122.08497458191442, 37.080359972262016], [-122.08498220292716, 37.08035682965304], [-122.08501530657236, 37.08034632379596], [-122.08504815422872, 37.0803353151373], [-122.08505634739757, 37.08033329881893], [-122.08506431677023, 37.080330769680174], [-122.08509854576107, 37.080322914211706], [-122.0851325825446, 37.0803145380447], [-122.08514098398223, 37.080313174768165], [-122.08514922334149, 37.080311283823725], [-122.08533162179516, 37.08027708409886], [-122.0853366961136, 37.08027634091023], [-122.0853416720272, 37.08027524821113], [-122.0853801261371, 37.08026998035269], [-122.08541850325183, 37.08026435971138], [-122.08542364507952, 37.08026401852278], [-122.08542872963588, 37.08026332201148], [-122.08546764059494, 37.08026109950909], [-122.0855065229933, 37.080258519639344], [-122.08551168143788, 37.08025858393425], [-122.08551682708482, 37.08025829000436], [-122.08555582507344, 37.080259133982736], [-122.08559483332527, 37.08025961999167], [-122.08559995867029, 37.08026008902615], [-122.08560511587184, 37.08026020063084], [-122.08564382421753, 37.080264103318186], [-122.08568258375414, 37.08026765024476], [-122.08568762722733, 37.080268519586596], [-122.08569274582138, 37.08026903561804], [-122.08573079023662, 37.080275959245455], [-122.08576892931332, 37.08028253303631], [-122.08577384196612, 37.080283794195736], [-122.08577887296083, 37.080284709769415], [-122.08581589085368, 37.08029458880601], [-122.08585303853863, 37.08030412512805], [-122.0858577725938, 37.08030576574849], [-122.08586266794262, 37.080307072201386], [-122.08589829675692, 37.080319809929094], [-122.08593410121837, 37.080332218366735], [-122.08593861275685, 37.08033422332711], [-122.08594332379108, 37.080335907574714], [-122.08608552296853, 37.080393607098294], [-122.08608616231518, 37.080393898940535], [-122.0860868336601, 37.080394140010185], [-122.08612454247574, 37.08041141881274], [-122.08616226294224, 37.08042863756978], [-122.08616286300517, 37.080428977964765], [-122.08616350211557, 37.08042927079631], [-122.08619891687034, 37.08044942854447], [-122.08623434811908, 37.08046952592527], [-122.08623490398212, 37.08046991204082], [-122.08623550380884, 37.08047025342515], [-122.08626825870027, 37.08049307908152], [-122.08630108401871, 37.08051587831965], [-122.08630159043692, 37.08051630659999], [-122.08630214517034, 37.080516693157215], [-122.08633195360758, 37.080541984137376], [-122.08636182819934, 37.080567248487576], [-122.08636227926891, 37.08056771401973], [-122.08636278455852, 37.08056814265165], [-122.0863893686329, 37.08059566642161], [-122.0864159953866, 37.080623141568395], [-122.08641638733242, 37.08062364017694], [-122.08641683782936, 37.08062410660588], [-122.08643993533971, 37.08065359649949], [-122.08646306415957, 37.080683019475494], [-122.08646339310269, 37.080683546263074], [-122.08646378447365, 37.080684045948715], [-122.08648315894071, 37.08071520106436], [-122.08650258105929, 37.0807463054345], [-122.08650284412774, 37.08074685596219], [-122.08650317227419, 37.08074738355475], [-122.08656757331735, 37.08086508311341], [-122.08657943256897, 37.08089001800475], [-122.08659204023137, 37.080914716903834], [-122.08659515061444, 37.08092306636197], [-122.08659902322869, 37.08093120887028], [-122.08660777482491, 37.080956954879944], [-122.08661730032173, 37.080982525127204], [-122.08661937444379, 37.08099107924367], [-122.08662223202127, 37.0809994859759], [-122.08662779163434, 37.08102579439126], [-122.08663414328667, 37.08105199046238], [-122.08663516087937, 37.081060666062726], [-122.08663697636327, 37.081069257037186], [-122.08663929075423, 37.08109587595916], [-122.08664240701995, 37.08112244408821], [-122.08664235839149, 37.08113115789892], [-122.0866431141007, 37.08113984996088], [-122.08664216091746, 37.08116652240932], [-122.08664201188573, 37.08119320736062], [-122.0866408974828, 37.08120187501422], [-122.08664058619921, 37.08121058499916], [-122.08663637423238, 37.081237055765456], [-122.08663296153408, 37.081263598939934], [-122.08663079213999, 37.08127213723004], [-122.08662941678418, 37.0812807808795], [-122.08662198679481, 37.08130679319775], [-122.08661534328077, 37.081332940743096], [-122.08661213979283, 37.08134126744234], [-122.08660971362313, 37.0813497615688], [-122.0865991374694, 37.081375064320326], [-122.08658932678458, 37.081400565144676], [-122.0865851197436, 37.08140860071386], [-122.08658166636064, 37.08141686284019], [-122.08656804630576, 37.08144121199058], [-122.0865551625165, 37.081465820734294], [-122.0864746635023, 37.08160062127528], [-122.08647142555779, 37.08160542296437], [-122.08646869531957, 37.0816104243481], [-122.08645043881764, 37.08163654489367], [-122.08643268027376, 37.08166287956857], [-122.08642887017939, 37.08166740417578], [-122.08642554145567, 37.081672166764626], [-122.08640417822615, 37.08169672675546], [-122.08638328254405, 37.081721541113325], [-122.08637893727776, 37.081725744754294], [-122.08637504189099, 37.081730223001664], [-122.08635077829513, 37.081752985693846], [-122.08632694612305, 37.081776040963604], [-122.08632210700613, 37.08177988348313], [-122.08631768305621, 37.08178403378372], [-122.08629075235172, 37.081804780758546], [-122.08626421340084, 37.08182585407728], [-122.08625892745987, 37.08182929806833], [-122.08625401704722, 37.081833080994045], [-122.08624814053523, 37.0818371830527], [-122.08623740688756, 37.08185371412415], [-122.08622578544266, 37.0818733947826], [-122.08609398687116, 37.082070895709336], [-122.08607323015286, 37.08209863404686], [-122.08605277222576, 37.08212650457473], [-122.08605052938756, 37.08212897019329], [-122.08604857071923, 37.082131587634], [-122.08602452114535, 37.08215756151691], [-122.08600075127816, 37.082183692140326], [-122.08599821738495, 37.0821859700068], [-122.08599594805685, 37.08218842081746], [-122.08596883860136, 37.08221237928485], [-122.08594198448009, 37.08223651909222], [-122.0859391838733, 37.08223858712926], [-122.08593662588166, 37.082240847772205], [-122.08590671932487, 37.082262559472944], [-122.08587703788602, 37.082284476617325], [-122.08587399735623, 37.082286314929824], [-122.08587117548939, 37.08228836360157], [-122.08583875523118, 37.08230762294326], [-122.08580653673427, 37.08232710278104], [-122.08580328653916, 37.0823286932133], [-122.08580022701675, 37.08233051073543], [-122.08576560320977, 37.08234713306446], [-122.08573116021479, 37.08236398726483], [-122.08572773125044, 37.08236531473088], [-122.08572446398846, 37.08236688330566], [-122.08568797645854, 37.08238070529032], [-122.08565163411532, 37.082394774735306], [-122.08564805837163, 37.0823958267717], [-122.08564461584665, 37.08239713087468], [-122.08560661417087, 37.0824080205377], [-122.08556872436313, 37.082419168580664], [-122.0855650379698, 37.08241993464892], [-122.08556145171639, 37.082420962263875], [-122.08552229841266, 37.082428815671975], [-122.08548322956156, 37.08243693400845], [-122.0854794669209, 37.08243740689201], [-122.08547577238848, 37.08243814792598], [-122.08543584212549, 37.082442889364124], [-122.0853959729791, 37.08244789987698], [-122.08539217172562, 37.08244807490824], [-122.08538840320085, 37.08244852241422], [-122.08534808064827, 37.08245010536081], [-122.0853077949873, 37.08245196062037], [-122.08530399024276, 37.08245183626733], [-122.08530018547164, 37.08245198566879], [-122.0852598678654, 37.082450394618185], [-122.08521954472403, 37.08244907708569], [-122.08521577304018, 37.08244865453173], [-122.0852119689433, 37.08244850440074], [-122.08517204515195, 37.082443755423036], [-122.08513207232353, 37.082439277014075], [-122.08512837010596, 37.082438560235836], [-122.08512460300571, 37.08243811211461], [-122.08508545815417, 37.08243025189969], [-122.08504622002903, 37.08242265488183], [-122.08504262263729, 37.08242165064233], [-122.08503892915883, 37.08242090895999], [-122.08500093195039, 37.08241001183523], [-122.08496281478111, 37.08239937067139], [-122.0849593586594, 37.08239808907731], [-122.08495577258614, 37.08239706067489], [-122.084919284742, 37.08238322948911], [-122.0848826597932, 37.082369648634284], [-122.0848793771973, 37.08236810192341], [-122.08487593407558, 37.082366796720436], [-122.08484131299429, 37.08235016619944], [-122.08480652692721, 37.08233377506863], [-122.08470238071854, 37.08227902043823], [-122.08467881167047, 37.08228172751364], [-122.08453783555257, 37.082303733908944], [-122.08441534861963, 37.08232859843513], [-122.08432876934545, 37.08234259176824], [-122.08424089498999, 37.0823497185482], [-122.08415257189571, 37.08234991004148], [-122.08406465066132, 37.08234316461397], [-122.08397797816075, 37.08232954703837], [-122.08389338887882, 37.08230918851731], [-122.08381169772768, 37.08228228518547], [-122.08373369118253, 37.08224909605771], [-122.0836601207819, 37.08220994081531], [-122.08365807027937, 37.08220860000563], [-122.08365193682258, 37.0822106020337], [-122.083631647196, 37.08221816258242], [-122.08361106554898, 37.082223943042514], [-122.08359086529653, 37.082230536713446], [-122.08356941287266, 37.08223564141937], [-122.08354829680081, 37.08224157196804], [-122.08352710635602, 37.08224570842523], [-122.08350619731473, 37.08225068382171], [-122.08348422441307, 37.08225407913372], [-122.08346248374582, 37.08225832301035], [-122.08344088941611, 37.08226077540244], [-122.08341947231511, 37.0822640848581], [-122.08339718938268, 37.08226573832877], [-122.08337503467231, 37.08226825434313], [-122.08325833354836, 37.08227685437738], [-122.08323422403126, 37.08227767838251], [-122.08321018201484, 37.08227936211773], [-122.0831045389927, 37.08228258843472], [-122.08312270758738, 37.08230182800763], [-122.08314229441066, 37.08232137969954], [-122.08314401441262, 37.08232349154326], [-122.08317933659072, 37.08231568393966], [-122.08318208804337, 37.08231519078241], [-122.08318477080242, 37.08231449743423], [-122.08322517827807, 37.08230746683474], [-122.08326552911598, 37.08230023396044], [-122.08326832710196, 37.08229995929935], [-122.08327108232594, 37.082299479870436], [-122.08331215478717, 37.08229565632984], [-122.08335319664613, 37.082291626929425], [-122.08335601525938, 37.08229157326837], [-122.08335881543898, 37.08229131259378], [-122.08345801449295, 37.08228601269857], [-122.08346113259245, 37.082285969011465], [-122.08346423396895, 37.08228569768203], [-122.08350528594589, 37.0822853497995], [-122.08354632423585, 37.082284774374116], [-122.08354943319664, 37.08228497579451], [-122.08355255232631, 37.08228494932968], [-122.08359344554383, 37.082287826746345], [-122.08363436028795, 37.082290476982486], [-122.08363742964484, 37.08229092156236], [-122.08364053693649, 37.082291140184175], [-122.0836808833621, 37.08229721538421], [-122.08372127480538, 37.08230306556869], [-122.0837242745725, 37.08230374892998], [-122.08372734068696, 37.082304210609045], [-122.08390573906385, 37.0823384102743], [-122.0839155512267, 37.08234070450216], [-122.08392555230033, 37.08234239949637], [-122.08395792733984, 37.08235061243969], [-122.08399052584983, 37.08235823434052], [-122.08400001093113, 37.082361288257765], [-122.08400975559299, 37.08236376034328], [-122.08404096871821, 37.08237447567648], [-122.08407247920113, 37.082384621270464], [-122.08408154462869, 37.08238840522793], [-122.08409094023514, 37.0823916307042], [-122.08433883869722, 37.082488529886746], [-122.08437714062977, 37.08250541360128], [-122.08441544452002, 37.08252225756694], [-122.08441582219228, 37.08252246464952], [-122.08441622306894, 37.08252264135385], [-122.08445227244472, 37.082542450179446], [-122.08448833386667, 37.08256222249035], [-122.08448868419423, 37.082562458116215], [-122.08448906175006, 37.08256266555822], [-122.08452254111428, 37.082585228036216], [-122.08455598299422, 37.082607718914794], [-122.08455630251898, 37.082607980623536], [-122.0845566531758, 37.08260821697287], [-122.08458718709484, 37.08263328034199], [-122.0846177404687, 37.08265830869885], [-122.08461802707161, 37.08265859494178], [-122.08461834647886, 37.08265885710017], [-122.08464563671535, 37.08268616703198], [-122.08467301158065, 37.0827135047428], [-122.0846732618144, 37.082713812158175], [-122.0846735475221, 37.082714098033506], [-122.08469739628832, 37.08274345776309], [-122.08472126380457, 37.08277277544707], [-122.08479242779735, 37.082870338953086], [-122.08481645305727, 37.08285650166117], [-122.08489061269438, 37.0828180658138], [-122.0849691174271, 37.08278563881706], [-122.08505121117754, 37.082759532752675], [-122.08513610349654, 37.08273999922545], [-122.08522297657417, 37.08272722635299], [-122.08531099403554, 37.08272133703098], [-122.08539930815115, 37.082722387997435], [-122.08548706850699, 37.08273036917846], [-122.08557342976657, 37.082745203658135], [-122.0856575604339, 37.08276674864712], [-122.0857386502642, 37.08279479662148], [-122.085815918338, 37.082829077457845], [-122.08588862045468, 37.08286926101393], [-122.08595605651904, 37.08291496034007], [-122.0860175770224, 37.08296573533424], [-122.08607258962884, 37.08302109702904], [-122.08612056440757, 37.08308051222862], [-122.08616103939524, 37.0831434087793], [-122.08619362469409, 37.08320918100905], [-122.08621800656773, 37.08327719534737], [-122.08623395006431, 37.083346796835315], [-122.08624130186864, 37.08341731527669], [-122.08623999079136, 37.08348807146134], [-122.08623002982515, 37.083558384031534], [-122.08621151449631, 37.08362757568899], [-122.08618462334296, 37.08369498031962], [-122.08614961537496, 37.0837599484728], [-122.08610682751136, 37.08382185473328], [-122.08605667182046, 37.0838801027481], [-122.08599963150616, 37.083934131596], [-122.08593625578415, 37.08398342088636], [-122.08586715498096, 37.08402749604008], [-122.08513660172981, 37.0844482550647], [-122.08505151146053, 37.08454374230658], [-122.08491702833794, 37.08469612357847], [-122.08493243375965, 37.08479041658966], [-122.08493307932899, 37.08479678228879], [-122.0849343614458, 37.084803085745435], [-122.0849366542776, 37.084832035891885], [-122.08493958617865, 37.084860948152915], [-122.08493944978424, 37.084867333688294], [-122.08493995461635, 37.084873707675875], [-122.0849458235799, 37.085202987719974], [-122.08501955030066, 37.08550917072365], [-122.08514828223096, 37.08583615142202], [-122.085410527209, 37.08629674380213], [-122.08591069141625, 37.08696748897667], [-122.08591226110093, 37.08696984984913], [-122.08591409205593, 37.086972087891816], [-122.08597360478338, 37.08705325716531], [-122.08613071994797, 37.087165777462296], [-122.08620421602957, 37.08720282457584], [-122.08621402634743, 37.08717258561077], [-122.08624451813327, 37.087106171816984], [-122.08628298863229, 37.08704247212504], [-122.08632906726741, 37.086982100138236], [-122.08638231026956, 37.086925637165855], [-122.08644220479225, 37.086873626937056], [-122.08650817414859, 37.086826570503725], [-122.08657958305271, 37.08678492078269], [-122.08665574362429, 37.086749079087085], [-122.08665886580269, 37.08674792302299], [-122.08665152039543, 37.08670985061074], [-122.08664664918595, 37.08663919440087], [-122.08665044597215, 37.08656849579075], [-122.08666287420384, 37.086498435864854], [-122.08668381403837, 37.08642968911511], [-122.08671306387154, 37.08636291786411], [-122.08675034200229, 37.08629876488676], [-122.08679528939733, 37.086237848113605], [-122.08684747314399, 37.086180754257754], [-122.08690639068121, 37.086128033169146], [-122.08697147470366, 37.08608019237422], [-122.08704209827626, 37.08603769278899], [-122.08711758130833, 37.08600094363141], [-122.08719719701027, 37.0859702987758], [-122.08728017845807, 37.08594605346855], [-122.08736572650774, 37.08592844105431], [-122.08745301746734, 37.085917631142316], [-122.08754121065405, 37.08591372795214], [-122.08837970261516, 37.08590962789308], [-122.08838716688088, 37.08590988511242], [-122.08839463193151, 37.08590965404977], [-122.08843127352192, 37.08591140472095], [-122.0884679487374, 37.085912668343255], [-122.08847534569323, 37.08591351040784], [-122.0884828029224, 37.085913866720894], [-122.08851905316084, 37.085918486212435], [-122.08854595975662, 37.085921549276335], [-122.0885622021632, 37.085902852821256], [-122.08869404784065, 37.085736678375135], [-122.08872164236647, 37.08569048958309], [-122.08872302034428, 37.08568844687623], [-122.08872415922035, 37.085686311290786], [-122.08873093471846, 37.0856751550058], [-122.0887166407815, 37.08563638364314], [-122.08870004409673, 37.085566880059005], [-122.08869203076065, 37.08549640789644], [-122.08869267790885, 37.085425645781754], [-122.08870197915716, 37.08535527530319], [-122.08871984513705, 37.08528597398415], [-122.08874610356796, 37.08521840933461], [-122.08878050170176, 37.08515323210958], [-122.08882270808898, 37.08509106983291], [-122.08887231635899, 37.08503252123803], [-122.08892884866901, 37.08497815016517], [-122.08899176060568, 37.08492848028144], [-122.08906044642409, 37.08488398980305], [-122.08913424449833, 37.08484510730123], [-122.0892124441263, 37.084812207157675], [-122.08929429220676, 37.08478560628122], [-122.08937900070465, 37.08476556074013], [-122.08946575353755, 37.084752263742125], [-122.08955371560498, 37.084745843180016], [-122.0896420394345, 37.084746360871684], [-122.08972987475076, 37.084753812002646], [-122.08981637556825, 37.08476812463956], [-122.08990070872402, 37.08478916114781], [-122.08998206230892, 37.08481671870673], [-122.09005965272175, 37.084850532067655], [-122.09013273263233, 37.08489027559771], [-122.09020059847963, 37.084935566582125], [-122.09026259661799, 37.08498596869614], [-122.09031812978597, 37.08504099674157], [-122.09036666336, 37.08510012057027], [-122.09040772989735, 37.085162770977654], [-122.09044093380332, 37.085228344605625], [-122.09046903453567, 37.08529274440424], [-122.09047022764567, 37.085295980472075], [-122.09047177387058, 37.0852991179309], [-122.09048273558524, 37.08532990535404], [-122.0904940560895, 37.08536060962443], [-122.09049484729, 37.085363922653805], [-122.0904960026054, 37.08536716753562], [-122.09051370324914, 37.08542806747352], [-122.09051509674511, 37.08543421335036], [-122.09051710531267, 37.08544024883567], [-122.09052298734927, 37.08546901395004], [-122.09052948980806, 37.085497692059676], [-122.09053012470146, 37.085503917390824], [-122.09053138521327, 37.085510081898036], [-122.0905409860023, 37.08557768182474], [-122.0905425995346, 37.08559778673561], [-122.09054527289778, 37.08561781918913], [-122.09055017369826, 37.085686119152115], [-122.09055046655268, 37.08571426702985], [-122.09055146498328, 37.085742404543964], [-122.09055083449654, 37.0857496338836], [-122.0905509099282, 37.085756880715586], [-122.09054775765567, 37.08578491536791], [-122.09054530881644, 37.08581299642823], [-122.09053430968014, 37.08588679656595], [-122.09053370796609, 37.085889640100575], [-122.09053342845344, 37.08589251477066], [-122.09052632818478, 37.0859245161259], [-122.09051954653947, 37.08595656508418], [-122.09051860003281, 37.08595934711308], [-122.09051797001216, 37.08596218664463], [-122.09050698657207, 37.08599348234872], [-122.09050385168332, 37.08600269637994], [-122.0905026182781, 37.08603420630551], [-122.09050250771728, 37.086035304713164], [-122.09050252796021, 37.08603640718875], [-122.09049895798734, 37.08607058292815], [-122.09049552098153, 37.086104741478756], [-122.0904952766997, 37.086105825700415], [-122.09049516185603, 37.08610692470618], [-122.09045215453959, 37.086365284255734], [-122.09042058750285, 37.08656492302498], [-122.09043649776528, 37.0866185103372], [-122.0907187701059, 37.08705547385743], [-122.09073206879205, 37.08707879792296], [-122.09074615106977, 37.08710182719838], [-122.09075041092558, 37.08711096731969], [-122.09075547023504, 37.08711984053688], [-122.09076585122901, 37.08714409626779], [-122.09077704824539, 37.087168120825936], [-122.09078016925874, 37.087177551118195], [-122.09078411865843, 37.08718677908793], [-122.09079148255822, 37.087211734786024], [-122.0907996858166, 37.08723652132645], [-122.0908016377992, 37.087246150247275], [-122.09080443952013, 37.0872556449746], [-122.09080871482102, 37.087281059960716], [-122.0908138458133, 37.087306370094176], [-122.09081461038514, 37.08731610655199], [-122.09081623684459, 37.08732577498191], [-122.09081738205442, 37.08735140150509], [-122.09081939189171, 37.08737699445469], [-122.09081896151177, 37.08738674419576], [-122.09081939727301, 37.087396493726715], [-122.09081740156988, 37.087422087876035], [-122.09081627049449, 37.08744771425387], [-122.09081464943897, 37.087457382754266], [-122.09081389021277, 37.087467120058605], [-122.09080877275055, 37.0874924340059], [-122.09080451178586, 37.08751784844525], [-122.09080171555573, 37.087527343430196], [-122.09079976865817, 37.08753697382679], [-122.09079157869064, 37.0875617643007], [-122.09078422878886, 37.08758672148338], [-122.09078028435644, 37.08759595112634], [-122.09077716855127, 37.08760538236522], [-122.09076598545086, 37.087629409118996], [-122.09075561707834, 37.08765367026231], [-122.09075056206343, 37.087662546243486], [-122.09074630769517, 37.087671686794216], [-122.09073223895899, 37.087694719441224], [-122.09071895201319, 37.08771804986355], [-122.09071283560037, 37.087726485934745], [-122.09070748320138, 37.087735248581396], [-122.09069066435293, 37.08775706542254], [-122.09067458674377, 37.08777924030161], [-122.09066746739153, 37.08778715569397], [-122.09066106882976, 37.087795455651], [-122.09064166101135, 37.08781584744236], [-122.09062294843108, 37.08783665226427], [-122.09061489558209, 37.087843969808524], [-122.0906075117712, 37.08785172803845], [-122.09058570105852, 37.087870498887526], [-122.09056453446581, 37.08788973285295], [-122.09055562535163, 37.087896382740865], [-122.0905473276259, 37.087903523891704], [-122.09052332638225, 37.087920490907386], [-122.0904999074538, 37.087937970953085], [-122.09049022699634, 37.08794388956492], [-122.09048109606913, 37.08795034439595], [-122.09045513566674, 37.08796534421312], [-122.09042968964741, 37.087980901879114], [-122.0904193309047, 37.087986032147704], [-122.0904094549439, 37.08799173850636], [-122.09038178520129, 37.0880046272817], [-122.09035455737454, 37.08801811219985], [-122.09034362153527, 37.08802240406126], [-122.09033309424002, 37.08802730776985], [-122.09030397755103, 37.08803796284965], [-122.09027523424272, 37.088049243472526], [-122.09026382700445, 37.08805265564124], [-122.09025274941808, 37.08805670942919], [-122.09022246876977, 37.08806502688709], [-122.09019248411693, 37.088073996065525], [-122.09018071399737, 37.08807649611155], [-122.09016919404755, 37.08807966042323], [-122.09013804137052, 37.08808556010887], [-122.09010710389053, 37.088092131446786], [-122.08989294321896, 37.088128715343736], [-122.08992941360046, 37.08817103599816], [-122.08993987752942, 37.088186161989974], [-122.09016063796618, 37.08818071309379], [-122.09080138288242, 37.08815764177901], [-122.09082421932503, 37.08815771807001]], [[-122.07160063495904, 37.078471604149904], [-122.07163550593563, 37.07846959910683], [-122.07170190529267, 37.07846839907647], [-122.07170508297106, 37.07846846667542], [-122.07170825470271, 37.07846830229793], [-122.07174921449881, 37.07846940512766], [-122.071790192868, 37.07847027651937], [-122.07179334725782, 37.07847059335062], [-122.07179652359285, 37.07847067887444], [-122.07183714960233, 37.07847499299748], [-122.07187782576602, 37.07847907854393], [-122.07188092630474, 37.078479641574035], [-122.07188407665423, 37.07847997612882], [-122.07204857525778, 37.078504075846794], [-122.07207376256522, 37.078508799742586], [-122.0720991705282, 37.07851269904753], [-122.07213919428433, 37.078520490186975], [-122.07224896344293, 37.07853148749929], [-122.07225581330381, 37.07853244924251], [-122.07226273724545, 37.078532954105135], [-122.07229929196725, 37.07853855415667], [-122.07233595660341, 37.07854370219416], [-122.07234265529229, 37.078545197189044], [-122.07234948466358, 37.078546243407914], [-122.07257378272365, 37.07858984297509], [-122.07265848682447, 37.07860988079864], [-122.07274033177558, 37.07863647425283], [-122.07281852948921, 37.07866936722457], [-122.07289232681265, 37.07870824294116], [-122.0729610131397, 37.078752727094006], [-122.07302392689402, 37.0788023912242], [-122.0730804621132, 37.07885675710016], [-122.07313007447075, 37.07891530109102], [-122.0731722860507, 37.078977459341424], [-122.07320669045481, 37.07904263339969], [-122.07323295622554, 37.07911019556246], [-122.0732506134666, 37.0791786540444], [-122.07375987625517, 37.07961948080965], [-122.0738061651447, 37.07958805396431], [-122.073878819023, 37.07954781837385], [-122.07395604518986, 37.0795134822174], [-122.07403710004121, 37.07948537617239], [-122.07412120279304, 37.07946377095504], [-122.07420754361414, 37.07944887458982], [-122.07422543261404, 37.079447234693944], [-122.07422118905758, 37.079436377846115], [-122.07420318263864, 37.0793671002936], [-122.07419373801856, 37.079296742184525], [-122.07419294604816, 37.07922598118025], [-122.07420081439358, 37.079155498617574], [-122.07421726716079, 37.079085973466555], [-122.07424214599695, 37.07901807512788], [-122.07427521128756, 37.0789524575834], [-122.07431614448724, 37.07888975283435], [-122.07436455134822, 37.078830564526825], [-122.07441996592054, 37.0787754628456], [-122.07448185422683, 37.078724978413575], [-122.07454962039725, 37.078679597382475], [-122.0746226117886, 37.078639756786], [-122.07470012544756, 37.07860584035409], [-122.07478141490806, 37.07857817460027], [-122.07486569731127, 37.07855702608323], [-122.07495216109162, 37.07854259840235], [-122.07503997342207, 37.0785350304533], [-122.07512828866517, 37.0785343952321], [-122.07521625637202, 37.07854069881595], [-122.07522755430699, 37.07854241510957], [-122.07525314789638, 37.078499776064916], [-122.07525365422829, 37.078499028877495], [-122.07525406862008, 37.07849824681014], [-122.07527472088708, 37.07846793678115], [-122.07529528554757, 37.0784375856826], [-122.07529588044805, 37.07843688227239], [-122.07529638890547, 37.07843613600272], [-122.0753206418747, 37.0784076030237], [-122.0753448281281, 37.07837900389749], [-122.07534550714314, 37.07837834972822], [-122.07534610359785, 37.07837764795239], [-122.0753737231106, 37.078351163857995], [-122.07540129863233, 37.07832459504305], [-122.0754020536798, 37.07832399789376], [-122.07540273379468, 37.0783233457158], [-122.07543349248482, 37.078299132726414], [-122.07546415316182, 37.07827488308909], [-122.07546497674727, 37.078274348670185], [-122.0754657341451, 37.078273752440204], [-122.07549930278184, 37.078252074257705], [-122.07553278616138, 37.07823034663526], [-122.07553367227469, 37.07822987886593], [-122.07553449798226, 37.07822934563492], [-122.07557053915211, 37.078210417402445], [-122.07560653699495, 37.078191414726184], [-122.07560747589751, 37.07819101884868], [-122.07560836299938, 37.07819055297944], [-122.07564654951169, 37.07817454494052], [-122.07568469528938, 37.0781584622063], [-122.07568567804756, 37.0781581420269], [-122.07568661782626, 37.07815774804853], [-122.07572658602108, 37.07814481366745], [-122.07576650828513, 37.07813180653252], [-122.07576752507416, 37.078131565129475], [-122.07576850893464, 37.07813124676076], [-122.07577586889846, 37.07812919538453], [-122.07577657458677, 37.07807909609364], [-122.07578622262524, 37.07800875563126], [-122.07580442898534, 37.07793951170787], [-122.07583101848934, 37.07787203098099], [-122.07586573494028, 37.07780696334023], [-122.07590824401291, 37.077744935530056], [-122.07595813625686, 37.0776865447737], [-122.0760149312114, 37.07763235348727], [-122.07607808186293, 37.07758288354601], [-122.07614698010494, 37.07753861136958], [-122.07622096241913, 37.07749996327953], [-122.07629931622394, 37.07746731149282], [-122.07638128711923, 37.0774409703929], [-122.07646608555748, 37.0774211936975], [-122.0765528948614, 37.07740817190732], [-122.07664087923366, 37.07740203038563], [-122.07672919119454, 37.077402828244445], [-122.07681698024871, 37.077410557871296], [-122.07690340109924, 37.07742514472274], [-122.07698762139518, 37.077446448466176], [-122.07699763831134, 37.07744987944781], [-122.07749231634257, 37.07721515339726], [-122.07749424784359, 37.077214336700365], [-122.0774960767675, 37.077213378857735], [-122.07763142623443, 37.0771498629238], [-122.07772096299675, 37.07707721825653], [-122.0777421329356, 37.077061649953], [-122.07776262514336, 37.07704550795325], [-122.07777464914064, 37.077037737737314], [-122.07778602924036, 37.07702936885184], [-122.07780900194763, 37.077015538029215], [-122.07783136986993, 37.077001083238386], [-122.07784428657138, 37.07699429463929], [-122.07785663554938, 37.076986859918534], [-122.07788118992958, 37.076974899613816], [-122.0779052180201, 37.0769622713317], [-122.0779189020923, 37.07695653025718], [-122.07793210186571, 37.076950100713084], [-122.07795800253116, 37.07694012591466], [-122.07798345835658, 37.0769294460032], [-122.07801843858047, 37.076916480626394], [-122.07800332407255, 37.076867465651276], [-122.07798637263322, 37.0767980174503], [-122.0779779982876, 37.0767275722762], [-122.07797828189415, 37.076656808701536], [-122.07798722068947, 37.07658640816233], [-122.07800472847957, 37.07651704855968], [-122.07803063661721, 37.076449397957695], [-122.0780646956586, 37.07638410792614], [-122.07810657746762, 37.07632180706701], [-122.07815587888408, 37.076263095454735], [-122.07821212483549, 37.076208538531134], [-122.0782747739161, 37.07615866165083], [-122.07834322249664, 37.0761139451558], [-122.0784168116438, 37.076074819652284], [-122.07849483245603, 37.07604166199639], [-122.07857653375802, 37.07601479156837], [-122.07866112855328, 37.07599446689789], [-122.07874780225555, 37.075980884015614], [-122.07883572026167, 37.07597417344752], [-122.07892403571522, 37.07597440000494], [-122.07901189829593, 37.075981561500846], [-122.07909846164142, 37.075995588897584], [-122.0791828923364, 37.076016347097735], [-122.07926437720812, 37.07604363626254], [-122.0793421315172, 37.07607719349773], [-122.07941540634619, 37.07611669579506], [-122.07945184146091, 37.076140811148875], [-122.07944847425912, 37.075493714502606], [-122.07944807658943, 37.07542736670773], [-122.07944809646678, 37.07542700666281], [-122.07944807279226, 37.075426647902354], [-122.07944777525421, 37.07536401212559], [-122.07944218854145, 37.07444391166638], [-122.07944346171573, 37.07442085671701], [-122.0794437513665, 37.07439778106344], [-122.07944955228203, 37.07431928110529], [-122.07945078375697, 37.074310199778516], [-122.079451186945, 37.074301070558484], [-122.079455551338, 37.07427504055481], [-122.0794590918726, 37.07424893114308], [-122.07946142826178, 37.074239990356844], [-122.0794629462625, 37.074230936673175], [-122.0794704737512, 37.074205374887974], [-122.07947719109714, 37.07417966917057], [-122.07948060998613, 37.074170954744005], [-122.07948322812685, 37.07416206409844], [-122.07949384643598, 37.07413721623159], [-122.07950367571475, 37.07411216221926], [-122.07950814390509, 37.07410375871572], [-122.07951183719534, 37.07409511600581], [-122.07955313805559, 37.07401201633223], [-122.07956072844672, 37.07399868711127], [-122.07956735030085, 37.073985028303206], [-122.07957904923066, 37.07396651447602], [-122.07958979869953, 37.07394763758706], [-122.07959898325075, 37.07393496839047], [-122.07960724380565, 37.07392189576733], [-122.07962115026746, 37.07390439087681], [-122.07963415789581, 37.0738864480504], [-122.07964484851334, 37.07387456051278], [-122.0796546679445, 37.07386220028036], [-122.07967064862679, 37.07384587203151], [-122.07968578845296, 37.07382903715917], [-122.0796978813682, 37.073818046844174], [-122.07970916577709, 37.07380651698629], [-122.07972706725347, 37.073791522111115], [-122.07974419320638, 37.07377595766069], [-122.07975757240055, 37.073765969941135], [-122.07977021266824, 37.07375538201367], [-122.07978986174362, 37.07374186555282], [-122.07980880957678, 37.07372772078082], [-122.07982334586589, 37.07371883209371], [-122.07983722062002, 37.073709287732214], [-122.07990632039251, 37.07366628810018], [-122.07991838933684, 37.07365951143939], [-122.0799298796511, 37.07365211670581], [-122.07995453227835, 37.07363921719018], [-122.07997864398436, 37.07362567852735], [-122.07999148346602, 37.07361988251969], [-122.08000382324246, 37.07361342569431], [-122.08002993539088, 37.07360252443955], [-122.08005558685191, 37.0735909447277], [-122.08006907392134, 37.07358618484566], [-122.0800821437248, 37.073580728459135], [-122.08010946213727, 37.07357193094503], [-122.08013640801727, 37.07356242113372], [-122.08015041309207, 37.07355874324385], [-122.08016408663393, 37.073554339858504], [-122.08019234818386, 37.07354773057638], [-122.08022032898003, 37.073540382486364], [-122.08023471675232, 37.07353782222525], [-122.08024886280808, 37.073534513999334], [-122.08033126213694, 37.073518714139325], [-122.08035658665489, 37.073514899909334], [-122.08038169819595, 37.07351025852066], [-122.08039996038913, 37.073508367282926], [-122.08041805536317, 37.073505641942596], [-122.08044372483828, 37.07350383508159], [-122.08046928284901, 37.07350118823782], [-122.08048768757534, 37.073500740421345], [-122.0805060295879, 37.07349944930703], [-122.08053179824239, 37.07349966719889], [-122.08055755527118, 37.07349904047357], [-122.08118577424061, 37.07350846865756], [-122.08130992253444, 37.07350927469312], [-122.08122062127019, 37.07329959393061], [-122.08119623402916, 37.07323158152092], [-122.08118028400287, 37.07316198121151], [-122.08117292450956, 37.073091463302454], [-122.08117422652681, 37.07302070691888], [-122.0811841774211, 37.07295039351096], [-122.08120268147833, 37.07288120027776], [-122.08122956021035, 37.07281379349945], [-122.08126455501817, 37.0727488223384], [-122.08130732873019, 37.072686912631745], [-122.08135746950568, 37.07262866043189], [-122.08141449427406, 37.07257462671524], [-122.08147785397459, 37.07252533201485], [-122.08154693834828, 37.0724812508693], [-122.08162108217124, 37.072442807995444], [-122.08169957138799, 37.07241037337855], [-122.0817816501176, 37.07238425962288], [-122.0818665277883, 37.07236471795096], [-122.08195338714022, 37.07235193682357], [-122.08204139168294, 37.072346039113306], [-122.08212969391107, 37.07234708171756], [-122.08220843869009, 37.07235423642677], [-122.08200663662525, 37.07219362487488], [-122.08159959454358, 37.07193339160554], [-122.08125066876363, 37.071783886952595], [-122.08117492927556, 37.07174749697869], [-122.08110400576474, 37.0717053335733], [-122.08103858145033, 37.07165780271097], [-122.08099786037718, 37.07162178904744], [-122.08097982473953, 37.071627680927094], [-122.08089517460326, 37.07164784416706], [-122.08080846569408, 37.07166126162811], [-122.08072053292909, 37.07166780420657], [-122.08063222336702, 37.071667408787626], [-122.08054438742026, 37.07166007925896], [-122.08045787098357, 37.071645886179354], [-122.08037350733957, 37.071624966265084], [-122.08029210885054, 37.07159752097323], [-122.080214459669, 37.071563814552015], [-122.0801413074406, 37.07152417172256], [-122.08007335670847, 37.071478974202094], [-122.08001126186686, 37.071428657313625], [-122.07995562102553, 37.07137370570142], [-122.07990696988126, 37.0713146485055], [-122.07986577705258, 37.071252054457524], [-122.0798324391954, 37.071186526524116], [-122.07980727736695, 37.071118695658754], [-122.07979053394583, 37.07104921509864], [-122.07978237000847, 37.070978754124496], [-122.07978257724851, 37.07094908137108], [-122.07977192837888, 37.070943474339536], [-122.0797032343468, 37.07089900466977], [-122.0796403106527, 37.07084935368979], [-122.07958376346367, 37.07079499970832], [-122.07953413720321, 37.0707364659856], [-122.07949190988101, 37.07067431627989], [-122.0794574879856, 37.070609149308886], [-122.07943120329941, 37.07054159241473], [-122.07941330868748, 37.07047229639312], [-122.07940397660643, 37.07040192863081], [-122.07940329670849, 37.07033116668688], [-122.07941127580519, 37.07026069207272], [-122.07942783682545, 37.07019118348343], [-122.07945282024507, 37.07012331031892], [-122.07948598562602, 37.07005772638628], [-122.07952701338759, 37.069995063063075], [-122.07957550835934, 37.069935923916866], [-122.0796310036811, 37.0698808785162], [-122.07968276686444, 37.06983875553857], [-122.0796573277066, 37.06981544182508], [-122.07960599551845, 37.0697578609198], [-122.07956195372034, 37.0696965253581], [-122.0795256266646, 37.06963202606401], [-122.07949736398096, 37.06956498402833], [-122.07947743783053, 37.06949604487856], [-122.07947155363524, 37.06945981718358], [-122.07921243148519, 37.06946846226881], [-122.07920183429125, 37.069468398748285], [-122.0791912608234, 37.06946896864472], [-122.07905315952873, 37.06947096866079], [-122.07905000192227, 37.06947089014919], [-122.07904684805051, 37.06947104233483], [-122.07900587043896, 37.06946979291256], [-122.0789648936402, 37.069468774060624], [-122.07896176118844, 37.06946844794709], [-122.07895860357199, 37.06946835167539], [-122.07891797910364, 37.069463890030946], [-122.07887732116298, 37.06945965724858], [-122.07887424296464, 37.06945908655349], [-122.0788711130894, 37.069458742790125], [-122.07883122866944, 37.06945111150072], [-122.07879128562108, 37.06944370590388], [-122.07878829299064, 37.069442896459236], [-122.07878521927937, 37.069442308309526], [-122.0787464573966, 37.069431580206185], [-122.07870761556428, 37.06942107375449], [-122.07870473586084, 37.0694200328941], [-122.07870174940076, 37.0694192063686], [-122.07866449135634, 37.06940548726542], [-122.07862711671423, 37.069391978803466], [-122.0786243780492, 37.06939071675143], [-122.07862150720622, 37.06938965964249], [-122.07858610901437, 37.069373081208525], [-122.07855056445268, 37.069356701196895], [-122.07854799300347, 37.069355229965225], [-122.07854526566284, 37.0693539525854], [-122.07851206423261, 37.069334672752994], [-122.07847869597796, 37.069315580638836], [-122.07847631744016, 37.06931391484988], [-122.07847375888043, 37.06931242911406], [-122.07844307625662, 37.069290634815935], [-122.07841220336766, 37.0692690132722], [-122.0784100394913, 37.069267168238824], [-122.0784076756286, 37.06926548913166], [-122.07837980747634, 37.06924139044221], [-122.07835172710602, 37.069217447391495], [-122.07834979971524, 37.06921544158204], [-122.07834765218476, 37.06921358459577], [-122.07832286356444, 37.06918741064172], [-122.07829784960256, 37.0691613798765], [-122.07829617691323, 37.06915923245239], [-122.07829426675713, 37.0691572155986], [-122.07827279681123, 37.06912921766], [-122.07825108963698, 37.06910135046987], [-122.07824968781959, 37.06909908228929], [-122.07824803336507, 37.069096924820386], [-122.0782300933812, 37.0690673783886], [-122.0782203306457, 37.06905158218619], [-122.07820374690587, 37.06903440953601], [-122.07815319412278, 37.06897638786823], [-122.07810998191465, 37.06891467485111], [-122.07807452647585, 37.06884986495596], [-122.07804716905888, 37.068782582267495], [-122.07802817334431, 37.06871347478424], [-122.07801772214401, 37.068643208082804], [-122.07801591613087, 37.06857245881781], [-122.07802277245531, 37.06850190831101], [-122.07803822538624, 37.06843223615643], [-122.07806212594733, 37.06836411318655], [-122.07809424378993, 37.068298195537935], [-122.07813426986142, 37.06823511800171], [-122.07818181850399, 37.06817548800096], [-122.07823643179904, 37.06811987985576], [-122.07829758379908, 37.068068829047625], [-122.07836468553813, 37.068022827211024], [-122.07843709093706, 37.067982317492415], [-122.07851410259741, 37.06794768981837], [-122.07859497881387, 37.06791927770533], [-122.07867894081345, 37.06789735489101], [-122.07876517998898, 37.06788213241632], [-122.07885286579351, 37.06787375688404], [-122.07894115385673, 37.06787230889966], [-122.07902919386511, 37.067877802501584], [-122.07911613811406, 37.06789018477694], [-122.07920114903726, 37.067909336370654], [-122.07928340818623, 37.067935072997194], [-122.07936212341352, 37.067967146667975], [-122.07943653648537, 37.06800524863463], [-122.07945508198381, 37.068016944288146], [-122.08032186703947, 37.06798802094339], [-122.0802286174469, 37.06795823544924], [-122.08020507917048, 37.06794962157637], [-122.08017434071233, 37.06794962964436], [-122.08016849620718, 37.067949169945834], [-122.08016262381386, 37.06794911007231], [-122.08012456853103, 37.06794571457383], [-122.0800864564821, 37.06794271659124], [-122.08008069556286, 37.0679417998956], [-122.08007485955783, 37.06794127914344], [-122.08003740284455, 37.067934910843306], [-122.079999841075, 37.06792893373561], [-122.07999422055228, 37.067927569047015], [-122.07998847577066, 37.067926592348655], [-122.07995197405133, 37.06791731152235], [-122.0799153285665, 37.06790841392681], [-122.07990990272297, 37.06790661464682], [-122.07990430439847, 37.06790519117458], [-122.07986911317579, 37.06789308774745], [-122.07983373301116, 37.06788135485211], [-122.0798285529386, 37.067879137783], [-122.07982315613233, 37.06787728166567], [-122.07978961729569, 37.06786247358205], [-122.07975584014137, 37.06784801707913], [-122.0797509560862, 37.06784540379413], [-122.07974581244127, 37.06784313273974], [-122.07953641144819, 37.06773963186173], [-122.07952771587198, 37.067734846539636], [-122.07951859910929, 37.067730595182994], [-122.0794913354378, 37.06771482578497], [-122.07946361740154, 37.067699572151206], [-122.0794555491547, 37.06769412699982], [-122.079446996151, 37.06768917989527], [-122.07942179267378, 37.06767134504683], [-122.0793960738784, 37.067653987631395], [-122.07938871039603, 37.0676479348129], [-122.07938080381277, 37.06764233983649], [-122.07935790199915, 37.06762261024772], [-122.07933443147991, 37.06760331729545], [-122.0793278444878, 37.067596715958786], [-122.0793206596106, 37.06759052624761], [-122.07930028089244, 37.067569092304005], [-122.07927928362881, 37.06754804918008], [-122.07927353558662, 37.067540961917686], [-122.07926714266225, 37.06753423796127], [-122.07918718262552, 37.067440975696556], [-122.07892908996016, 37.06737512879425], [-122.07870406482459, 37.0673380193788], [-122.07851429227271, 37.067331441994554], [-122.07834387259078, 37.06732929769364], [-122.07830953047329, 37.067327512245214], [-122.07827514503172, 37.06732632326746], [-122.07826548621951, 37.067325222234004], [-122.07825575192913, 37.067324716168535], [-122.07822179230024, 37.06732024163446], [-122.07818771922928, 37.06731635770806], [-122.07809641844224, 37.06730225761895], [-122.0780769739939, 37.067298453198404], [-122.07805730495775, 37.06729549092017], [-122.07803410839313, 37.06729006617565], [-122.0780106325899, 37.06728547296135], [-122.07799174847753, 37.06728015988176], [-122.07797253509828, 37.067275666677425], [-122.07795011258978, 37.06726844567354], [-122.077927312837, 37.06726203092], [-122.07790916932473, 37.067255260070844], [-122.0778905982557, 37.06724927939785], [-122.0778691679665, 37.06724033233878], [-122.07784726163561, 37.06723215732006], [-122.07783003341449, 37.06722399388019], [-122.07781228360003, 37.06721658337863], [-122.07779205000973, 37.06720599568645], [-122.07777125009018, 37.06719613976124], [-122.0777551041453, 37.06718666282169], [-122.07773834536926, 37.06717789340152], [-122.07767314513922, 37.06713999307778], [-122.07766113638455, 37.067132264292766], [-122.07764853719942, 37.06712516721378], [-122.0776267318974, 37.06711012174434], [-122.07760429543231, 37.06709568170086], [-122.07759329055938, 37.06708704741686], [-122.07758161937711, 37.06707899440121], [-122.07756175847574, 37.06706230780789], [-122.07754119728651, 37.067046175805125], [-122.07753130125718, 37.06703671850696], [-122.07752067152883, 37.067027787688595], [-122.07750294755365, 37.06700962183095], [-122.07748445830647, 37.06699195218886], [-122.07747576719514, 37.06698176366685], [-122.07746628047265, 37.066972040388556], [-122.07745086308466, 37.066952568756676], [-122.07743462491449, 37.066933532875616], [-122.07742722179027, 37.06692271058785], [-122.07741897018012, 37.06691228913296], [-122.07740600905217, 37.06689170083585], [-122.0773921771179, 37.06687148065626], [-122.07738613315736, 37.066860128728734], [-122.07737919620412, 37.066849109592575], [-122.07734409668632, 37.06678580937659], [-122.07733996325757, 37.06677724537698], [-122.07733506444423, 37.066768944942105], [-122.07732404283723, 37.0667442597142], [-122.07731224213255, 37.06671980990974], [-122.0773091764551, 37.06671096360362], [-122.0773053160181, 37.06670231726514], [-122.077297366866, 37.06667688532837], [-122.07728861350165, 37.066651626243065], [-122.07728664448747, 37.06664258069474], [-122.07728386042407, 37.066633673660895], [-122.07727906038046, 37.06660774079426], [-122.07727343858718, 37.06658191484063], [-122.07727258541179, 37.06657275826658], [-122.07727090424883, 37.066563675475855], [-122.07726929932463, 37.06653749127567], [-122.07726686333474, 37.06651134721249], [-122.07726713426798, 37.06650216738355], [-122.07726657214947, 37.06649299657798], [-122.07726657293055, 37.066424796616126], [-122.07726864280168, 37.066391039582214], [-122.07727052701273, 37.06635727821924], [-122.07727080939003, 37.06635570539872], [-122.07727090668595, 37.066354117797644], [-122.07727709655282, 37.06632068027096], [-122.0772831001217, 37.0662872350748], [-122.0772835734709, 37.06628569213399], [-122.0772838645037, 37.06628411974128], [-122.07729411425252, 37.066251329723336], [-122.07730417979674, 37.066218516817976], [-122.0773048395529, 37.06621701841408], [-122.07730532154957, 37.066215476531944], [-122.07731953310198, 37.0661836482972], [-122.07733356306652, 37.06615178520598], [-122.07733440286528, 37.06615034598222], [-122.07733507114848, 37.06614884926697], [-122.07735310575605, 37.06611829316721], [-122.07737096688113, 37.06608768289291], [-122.07742996760142, 37.06599828326138], [-122.07745079832722, 37.06597015292946], [-122.07747136433825, 37.06594190407384], [-122.07747332455469, 37.0659397327922], [-122.07747503161924, 37.06593742757655], [-122.07749920092115, 37.065911070837615], [-122.07752312492102, 37.065884571477106], [-122.07752534185923, 37.065882564172874], [-122.0775273221779, 37.06588040458459], [-122.0775545983212, 37.065856073556716], [-122.07758164874285, 37.06583158058808], [-122.07758409999899, 37.06582975745831], [-122.07758633533258, 37.0658277634564], [-122.07761645961565, 37.06580568949595], [-122.07764637204384, 37.065783441712696], [-122.07779785184758, 37.06568139258769], [-122.0779848515663, 37.06554017912961], [-122.07822429369027, 37.06534496239161], [-122.07862084001151, 37.06499207065813], [-122.07863131343773, 37.064983623319975], [-122.07864107832356, 37.064974647303984], [-122.07868948365433, 37.06493433000263], [-122.07868924062593, 37.0649266910859], [-122.07869984492314, 37.0645665912166], [-122.07870118553379, 37.06455183596056], [-122.07870147221212, 37.0645370423214], [-122.07870439004219, 37.06451656631555], [-122.07870625732367, 37.0644960139137], [-122.07870939605027, 37.064481435326535], [-122.07871149084971, 37.064466735144535], [-122.0787612935983, 37.064223735486614], [-122.07876144684208, 37.06422316437731], [-122.0787615307988, 37.06422258389614], [-122.07884243524236, 37.063831784591386], [-122.07884860072771, 37.0638089939435], [-122.07885381063244, 37.06378605020783], [-122.07903761743673, 37.06315435162077], [-122.07903928027447, 37.06314968517763], [-122.07904044441223, 37.06314492309977], [-122.07913157714415, 37.06284972577057], [-122.07914083071397, 37.062801956369675], [-122.0791458170193, 37.062753660863066], [-122.07915422414025, 37.06244144079279], [-122.07915889464344, 37.062094281234124], [-122.07915542856784, 37.06163086397053], [-122.07914875470759, 37.06155847352307], [-122.07914137063416, 37.061515361479806], [-122.07913789977687, 37.061506237951654], [-122.07907570678454, 37.06134311362441], [-122.0790756385417, 37.061342897118806], [-122.07907554435114, 37.0613426870821], [-122.07901927235876, 37.06119476512687], [-122.07887474925847, 37.0608386054759], [-122.07887451728286, 37.06083792131354], [-122.0788742046268, 37.06083725869914], [-122.07878790671863, 37.060623158091445], [-122.0787858713018, 37.060617108121676], [-122.07878323332127, 37.06061120986541], [-122.07877960856496, 37.06059964016911], [-122.0787750521882, 37.06058828363012], [-122.07850631547981, 37.059785184542555], [-122.07845556347095, 37.05968357493623], [-122.07836331974546, 37.05956154807871], [-122.07833218538187, 37.05952801181711], [-122.07830468392171, 37.05957101186594], [-122.07825690000499, 37.05963051833499], [-122.07822905297907, 37.05965868771272], [-122.0782547553752, 37.05969378105785], [-122.07826869021231, 37.05971514393974], [-122.07828345239075, 37.05973614619798], [-122.07846225473507, 37.060022545014455], [-122.07849784210369, 37.060087307124626], [-122.07852533755054, 37.06015455291259], [-122.07854447636275, 37.06022363483378], [-122.07855507401108, 37.060293887396035], [-122.07855702854015, 37.06036463420897], [-122.07855032105998, 37.060435193936996], [-122.07853501622878, 37.060504886973284], [-122.07851126127262, 37.06057304219287], [-122.0784792850115, 37.06063900316488], [-122.07843939542025, 37.060702134623874], [-122.07839197662989, 37.060761828666585], [-122.07833748526198, 37.06081751031253], [-122.078276445972, 37.060868643328796], [-122.07820944688888, 37.06091473533318], [-122.07813713303655, 37.06095534234059], [-122.07806020099216, 37.060990073319125], [-122.07797939141938, 37.06101859373819], [-122.07789548284083, 37.06104062894564], [-122.07780928328208, 37.06105596680752], [-122.0777216228262, 37.06106445945316], [-122.07763334582864, 37.061066025198016], [-122.07754530247574, 37.0610606489287], [-122.07745834056811, 37.061048382489936], [-122.07737329765575, 37.06102934390218], [-122.0772909928357, 37.06100371657648], [-122.07721221878897, 37.060971747359396], [-122.07713773404903, 37.060933744038806], [-122.07706825605901, 37.06089007276552], [-122.07700445390884, 37.060841154030236], [-122.07694694196837, 37.060787459007976], [-122.07689627420936, 37.060729504735946], [-122.07685293852684, 37.06066784938168], [-122.07668760474387, 37.060403015042354], [-122.07644231118871, 37.06006808710177], [-122.07636099857794, 37.059979245625215], [-122.07587453885955, 37.05954924474819], [-122.07586073679316, 37.05953577096784], [-122.07584611477029, 37.05952286526084], [-122.07584206894151, 37.0595185016945], [-122.07583758495787, 37.05951442217131], [-122.07493918814538, 37.05861131691756], [-122.07493218357989, 37.05860351925266], [-122.07492450198734, 37.05859614330139], [-122.07490640153166, 37.05857481794219], [-122.07488759997754, 37.05855388742484], [-122.07488158340581, 37.058545577894364], [-122.07487484022204, 37.05853763326288], [-122.07485943434396, 37.058514987716144], [-122.07484328383383, 37.058492681957105], [-122.07483831244038, 37.058483939790676], [-122.07483257342224, 37.05847550370225], [-122.07482001217805, 37.0584517583621], [-122.07480666657447, 37.058428289942974], [-122.07480278793578, 37.05841919826134], [-122.07479810876808, 37.058410352998585], [-122.07478851253121, 37.05838573659062], [-122.07477810090089, 37.058361331510376], [-122.07477535295935, 37.05835197948852], [-122.07477177795025, 37.058342808687364], [-122.07476523812566, 37.05831755502904], [-122.07475786194244, 37.05829245151028], [-122.07475627104989, 37.05828292877341], [-122.07475383477306, 37.058273521131674], [-122.07475041485226, 37.05824787490939], [-122.07474614440883, 37.05822231327461], [-122.07474572586179, 37.0582127121558], [-122.07474445173942, 37.05820315772637], [-122.07474418482465, 37.05817736537192], [-122.07474306120582, 37.05815159229535], [-122.07474381884163, 37.058142004046545], [-122.07474371946006, 37.058132396042545], [-122.07474660788151, 37.058106709516025], [-122.07474864194172, 37.058080969632634], [-122.07475056879386, 37.05807148605221], [-122.07475164481964, 37.05806191750342], [-122.0747576604975, 37.058036583028475], [-122.07476283300744, 37.05801112542522], [-122.07476591052057, 37.058001838671586], [-122.07476815150541, 37.05799240098848], [-122.07477723695148, 37.057967659961584], [-122.07478549765635, 37.057942732401045], [-122.07478969559492, 37.057933733279356], [-122.074793080431, 37.057924515805894], [-122.074805148617, 37.0579006064179], [-122.07481641755065, 37.05787644903886], [-122.07482169619253, 37.057867822330806], [-122.07482619171952, 37.05785891593927], [-122.07484112509259, 37.05783607091428], [-122.07485529485551, 37.05781291390588], [-122.07486160301583, 37.05780474367263], [-122.07486716625283, 37.05779623293888], [-122.07488482247606, 37.05777466993415], [-122.07490175524926, 37.057752738650755], [-122.07490903202542, 37.057745103469095], [-122.07491560944828, 37.05773707063309], [-122.0749358171566, 37.05771699905677], [-122.07495535113547, 37.057696502890856], [-122.07496352691926, 37.05768947586125], [-122.07497105482422, 37.05768199866664], [-122.07499362036819, 37.05766361080654], [-122.07501556655238, 37.05764474821169], [-122.07502456201145, 37.057638397491175], [-122.0750329684489, 37.05763154739758], [-122.07505488381825, 37.057615360636426], [-122.07506824716447, 37.05760176587289], [-122.07507219274913, 37.05759813370175], [-122.07507574081346, 37.05759424612856], [-122.07510117444798, 37.05757145472809], [-122.07512622453854, 37.05754839495889], [-122.07513059578358, 37.05754508997822], [-122.07513460180795, 37.057541500101216], [-122.07516269909443, 37.0575208173719], [-122.07519044987524, 37.05749983555341], [-122.07519520432791, 37.057496889791864], [-122.0751996299921, 37.057493632015586], [-122.07524190701145, 37.057465447566734], [-122.07498794978244, 37.05712548372713], [-122.07491717643533, 37.05713025153002], [-122.07482889141107, 37.05712923831503], [-122.07474115549944, 37.05712129456307], [-122.07465481356817, 37.057106496814875], [-122.0745706972001, 37.057084987402405], [-122.07448961649139, 37.05705697366356], [-122.07441235232264, 37.057022725267544], [-122.07433964873606, 37.056982572081814], [-122.07427220600177, 37.05693690087255], [-122.07421067357855, 37.056886151463445], [-122.07415564409123, 37.05683081254172], [-122.07410764753652, 37.056771417195726], [-122.07406714606562, 37.056708537284905], [-122.074034529659, 37.05664277844805], [-122.0740101124884, 37.056574774125245], [-122.07399412973618, 37.05650517895245], [-122.07399214864549, 37.05648628615003], [-122.07394997624287, 37.05647547020255], [-122.07386892621793, 37.056447400664794], [-122.0737916994686, 37.05641309906588], [-122.07371903945844, 37.05637289590364], [-122.07365164621945, 37.0563271783066], [-122.07359016874632, 37.05627638654891], [-122.07353519908624, 37.05622100985726], [-122.07348726643902, 37.056161581406634], [-122.07344683271494, 37.056098673688034], [-122.0734142870971, 37.056032892516306], [-122.07338994296231, 37.05596487132702], [-122.07337403491809, 37.05589526520356], [-122.07336671606761, 37.05582474463602], [-122.07336805674475, 37.05575398866045], [-122.07337804425352, 37.05568367863706], [-122.0733965821596, 37.05561449184477], [-122.07342349206307, 37.055547094554434], [-122.07345851480041, 37.0554821357285], [-122.0735013128807, 37.055420241000974], [-122.07355147427293, 37.05536200648767], [-122.07360851585167, 37.055307992954425], [-122.07361846312911, 37.05530025890711], [-122.07331044291344, 37.05488123434408], [-122.07331023742985, 37.0548809204932], [-122.07330999550969, 37.05488062492656], [-122.07290029929516, 37.054322022305044], [-122.07289061152333, 37.05430719244203], [-122.07287997986684, 37.05429278480949], [-122.07270258197862, 37.05402298366266], [-122.07270054459104, 37.05401947804826], [-122.0726981327123, 37.05401612806304], [-122.07268190782283, 37.05398741046909], [-122.0726653019565, 37.053958837183735], [-122.07266370313022, 37.05395518833894], [-122.07266171252174, 37.0539516650615], [-122.072593913755, 37.0538140645845], [-122.07259293412592, 37.05381174987724], [-122.07259169561137, 37.053809517607405], [-122.072590038258, 37.05380551261072], [-122.0725879553375, 37.05380163697333], [-122.07257965544235, 37.05378383690776], [-122.0725678512386, 37.053754154383924], [-122.07255561420736, 37.05372458863177], [-122.07254030614165, 37.05368046601183], [-122.0724879134612, 37.053659901294516], [-122.07246110645566, 37.05364803827613], [-122.07243386819478, 37.053636828100366], [-122.07242248177666, 37.05363094557479], [-122.07241062214884, 37.05362569727019], [-122.07238539727754, 37.053611786721966], [-122.07235965874672, 37.05359848943184], [-122.07227675850709, 37.053550888989506], [-122.07226249304934, 37.053541816946606], [-122.07224759846675, 37.053533419368534], [-122.07222793247873, 37.05351983836682], [-122.07220759518559, 37.05350690490692], [-122.07219450698588, 37.05349675515266], [-122.07218071201122, 37.05348722850686], [-122.07212617832718, 37.05344566152172], [-122.07206946473963, 37.05342191629847], [-122.07205344113656, 37.05341860134447], [-122.07201561025623, 37.05341114710401], [-122.07201071041304, 37.05340976126757], [-122.07200567984493, 37.053408720546734], [-122.07196909526455, 37.05339799115137], [-122.0719323522854, 37.05338759907221], [-122.07192764531831, 37.053385834890435], [-122.07192276649494, 37.05338440405459], [-122.07188766834929, 37.053370851443766], [-122.07185237507237, 37.0533576235133], [-122.07184790699439, 37.053355498292994], [-122.07184322619983, 37.05335369086509], [-122.07180995009159, 37.053337444134456], [-122.07180626529073, 37.053335691461285], [-122.0712363867268, 37.05314691299686], [-122.07122720366112, 37.05314663035169], [-122.07119521123349, 37.053143106695124], [-122.0711631143937, 37.053140260607655], [-122.07115149925987, 37.05313829231132], [-122.07113973635911, 37.05313699674505], [-122.0711083285922, 37.05313097661271], [-122.07107673456667, 37.05312562268209], [-122.0710654149826, 37.05312275105298], [-122.07105386829367, 37.0531205378313], [-122.07102334769154, 37.05311207920994], [-122.07099256097399, 37.05310426903863], [-122.0709816482744, 37.05310052235191], [-122.07097042652336, 37.053097412337955], [-122.07095852867593, 37.053093026321434], [-122.07095557392827, 37.05315359669306], [-122.07094349396243, 37.05322369534975], [-122.07092289947259, 37.053292507361604], [-122.07089398902875, 37.05335937021645], [-122.07085704105444, 37.053423639783624], [-122.07081241115642, 37.053484697234154], [-122.07076052924714, 37.053541954517186], [-122.07070189486322, 37.053594860182756], [-122.07063707294016, 37.05364290466743], [-122.0705666874524, 37.053685625382954], [-122.07049141652821, 37.05372261073468], [-122.07041198485886, 37.053753504659774], [-122.07038410236072, 37.05376175384098], [-122.07037627692543, 37.053770633071956], [-122.0703660270829, 37.053780129873175], [-122.0703565474628, 37.05379012839048], [-122.07033716102612, 37.05380687504463], [-122.07031851466031, 37.05382415148048], [-122.0701746147778, 37.05394495231178], [-122.07016290447748, 37.05395386318389], [-122.07015191007962, 37.05396334024829], [-122.07013090873367, 37.05397821029031], [-122.07011058548538, 37.05399367507076], [-122.07009784245916, 37.05400162271539], [-122.07008574134521, 37.05401019086788], [-122.07006302260561, 37.05402333936833], [-122.07004090599568, 37.05403713312093], [-122.07002725184637, 37.054044041600086], [-122.07001416165976, 37.05405161757018], [-122.06983946086382, 37.05414261828166], [-122.06980187167223, 37.05416015812978], [-122.06976435004398, 37.05417772652923], [-122.06976373964966, 37.054177951239566], [-122.06976315939657, 37.05417822197746], [-122.06972361552668, 37.05419272100701], [-122.0696841166965, 37.054207260488845], [-122.06951551533996, 37.054261460956226], [-122.06947905655373, 37.054271547042106], [-122.06944275043409, 37.0542819965877], [-122.06943733480361, 37.05428308914978], [-122.06943205638979, 37.05428454938816], [-122.06939453886012, 37.054291722825766], [-122.06935713046619, 37.05429926965701], [-122.06915822872023, 37.05433116990582], [-122.06914978502866, 37.054332181725165], [-122.06914146720598, 37.054333725907966], [-122.06910613863836, 37.05433741178063], [-122.06907090845422, 37.05434163330666], [-122.06906238238892, 37.05434197689514], [-122.069053915072, 37.05434286025275], [-122.06901830481655, 37.05434375296833], [-122.0689827291163, 37.05434518642492], [-122.0689742019194, 37.054344858543985], [-122.06896566754094, 37.054345072438686], [-122.06879066594183, 37.05434257232088], [-122.06875767012619, 37.05434080020564], [-122.06872462776649, 37.05433968024057], [-122.06871364292701, 37.05433843561136], [-122.06870257276701, 37.05433784103327], [-122.06866995099381, 37.054333484987346], [-122.06863720639053, 37.054329774814], [-122.06847720497163, 37.05430517461387], [-122.06843461326781, 37.05429687076517], [-122.06839202933759, 37.054288594184584], [-122.06819122778734, 37.05424109369101], [-122.06817778558518, 37.054237330032336], [-122.06816405865162, 37.05423429048503], [-122.06813612880102, 37.054225666504884], [-122.06810787667474, 37.0542177562403], [-122.06809495923042, 37.05421295458409], [-122.06808167054457, 37.054208851390705], [-122.0679585097517, 37.0541651460675], [-122.06714928260054, 37.05389947779314], [-122.06714214192746, 37.053896798380634], [-122.06713475527656, 37.05389458891718], [-122.06623932312553, 37.05358582538502], [-122.06597410372241, 37.05353016099012], [-122.0657566895376, 37.05349951204978], [-122.06554785623513, 37.05349745056517], [-122.06531083815312, 37.053517346168874], [-122.06507844053017, 37.053553680338524], [-122.06488766483012, 37.05360499939943], [-122.0646934596777, 37.053681052794005], [-122.06450197814226, 37.053780422266705], [-122.06432358631044, 37.053889788997324], [-122.06422497786699, 37.053969622965184], [-122.06411550829095, 37.054086483663546], [-122.06393150455446, 37.054302490614816], [-122.0637677110272, 37.054543341021294], [-122.06340233575251, 37.05508442399638], [-122.0634013158686, 37.05508577192184], [-122.06340045854444, 37.05508718936685], [-122.0633784282333, 37.05511601900198], [-122.06335655143165, 37.05514493024985], [-122.06335537224301, 37.05514619074307], [-122.06335434520676, 37.05514753482575], [-122.06315604630117, 37.055380536048354], [-122.06314571410384, 37.055391481289526], [-122.0631362217941, 37.05540290342403], [-122.06311909459927, 37.05541968006555], [-122.06310277458375, 37.055436968224896], [-122.0630911536656, 37.05544704893465], [-122.06308031010418, 37.055457670494185], [-122.06281331037945, 37.055694471976366], [-122.06279508134101, 37.05570912490681], [-122.06277761191346, 37.05572436217489], [-122.06276392861648, 37.055734166142294], [-122.0627509697208, 37.05574458274499], [-122.06273103533785, 37.05575773379774], [-122.06271178756762, 37.055771524588216], [-122.06260060263266, 37.0558436422061], [-122.06245338476903, 37.05593997276267], [-122.0624204607914, 37.05595943916317], [-122.06238769914573, 37.0559791019908], [-122.06232534113734, 37.05601283186236], [-122.06232176974837, 37.05601818454543], [-122.06231640778832, 37.05602775677496], [-122.06231019725435, 37.0560375300694], [-122.06231277756869, 37.05604709341905], [-122.06232718228478, 37.05611690929329], [-122.0623329794768, 37.05618752057843], [-122.06233011315703, 37.056258247266776], [-122.06231861102694, 37.0563284082976], [-122.06229858383976, 37.0563973277719], [-122.06227022430072, 37.05646434215495], [-122.06223380564853, 37.05652880594421], [-122.06218967853701, 37.05659009840536], [-122.0621382680429, 37.0566476291378], [-122.06208006898032, 37.056700844167416], [-122.06201564212793, 37.056749230965146], [-122.0619456078681, 37.05679232353504], [-122.06187064062199, 37.056829706787596], [-122.06182424919277, 37.056848054054164], [-122.06182202184937, 37.056862650851244], [-122.06181692208163, 37.05688635089334], [-122.06181643965321, 37.056888081102734], [-122.06181616045285, 37.05688983906009], [-122.06180681204238, 37.056922608746696], [-122.06179766543903, 37.05695541130707], [-122.06179697405868, 37.05695709443312], [-122.06179648096574, 37.05695882293554], [-122.06178316974726, 37.05699070043928], [-122.061770055528, 37.057022626552566], [-122.06176916110928, 37.05702424812935], [-122.0617684594125, 37.05702592864969], [-122.06175131469287, 37.057056605359435], [-122.06173435819555, 37.05708734908709], [-122.06173327039875, 37.05708889179383], [-122.06173236601067, 37.05709050995626], [-122.06172456604196, 37.057102809981714], [-122.06172376892829, 37.05710392754331], [-122.06172310630305, 37.057105101965384], [-122.06170185817919, 37.05713464767286], [-122.06168074819253, 37.05716424485728], [-122.06167981727562, 37.057165295467755], [-122.06167901501081, 37.05716641109533], [-122.06165426812261, 37.05719413154423], [-122.06162962785754, 37.05722194170931], [-122.06162857306101, 37.05722291408934], [-122.06162763813518, 37.057223961332475], [-122.06159961745703, 37.0572496068073], [-122.06157169729295, 37.05727534483305], [-122.06157052874212, 37.057276229597846], [-122.06156947016373, 37.057277198431954], [-122.06153844382358, 37.05730052226264], [-122.06150751449451, 37.05732393996723], [-122.06150624365542, 37.05732472846378], [-122.06150507143519, 37.05732560968343], [-122.06147133562796, 37.05734638777683], [-122.0614376976285, 37.05736725902793], [-122.0614363367401, 37.057367943781095], [-122.06143506211814, 37.057368728821615], [-122.0614098620133, 37.05738272892547], [-122.06140943809311, 37.0573829405553], [-122.06140543762895, 37.05740536549989], [-122.06138443379831, 37.05747409805502], [-122.06135512522265, 37.05754084968439], [-122.06131779400597, 37.05760497748163], [-122.06127279966162, 37.0576658638501], [-122.06122057566562, 37.05772292242516], [-122.06116162477662, 37.057775603716365], [-122.06109651480962, 37.057823400392834], [-122.06102587272932, 37.05786585201425], [-122.06095037896813, 37.057902549763824], [-122.0608707606294, 37.05793314036109], [-122.06078778436522, 37.05795732898054], [-122.06070224935756, 37.057974882892196], [-122.06061497931505, 37.057985632840705], [-122.06057222115803, 37.057987496433235], [-122.0604630273335, 37.058160689732006], [-122.05992920519208, 37.059009193297186], [-122.05994794138078, 37.05901978108076], [-122.05996186535938, 37.059029417787194], [-122.05997645560468, 37.05903840012713], [-122.05999525934548, 37.05905252968043], [-122.06001476816611, 37.05906603167439], [-122.0600274472064, 37.05907671639138], [-122.06004086787581, 37.059086800972274], [-122.06005785233958, 37.059102338960045], [-122.06007561672796, 37.05911730911361], [-122.060144316831, 37.05918120875573], [-122.06017103012596, 37.05920867290048], [-122.06019778994288, 37.059236096394066], [-122.06019816726047, 37.05923657288916], [-122.06019860130061, 37.05923701909589], [-122.06022184881864, 37.05926647707068], [-122.06024510412486, 37.059295843069606], [-122.06024542149244, 37.05929634712315], [-122.06024579868037, 37.059296825059285], [-122.06026533172951, 37.05932796761067], [-122.0602848833555, 37.05935901872367], [-122.06028513746466, 37.059359544991246], [-122.06028545447758, 37.0593600504841], [-122.06030108366105, 37.0593925754984], [-122.06031674461805, 37.059425014948935], [-122.0603169332739, 37.05942555899635], [-122.06031718680342, 37.05942608670151], [-122.06032875386587, 37.05945965652558], [-122.06034038114389, 37.05949319635808], [-122.06034050238313, 37.05949375321214], [-122.0603406900227, 37.059494297612034], [-122.0603480894366, 37.05952858537588], [-122.06035556504469, 37.05956290610297], [-122.06035561770003, 37.0595634700756], [-122.06035573771017, 37.05956402628892], [-122.06035890835663, 37.05959873386761], [-122.06036215015052, 37.05963347292767], [-122.06036495124208, 37.05972127294587], [-122.06036429572228, 37.05974359976744], [-122.06036464982742, 37.05976593071064], [-122.06036325787947, 37.05977895140989], [-122.06036287426268, 37.059792017324426], [-122.06035949118203, 37.05981418570674], [-122.06035711248836, 37.05983643632053], [-122.06035413463249, 37.059849285720055], [-122.0603521549291, 37.05986225786483], [-122.06034607730636, 37.05988405227354], [-122.06034098844378, 37.0599060103666], [-122.0603364533156, 37.05991856411914], [-122.06033289671431, 37.05993131807209], [-122.0603241824355, 37.059952531281894], [-122.06031643282618, 37.05997398280133], [-122.06031386077645, 37.059979143765105], [-122.06031362648473, 37.05998089531302], [-122.06031159726021, 37.06000355369282], [-122.0603089220551, 37.06001605673656], [-122.06030723447307, 37.06002867009337], [-122.06030146444216, 37.06005091114585], [-122.06029667415059, 37.060073299676574], [-122.06029248286706, 37.06008553191723], [-122.06028926058751, 37.0600979523848], [-122.06028079830467, 37.06011963279971], [-122.06027329276833, 37.06014153749016], [-122.06026762519441, 37.06015338233051], [-122.0602628997342, 37.06016548909966], [-122.060251827415, 37.0601863988694], [-122.06024167827242, 37.06020761007885], [-122.06023458912985, 37.060218953022776], [-122.06022840589618, 37.06023062990109], [-122.06008020791904, 37.060476230956546], [-122.06003791282141, 37.060538348420174], [-122.05998822425956, 37.06059684431207], [-122.05993162055807, 37.06065115525279], [-122.05986864680776, 37.06070075832381], [-122.05979990974807, 37.06074517562446], [-122.05972607106601, 37.06078397953768], [-122.05964784195332, 37.06081679629281], [-122.05956597585916, 37.06084330987474], [-122.05948126125615, 37.0608632648515], [-122.0593945139565, 37.06087646919803], [-122.05930656944763, 37.06088279549766], [-122.05921827465474, 37.06088218304034], [-122.05913047984322, 37.06087463766832], [-122.05904403074166, 37.06086023198407], [-122.05895975988652, 37.0608391048309], [-122.05887847876984, 37.06081145951773], [-122.05880097020619, 37.06077756249637], [-122.05872798072335, 37.06073774014593], [-122.05866021317468, 37.06069237582925], [-122.0585983203672, 37.060641906687124], [-122.05859398762223, 37.06063760002445], [-122.05852900261378, 37.06069273904134], [-122.05850562325263, 37.06071072038427], [-122.05848283909182, 37.060729184639584], [-122.05829373888976, 37.06086808559705], [-122.05827927179509, 37.060877709287546], [-122.0582655051835, 37.060887970689436], [-122.05715468654269, 37.061637943239894], [-122.0570563940481, 37.06172393759369], [-122.05701911730002, 37.061774051230486], [-122.05692730743466, 37.0619097164552], [-122.05691702993366, 37.06192613811078], [-122.05691594634645, 37.06192839020622], [-122.05689988283203, 37.0619680144905], [-122.05689060771643, 37.061992031285655], [-122.05688154938542, 37.06202519333275], [-122.05687412211645, 37.06206244961549], [-122.05683784895727, 37.0626003257831], [-122.05683849570025, 37.062778327168466], [-122.05686173287114, 37.06290923616101], [-122.05690909561386, 37.06303396821941], [-122.05708625834696, 37.06338148962722], [-122.05708677503772, 37.063382664923104], [-122.05708742837474, 37.063383796055], [-122.0576423733578, 37.06448317811328], [-122.05817139913054, 37.06551584948528], [-122.05818366717153, 37.06554360038848], [-122.05819650452976, 37.06557118463511], [-122.05831320757407, 37.065865283792], [-122.058315683353, 37.06587277812147], [-122.05831886823974, 37.065880098251455], [-122.05832697756642, 37.065906966553015], [-122.05833580609082, 37.065933691111695], [-122.05833735338953, 37.06594134428742], [-122.05833962744414, 37.06594887883974], [-122.05841873124916, 37.06628167832242], [-122.05842020082045, 37.06629008805508], [-122.05842244880903, 37.066298385973894], [-122.05842632148114, 37.06632511246719], [-122.05843097792496, 37.0663517582872], [-122.05843129553479, 37.06635796766353], [-122.05843767707624, 37.06636424473734], [-122.05844506205305, 37.06637049696533], [-122.05846555269665, 37.0663916642079], [-122.05848666638217, 37.06641243229524], [-122.05849260220275, 37.06641960686674], [-122.0584991874893, 37.066426409537904], [-122.05851699151533, 37.06644908566129], [-122.05853546219281, 37.06647141084047], [-122.05854049191812, 37.0664790171088], [-122.05854621342574, 37.06648630427392], [-122.05859901393711, 37.06656150389024], [-122.05861398938664, 37.06658551857148], [-122.05862966969329, 37.066609240031134], [-122.05863371669777, 37.06661715317439], [-122.05863848774136, 37.06662480398777], [-122.05865045376568, 37.0666498790729], [-122.05866315712261, 37.066674718072946], [-122.05866621688854, 37.06668291128689], [-122.05867002900352, 37.06669089972448], [-122.05867887035669, 37.06671679398828], [-122.05868847440863, 37.06674251113992], [-122.05869051720654, 37.06675090504641], [-122.05869333399087, 37.06675915465178], [-122.05869896555836, 37.06678561881479], [-122.05870537785884, 37.06681196649293], [-122.05872297896033, 37.066909566358405], [-122.05873130575846, 37.06698001485986], [-122.05873097558981, 37.06705077820554], [-122.05872199156565, 37.067121174871964], [-122.05870444033015, 37.06719052688124], [-122.05867849074384, 37.06725816628074], [-122.05864439279023, 37.06732344180489], [-122.05860247480479, 37.0673857247127], [-122.05855314035887, 37.067444415253284], [-122.0584968648192, 37.067498948047415], [-122.0584341899886, 37.06754879799466], [-122.05836571943556, 37.067593485014086], [-122.0582921125866, 37.067632578775346], [-122.05821407837732, 37.06766570270493], [-122.05815638612232, 37.06768464991995], [-122.05789753492886, 37.06852852636694], [-122.05789609207739, 37.06853239921457], [-122.0578950747219, 37.06853635719877], [-122.05771257055142, 37.06910383144302], [-122.05758257902242, 37.070054068518395], [-122.05765537026186, 37.070167233370896], [-122.05769192929372, 37.0702316483396], [-122.05772043317886, 37.07029862453547], [-122.05774060730413, 37.07036751708527], [-122.05775225737769, 37.07043766237226], [-122.05775527125756, 37.07050838490115], [-122.05774961977441, 37.07057900361438], [-122.05773535743981, 37.07064883838766], [-122.05771262157754, 37.07071721669366], [-122.05768163100817, 37.07078347999147], [-122.05764268439621, 37.07084699011377], [-122.05759615657476, 37.070907135457496], [-122.05754249566272, 37.07096333673031], [-122.05748221849483, 37.071015052683556], [-122.05743915848284, 37.07104539833398], [-122.05743557016923, 37.07106972812881], [-122.05745604571662, 37.071077313323194], [-122.05753218598329, 37.071113160894754], [-122.05760357462812, 37.07115481596183], [-122.05766952435411, 37.07120187753867], [-122.05772940002802, 37.071253892232754], [-122.0577826249189, 37.07131035916149], [-122.05782868648912, 37.07137073468509], [-122.05786714117338, 37.07143443713129], [-122.0578976184629, 37.07150085313726], [-122.05797912066464, 37.0717095526351], [-122.05798464840954, 37.07172660124049], [-122.05799121831478, 37.07174341032844], [-122.05802321943194, 37.07184201012408], [-122.05802778518674, 37.07185957561066], [-122.05803340588646, 37.07187694125244], [-122.05803678268572, 37.07189419136118], [-122.05804122635217, 37.07191128724046], [-122.05804362146529, 37.07192912645837], [-122.05804709095241, 37.071946850266585], [-122.05805919204148, 37.07203755016252], [-122.05806084579385, 37.072060604481614], [-122.0580634801924, 37.072083599885254], [-122.05807178202704, 37.07224019977482], [-122.05807160853303, 37.07226115672024], [-122.05807248236623, 37.072282102513014], [-122.05807048358054, 37.07238430250815], [-122.05806842550844, 37.072409733449824], [-122.05806775724862, 37.072424089401274], [-122.0580696659587, 37.072425231127546], [-122.05817966564986, 37.072498030582835], [-122.05818005038444, 37.07249831171936], [-122.05818046745054, 37.07249856183411], [-122.05821267687017, 37.07252215624632], [-122.05824491440606, 37.072545716439656], [-122.05824526300974, 37.07254602658452], [-122.0582456472904, 37.07254630807778], [-122.05827481422277, 37.0725723174085], [-122.0583040159611, 37.07259829735239], [-122.05830432476212, 37.072598633231465], [-122.05830467291301, 37.07259894364298], [-122.05833052019051, 37.07262712105664], [-122.05835640106365, 37.07265526682186], [-122.05835666740032, 37.07265562534932], [-122.05835697585879, 37.07265596167623], [-122.05837924973987, 37.07268603059679], [-122.0584015653214, 37.072716076407815], [-122.05840178653533, 37.072716454227425], [-122.05840205230668, 37.072716813020705], [-122.05842053826677, 37.07274848194962], [-122.05842544121838, 37.07275685619385], [-122.05845493716936, 37.07276794832761], [-122.05853082034363, 37.072804146387874], [-122.05860191028755, 37.07284613001839], [-122.0586675223117, 37.07289349492471], [-122.05872702478412, 37.07294578495313], [-122.05877984436334, 37.07300249645854], [-122.05882547257369, 37.07306308331372], [-122.05886346990395, 37.073126962079584], [-122.0588934703507, 37.07319351762932], [-122.05891518506067, 37.0732621088559], [-122.05892840483756, 37.07333207527176], [-122.05893300231799, 37.07340274306532], [-122.0589289333536, 37.07347343169203], [-122.05891623693316, 37.07354346027353], [-122.05889503543534, 37.07361215454061], [-122.05886553286803, 37.07367885285867], [-122.05882801343694, 37.07374291288693], [-122.05878283854757, 37.07380371759431], [-122.05873044301575, 37.0738606815395], [-122.0586713317417, 37.0739132560731], [-122.05860607368074, 37.07396093478874], [-122.05853529750654, 37.07400325853688], [-122.05845968480754, 37.07403981978821], [-122.05837996362811, 37.07407026636866], [-122.05829690201192, 37.07409430501407], [-122.05821129975303, 37.07411170427978], [-122.05812398128292, 37.07412229655754], [-122.05803578754725, 37.0741259799043], [-122.05794756789696, 37.07412271869891], [-122.05748616364646, 37.07408741831258], [-122.05748085175799, 37.07408679992596], [-122.05747632486155, 37.07409286145813], [-122.05747231594708, 37.0740993274174], [-122.0574536601663, 37.07412320979965], [-122.05743560380276, 37.074147387553275], [-122.05743024111834, 37.074153190049884], [-122.05742546037546, 37.074159310136544], [-122.0574048605452, 37.074183010301944], [-122.05739550279388, 37.07419272285939], [-122.05738694210896, 37.0742028955147], [-122.05736014218105, 37.0742315956664], [-122.0573374439653, 37.07425356720658], [-122.05731527373088, 37.07427587961098], [-122.05725807382109, 37.074327979972885], [-122.05724349406465, 37.074340013933764], [-122.057229708325, 37.07435263605688], [-122.05721275448191, 37.07436538605189], [-122.05719655896736, 37.07437875358102], [-122.05718057686744, 37.07438958482823], [-122.05716531392072, 37.0744010631349], [-122.05707621365741, 37.07446176351855], [-122.05704779944116, 37.07447927117477], [-122.05701979412915, 37.07449719698869], [-122.05693329385504, 37.07454719742865], [-122.05692341384089, 37.07455233732976], [-122.05691402078925, 37.07455803365918], [-122.05687028051126, 37.07458194840798], [-122.05797734036561, 37.075865822540294], [-122.05831782807897, 37.07547362895685], [-122.05833544684424, 37.075455321018545], [-122.0583522783221, 37.0754365421561], [-122.05836239731808, 37.07542731628478], [-122.0583717568393, 37.07541759059694], [-122.0583915305931, 37.0754007542552], [-122.05841057786122, 37.07538338806959], [-122.05842177576378, 37.07537500202783], [-122.05843228084048, 37.07536605747702], [-122.05845402073157, 37.0753508539317], [-122.05847509890255, 37.075335068595024], [-122.05848726829728, 37.07532760265423], [-122.05849881728508, 37.075319525957546], [-122.05852231144915, 37.07530610351624], [-122.05854521988718, 37.07529204904772], [-122.05855824481189, 37.07528557430742], [-122.0585707253679, 37.0752784440747], [-122.05859574676364, 37.075266932175694], [-122.05862026566886, 37.075254743749866], [-122.05863402059094, 37.075249322940955], [-122.05864731262622, 37.075243207444736], [-122.05867362174276, 37.07523371604769], [-122.05869951352543, 37.075223512022426], [-122.05871386494006, 37.07521919762696], [-122.0587278413992, 37.07521415543979], [-122.05875518478119, 37.07520677600563], [-122.05878220017804, 37.07519865454548], [-122.05879701032909, 37.07519548810514], [-122.05881153618098, 37.07519156782118], [-122.05883965174205, 37.075186371191116], [-122.05886752935945, 37.07518041080463], [-122.05888265455296, 37.07517842281732], [-122.05889759107744, 37.07517566209484], [-122.05892620753743, 37.07517269848593], [-122.05895467938404, 37.07516895635701], [-122.0589699751681, 37.07516816586724], [-122.05898517725495, 37.075166591497485], [-122.0590140177491, 37.075165889720104], [-122.05904281092388, 37.07516440163135], [-122.05905813062613, 37.07516481621866], [-122.0590734511708, 37.07516444343952], [-122.05910223809747, 37.07516601003446], [-122.05913107535063, 37.075166790461765], [-122.05914626974165, 37.07516840614798], [-122.05916156291048, 37.075169238399575], [-122.0591900197215, 37.075173058373416], [-122.05921862238779, 37.07517609978814], [-122.0592335472152, 37.07517890127737], [-122.05924866371741, 37.075180930434904], [-122.0592765145893, 37.07518696653624], [-122.05930460921742, 37.07519223999866], [-122.05931911902684, 37.07519619999727], [-122.0593339149974, 37.075199406711945], [-122.05936089414496, 37.07520760130804], [-122.05938820766931, 37.0752150557078], [-122.0594021637728, 37.07522013642991], [-122.05941649560458, 37.07522448954707], [-122.05944234212073, 37.07523476341094], [-122.05946861263966, 37.07524432717511], [-122.05948187941691, 37.075250479231435], [-122.05949561038042, 37.075255937195074], [-122.0595200768661, 37.075268192097894], [-122.05954504971349, 37.075279772438506], [-122.05955749954092, 37.07528693649794], [-122.05957049731522, 37.07529344688041], [-122.05959334730416, 37.07530756457935], [-122.05961678289091, 37.075321050169556], [-122.05962829647136, 37.075329157592705], [-122.05964043527757, 37.07533665738196], [-122.05966144771683, 37.07535250118797], [-122.05968312140934, 37.07536776288204], [-122.05969358833099, 37.07537673599602], [-122.05970475060857, 37.07538515251024], [-122.05972372331408, 37.07540256983924], [-122.05974342622144, 37.07541946067867], [-122.05975274485205, 37.075429212235306], [-122.05976282415662, 37.075438465309205], [-122.05977957569995, 37.075457289770064], [-122.05979711668873, 37.075475645810705], [-122.05980519728735, 37.07548608207589], [-122.05981409639948, 37.075496082332876], [-122.05982846488834, 37.07551613227543], [-122.05984367558992, 37.07553577704381], [-122.05985044064776, 37.07554679752971], [-122.05985807368148, 37.075557448742266], [-122.05986991954745, 37.07557852926231], [-122.05988265478918, 37.07559927529132], [-122.05988803956649, 37.075610774833805], [-122.0598943324247, 37.07562197347627], [-122.0599035430544, 37.07564388402384], [-122.05991367854209, 37.07566552922867], [-122.05991763020518, 37.07567739500575], [-122.05992252344443, 37.075689035144514], [-122.05992900943082, 37.07571156336465], [-122.05993644838128, 37.07573390055992], [-122.05993892972366, 37.0757460205042], [-122.05994237513947, 37.0757579879115], [-122.0599460740178, 37.07578091688486], [-122.05995074471893, 37.07580373097079], [-122.0599517314317, 37.07581598707749], [-122.05995369645255, 37.07582816782949], [-122.05995457258913, 37.075851275981314], [-122.05995643015122, 37.07587434792378], [-122.05995591287359, 37.07588662329777], [-122.0599563782578, 37.075898898978856], [-122.05995442347542, 37.07592196414016], [-122.05995344960179, 37.07594507132933], [-122.05995143306053, 37.0759572470235], [-122.05995039463058, 37.07596950005828], [-122.05994562750823, 37.07599230153347], [-122.05994183181681, 37.076015220137926], [-122.05985923587626, 37.076376820842185], [-122.05985547213882, 37.07638969469779], [-122.05985270326325, 37.076402729226544], [-122.0598454063789, 37.07642412384143], [-122.05983909271924, 37.07644571941957], [-122.05983377213796, 37.07645823569747], [-122.05982942217693, 37.076470989976656], [-122.05981954277892, 37.076491709341845], [-122.0598106181231, 37.07651270417024], [-122.05980379247744, 37.076524741681325], [-122.05979790287263, 37.07653709353847], [-122.05978553669466, 37.076556936948556], [-122.05977408642863, 37.07657713014957], [-122.05976582057973, 37.07658857429822], [-122.05975844872447, 37.07660040348987], [-122.05974371478194, 37.07661917988828], [-122.05972984930419, 37.07663837673143], [-122.05972022336992, 37.0766491164681], [-122.05971143984503, 37.07666030988602], [-122.05969447951996, 37.076677839119924], [-122.05967833273927, 37.076695854255036], [-122.05966743979802, 37.07670578584404], [-122.0596573289544, 37.07671623589746], [-122.05945602936168, 37.076904437087066], [-122.05944991030442, 37.07690962000214], [-122.05944431804909, 37.07691516963691], [-122.05912136543492, 37.07720529445396], [-122.05939105112724, 37.07752680741893], [-122.05957454964945, 37.07771963583336], [-122.05973301100289, 37.07784339309671], [-122.06015905652676, 37.07809792176448], [-122.06017848562318, 37.07811076425543], [-122.0601985734573, 37.078122938258645], [-122.06136372229645, 37.07890393536617], [-122.06167285162304, 37.079070389164755], [-122.06206931948802, 37.07920367967058], [-122.06208739536467, 37.079210611049795], [-122.0621059076646, 37.07921675517165], [-122.06212720261658, 37.079225875446646], [-122.06214898527682, 37.079234228158526], [-122.0621661261854, 37.07924254569283], [-122.0621837977742, 37.07925011412312], [-122.06273829500314, 37.07951641193232], [-122.06274734583442, 37.07952125753285], [-122.06275681812164, 37.079525553275715], [-122.06278404463274, 37.07954090506877], [-122.06281172960351, 37.079555726851126], [-122.06282014421458, 37.07956125996228], [-122.06282904531902, 37.07956627888403], [-122.06285426235027, 37.07958369466649], [-122.06288000115083, 37.07960061942882], [-122.06288769840859, 37.07960678676899], [-122.06289594263663, 37.07961248050962], [-122.06291890867236, 37.07963179360109], [-122.0629424521018, 37.07965065748675], [-122.06294935747691, 37.07965739933649], [-122.06295686584782, 37.079663713369506], [-122.06330626669417, 37.07998801143174], [-122.06332146746021, 37.08000360578254], [-122.06333749862394, 37.08001866044292], [-122.06334863407197, 37.08003147576334], [-122.06336062957945, 37.08004378182517], [-122.0633738504736, 37.08006049620342], [-122.06338796160277, 37.080076736084294], [-122.06339747556711, 37.08009036400409], [-122.06340790801418, 37.0801035530751], [-122.06341902008367, 37.08012122457384], [-122.06343107706132, 37.08013849502027], [-122.06363107961752, 37.08046119368], [-122.06363920079012, 37.08047609029733], [-122.0636482985953, 37.08049062270837], [-122.06389360786557, 37.080935715226595], [-122.06417412315277, 37.08116470962597], [-122.0641977623748, 37.081186003284394], [-122.06422190384691, 37.08120692979581], [-122.0642270995828, 37.08121242965636], [-122.06423282181531, 37.081217584109055], [-122.06425374274899, 37.08124063224088], [-122.06427520751556, 37.08126335339636], [-122.06427970542298, 37.081269234808666], [-122.06428476946368, 37.08127481376182], [-122.06430276852984, 37.08129939193895], [-122.06432135178896, 37.08132369123298], [-122.0645683544126, 37.08168538966092], [-122.06457845890577, 37.08170208265743], [-122.0645895254778, 37.081718379145045], [-122.06476972807461, 37.08201787797853], [-122.06478411661102, 37.08204513594727], [-122.06479904844555, 37.08207220214461], [-122.06493775119785, 37.08236120117782], [-122.06494294092411, 37.08237383227436], [-122.06494908689122, 37.082386185257384], [-122.06509729036881, 37.08273258426848], [-122.06510787733062, 37.0827619552991], [-122.065118951693, 37.08279120649926], [-122.06512012590183, 37.08279593646355], [-122.06512179599484, 37.08280056974104], [-122.06512873795182, 37.08283062747445], [-122.06513618137603, 37.08286061073887], [-122.06519201250455, 37.08316219838973], [-122.06543597434438, 37.084369864851745], [-122.06545579672937, 37.084422089364224], [-122.06549092815737, 37.08445737106509], [-122.06572141078753, 37.084626235522066], [-122.06643036091977, 37.084929473609904], [-122.06697079359189, 37.08510726342316], [-122.06706850875074, 37.08513304216307], [-122.06728483383932, 37.08501541502236], [-122.06734763991102, 37.084962548072646], [-122.06712734406268, 37.08467515690812], [-122.0671171524854, 37.08466026912507], [-122.06710602532459, 37.08464581791943], [-122.06709592874843, 37.084629265730875], [-122.06708487050457, 37.084613111965545], [-122.06707654946986, 37.084597495692044], [-122.0670672438275, 37.08458224007315], [-122.06705922069385, 37.084564974151334], [-122.06705019238522, 37.08454803041285], [-122.06704382184816, 37.08453183546079], [-122.0670364276081, 37.08451592297507], [-122.06703055584703, 37.08449811141433], [-122.06702364347514, 37.08448053900991], [-122.06701928475239, 37.08446392117381], [-122.0670138731612, 37.084447505260094], [-122.06701020873903, 37.08442931805484], [-122.06700547962396, 37.08441128778934], [-122.06700317506319, 37.08439440830276], [-122.06699979774757, 37.08437764585074], [-122.06699837597867, 37.08435925806058], [-122.06699587557733, 37.084340943631126], [-122.06699564715115, 37.08432396455843], [-122.06699433688591, 37.084307017537235], [-122.06699263813026, 37.084200517521715], [-122.06699349419648, 37.08418163755108], [-122.06699327075432, 37.084162746473346], [-122.06699509630019, 37.084146300330744], [-122.06699584443535, 37.08412980046144], [-122.06699900589642, 37.084111079786894], [-122.0670010948786, 37.08409226098556], [-122.06700492385743, 37.08407603702434], [-122.0670076869154, 37.084059675596905], [-122.06701312391075, 37.084041291828584], [-122.06701750482922, 37.08402272929732], [-122.06704760588264, 37.08392242948336], [-122.06704952071608, 37.08391719408849], [-122.06705088682841, 37.08391184954432], [-122.06706193551754, 37.08388325075707], [-122.06707244328021, 37.083854521247225], [-122.06707498938557, 37.083849461452445], [-122.06707700281969, 37.08384424981835], [-122.06709149760422, 37.08381665525204], [-122.06710546904631, 37.08378889043939], [-122.06710862174552, 37.08378405517623], [-122.0671112632099, 37.08377902650783], [-122.06712906308067, 37.083752704658316], [-122.06714636500534, 37.08372616904375], [-122.06715009459687, 37.08372160404925], [-122.06715333805816, 37.083716807718], [-122.06730313926981, 37.08351910869533], [-122.06732735074404, 37.08349042951753], [-122.06735147889125, 37.0834617178599], [-122.06771348036801, 37.08307352009284], [-122.06772542061563, 37.083061946630245], [-122.06773652466877, 37.083049851985194], [-122.06775353906927, 37.08303469208612], [-122.06776975211471, 37.08301897711445], [-122.06778304995855, 37.08300839765216], [-122.06779558091459, 37.08299723256157], [-122.06798928893596, 37.082840807962874], [-122.06798938097778, 37.082840733599824], [-122.06798938120498, 37.08284073342133], [-122.06822598894291, 37.082649609145264], [-122.06825709396897, 37.082626835714656], [-122.06828807210364, 37.08260394905478], [-122.06853562903667, 37.082438301724515], [-122.06871589022575, 37.082310898413944], [-122.06871923981592, 37.08219753781864], [-122.0687193436759, 37.08219639611271], [-122.06871931188765, 37.08219525153877], [-122.06871932269505, 37.08219492910356], [-122.06836269540607, 37.08210939535056], [-122.06834459934475, 37.082104267470385], [-122.06832617719279, 37.082099952520096], [-122.06830299025373, 37.082092476610576], [-122.06827942733277, 37.082085799535825], [-122.06826204692284, 37.08207927568241], [-122.06824424010011, 37.082073534404834], [-122.06822207926048, 37.08206427348119], [-122.06819944687616, 37.08205577828144], [-122.06818294786935, 37.08204792069308], [-122.06816592963175, 37.08204080889531], [-122.06814500868819, 37.08202985243565], [-122.06812352433528, 37.082019620595595], [-122.06810806635005, 37.08201050534427], [-122.06809199990067, 37.08200209119411], [-122.06793214973546, 37.08190909775845], [-122.06792616398755, 37.08191015988385], [-122.06790198837514, 37.081915323635975], [-122.06788307376799, 37.08191780597201], [-122.06786435961922, 37.08192112664803], [-122.06783951821879, 37.081923522100176], [-122.06781482724283, 37.08192676243766], [-122.0677956990892, 37.08192774748225], [-122.06777666977143, 37.081929582417196], [-122.06775165652402, 37.0819300154194], [-122.06772668649734, 37.08193130129796], [-122.06770752954355, 37.081930779415785], [-122.0676883676492, 37.0819311111152], [-122.06766342157414, 37.081929577687134], [-122.06763841488554, 37.08192889640929], [-122.06761941414915, 37.08192687257038], [-122.06760030378265, 37.08192569788445], [-122.06757566535713, 37.08192221280701], [-122.06755086247168, 37.081919570950774], [-122.06753220087882, 37.08191606471192], [-122.06751332630535, 37.08191339491497], [-122.06748923240274, 37.08190799160033], [-122.06746487253987, 37.08190341475415], [-122.06744673047723, 37.08189846007502], [-122.0674282727487, 37.08189432074888], [-122.06740495540204, 37.081887051140626], [-122.0673812733896, 37.08188058351796], [-122.06736382533595, 37.08187422819377], [-122.06734596229295, 37.08186865904743], [-122.06732364611382, 37.0818595930593], [-122.06730086980713, 37.081851296937515], [-122.06728428254537, 37.08184360159338], [-122.06726718768763, 37.08183665681463], [-122.06724608874093, 37.08182588232165], [-122.06722443644506, 37.0818158372103], [-122.06720887151813, 37.081806876852845], [-122.0671927075105, 37.08179862253322], [-122.06717302738735, 37.08178624244047], [-122.06715270931049, 37.08177454581384], [-122.06713831474626, 37.08176440570973], [-122.06712323923963, 37.08175492223384], [-122.06710516974785, 37.08174105730756], [-122.06708637905231, 37.081727820387684], [-122.06707329450414, 37.081716598898296], [-122.06705945163318, 37.08170597700086], [-122.06704316419726, 37.08169075866391], [-122.06702608470752, 37.08167611089798], [-122.06701443631908, 37.081663916193875], [-122.06700195927633, 37.08165225806152], [-122.06695635944358, 37.08160515778749], [-122.06693723256171, 37.08158326198768], [-122.06691745397252, 37.08156174018504], [-122.06691192182922, 37.08155428689971], [-122.06690571588715, 37.08154718256194], [-122.06688935929371, 37.08152388939057], [-122.06687230943412, 37.081500918690544], [-122.06686771597842, 37.08149306725022], [-122.06686240878852, 37.08148550936764], [-122.06684898126659, 37.08146104488574], [-122.06683482304989, 37.08143684480161], [-122.0668312118096, 37.08142866946429], [-122.06682685534024, 37.08142073209094], [-122.06681648508669, 37.08139533014094], [-122.06680535603567, 37.08137013548982], [-122.06680276269199, 37.08136171730227], [-122.06679939776961, 37.08135347476495], [-122.06679218483723, 37.08132737969401], [-122.06678419188444, 37.081301433434795], [-122.06678264089183, 37.08129285146234], [-122.06678030060772, 37.08128438496756], [-122.06677631479575, 37.081257849357286], [-122.06677153453971, 37.081231400068745], [-122.06677104084322, 37.0812227381692], [-122.06676974761018, 37.08121412811814], [-122.06676902730574, 37.081187406375555], [-122.06676750587793, 37.08116070996775], [-122.06676807431339, 37.08115205065722], [-122.06676784060143, 37.08114338088802], [-122.0667703924941, 37.0811167342009], [-122.0667721445571, 37.081090043901796], [-122.06677376983139, 37.081081469977], [-122.0667745977576, 37.08107282451658], [-122.06678039747558, 37.081046505715015], [-122.06678540609742, 37.08102008234543], [-122.06678807197906, 37.08101167868013], [-122.06678995391019, 37.08100313850379], [-122.06679894638104, 37.080977399364365], [-122.06680716262251, 37.08095149916584], [-122.06681084383449, 37.080943345154054], [-122.06681376141508, 37.080934994037], [-122.06682585883146, 37.08091008607803], [-122.0668372045191, 37.080884954785546], [-122.0668418655567, 37.08087712901946], [-122.0668457906844, 37.080869047414986], [-122.06686087681581, 37.080845209761755], [-122.06687524253839, 37.08082109006958], [-122.06688083860006, 37.08081366782311], [-122.06688573341691, 37.08080593358364], [-122.06690366267364, 37.080783395935704], [-122.0669209103488, 37.08076052003618], [-122.06692738767826, 37.08075357290701], [-122.06693320491935, 37.08074626038554], [-122.06695380487167, 37.08072523943114], [-122.0669737680961, 37.08070382802597], [-122.06698106387977, 37.080697423123645], [-122.06698774789339, 37.08069060255081], [-122.06701082030213, 37.08067130053285], [-122.06703330674813, 37.08065156005784], [-122.06704135138169, 37.08064575866949], [-122.06704883722954, 37.08063949614654], [-122.0670741605506, 37.08062209844871], [-122.06709895299865, 37.08060421945951], [-122.06710766770917, 37.080599078293204], [-122.06711588446072, 37.08059343320389], [-122.06714321396107, 37.08057810808135], [-122.06717007438932, 37.08056226204078], [-122.0672545739846, 37.08051736244325], [-122.06727861713765, 37.08050590647188], [-122.06730213160388, 37.08049376352884], [-122.06731655343243, 37.08048783073374], [-122.06733048573356, 37.080481192348856], [-122.06735581539935, 37.080471679346516], [-122.0673807013284, 37.080461441911226], [-122.06739577786537, 37.08045667074833], [-122.0674104567835, 37.080451157851414], [-122.06743682939607, 37.08044367955553], [-122.0674628467401, 37.08043544606345], [-122.0674784348919, 37.08043188173815], [-122.0674937171137, 37.0804275482763], [-122.06752087572737, 37.080422177480514], [-122.06754702858582, 37.080416197448216], [-122.06755697059018, 37.08041201777414], [-122.06758870496031, 37.080398095412185], [-122.06759605917316, 37.08039558469881], [-122.06760313838721, 37.080392608594586], [-122.06763667176962, 37.08038171986601], [-122.06766995737188, 37.080370356396806], [-122.06767758348218, 37.080368435256815], [-122.06768499243063, 37.080366029530325], [-122.06771969353517, 37.08035782737997], [-122.0677542118914, 37.08034913189006], [-122.06776203744728, 37.08034781877288], [-122.06776970395713, 37.08034600665307], [-122.06780523938299, 37.080340569403425], [-122.06784065724358, 37.08033462625594], [-122.06784860547462, 37.08033393398856], [-122.06785645699712, 37.08033273266228], [-122.06789248669224, 37.080330112263596], [-122.06792846078486, 37.08032697915256], [-122.06793645555832, 37.080326914437705], [-122.06794441612607, 37.08032633547642], [-122.06798059609098, 37.08032655716761], [-122.0680167770672, 37.08032626433779], [-122.06802473985057, 37.08032682773004], [-122.06803273435766, 37.08032687667288], [-122.06806871608363, 37.08032993888684], [-122.06810475561333, 37.08033248855857], [-122.06811261121139, 37.080333674509454], [-122.06812056113527, 37.080334351099964], [-122.06815599499404, 37.08034022422836], [-122.06819154901179, 37.08034559188498], [-122.06819922140104, 37.08034738898067], [-122.06820705054616, 37.0803486866711], [-122.06824159556207, 37.08035731431296], [-122.06827632157234, 37.0803654482289], [-122.06828373772336, 37.08036783940046], [-122.06829136985648, 37.08036974551351], [-122.0683246882127, 37.08038104289953], [-122.06835825685197, 37.080391866214164], [-122.0683653459419, 37.080394828731386], [-122.06837270692719, 37.080397324657184], [-122.06840448089658, 37.080411183289705], [-122.06843656572467, 37.08042459158338], [-122.06844325801885, 37.08042809650515], [-122.06845027850781, 37.08043115853363], [-122.06848020672815, 37.08044744714871], [-122.06851049411974, 37.08046330915138], [-122.06902564274647, 37.0807629990205], [-122.06952885907076, 37.0808836893592], [-122.06949246711991, 37.080856128159084], [-122.06943133635002, 37.08080505339943], [-122.06937674847852, 37.080749423808], [-122.06932922898552, 37.08068977516189], [-122.06928923570767, 37.08062668191775], [-122.0692571535064, 37.08056075167102], [-122.069233291638, 37.08049261945615], [-122.06921787966941, 37.08042294140439], [-122.06921106609398, 37.08035238842302], [-122.06921291649394, 37.08028164014126], [-122.06922341295255, 37.08021137787482], [-122.06924245447101, 37.0801422782292], [-122.06926985772273, 37.080075006705826], [-122.06930535848475, 37.0800102111333], [-122.06934861508842, 37.07994851556518], [-122.06939921097096, 37.07989051408078], [-122.06945665867944, 37.079836765408544], [-122.06952040500715, 37.079787786927426], [-122.06958983610667, 37.07974405056105], [-122.06966428329403, 37.079705977325176], [-122.0697430296148, 37.0796739339543], [-122.06982531675312, 37.079648229080355], [-122.0699103521555, 37.079629110224076], [-122.0699973170464, 37.079616761424504], [-122.07000386304692, 37.07961635556752], [-122.07001943593697, 37.079582233299796], [-122.07005775147414, 37.07951847534942], [-122.07010368215177, 37.07945803339602], [-122.07015678579954, 37.07940148960238], [-122.07021655096082, 37.07934938844994], [-122.07028240190414, 37.07930223173071], [-122.0703537046459, 37.07926047363726], [-122.07042977240718, 37.07922451611874], [-122.07050987262842, 37.079194705601026], [-122.0705932339908, 37.07917132916622], [-122.07066208190295, 37.0791579179282], [-122.07066225973243, 37.079156317266616], [-122.07066970940943, 37.079124760181635], [-122.07067680586444, 37.079093135157066], [-122.0706779166975, 37.07908999347468], [-122.07067867383638, 37.0790867861933], [-122.07068994859812, 37.079055964694454], [-122.07070087920988, 37.07902505071835], [-122.07070236905085, 37.0790220112495], [-122.0707035148658, 37.07901887912535], [-122.07071850714125, 37.07898908892747], [-122.07073316565271, 37.07895918469943], [-122.07073501973103, 37.07895627770518], [-122.07073654351662, 37.07895324976928], [-122.07075511076447, 37.078924776036615], [-122.07077335412633, 37.07889617149416], [-122.07077555478547, 37.07889342405803], [-122.07077744177349, 37.0788905303912], [-122.07079940146009, 37.078863653647424], [-122.07082105763035, 37.078836617768225], [-122.07082358407409, 37.0788340561379], [-122.07082581569495, 37.078831324898125], [-122.0708631158663, 37.07879022509969], [-122.07088660717118, 37.07876684514415], [-122.07090966232573, 37.07874318584896], [-122.07091429125279, 37.07873929210549], [-122.07091849964401, 37.078735103645286], [-122.07094473703968, 37.07871368175468], [-122.0709705762769, 37.07869194638767], [-122.0709756594293, 37.078688434787196], [-122.0709803597789, 37.078684597126696], [-122.07100909326721, 37.078665337668625], [-122.07103746515591, 37.07864573743681], [-122.07106626503558, 37.078627737557824], [-122.07109250775518, 37.07861293608564], [-122.07111824438591, 37.07859757592321], [-122.0711286000302, 37.0785925792736], [-122.07113848459925, 37.07858700411183], [-122.0711664110744, 37.07857433508801], [-122.07119390335808, 37.0785610698074], [-122.07120481994653, 37.0785569106165], [-122.0712153393437, 37.07855213842788], [-122.07124468293478, 37.07854172298228], [-122.07127366380101, 37.07853068137191], [-122.07128503633464, 37.078527399559604], [-122.0712960891983, 37.078523476421935], [-122.07132656460854, 37.07851541588841], [-122.0713567577149, 37.078506703048006], [-122.07136847747292, 37.078504330122286], [-122.07137995657891, 37.0785012939551], [-122.07141127138212, 37.07849566554508], [-122.07144238477693, 37.078489365900964], [-122.07147838442296, 37.07848356593002], [-122.07151295834569, 37.07847939776514], [-122.07154741372042, 37.078474664206404], [-122.07155660613229, 37.07847413565836], [-122.0715657201088, 37.07847303690194], [-122.07160063495904, 37.078471604149904]], [[-122.07191920325583, 37.04714402956352], [-122.07190689273571, 37.04713423479061], [-122.07185063412963, 37.04707970028561], [-122.07180131499739, 37.04702100833327], [-122.0717594105429, 37.046958724054136], [-122.07172532402039, 37.04689344734006], [-122.07169938388517, 37.04682580679219], [-122.07168183981554, 37.046756454010634], [-122.07167762150235, 37.04672338160329], [-122.07155712300889, 37.046776936561095], [-122.07153216980187, 37.04678677623212], [-122.07150768035395, 37.04679733578234], [-122.07149258523182, 37.04680238538294], [-122.07147790743123, 37.04680817316183], [-122.07145187087272, 37.04681600493444], [-122.07142620838368, 37.04682458950643], [-122.0713369225619, 37.046850411694805], [-122.07116213594445, 37.046912227639666], [-122.07114975504042, 37.046916036212366], [-122.07113773007285, 37.04692051695254], [-122.07110856530629, 37.04692870689211], [-122.07107971481967, 37.04693758173756], [-122.07106692855486, 37.04694039909964], [-122.07105441290531, 37.04694391365123], [-122.07082105626351, 37.04699930063896], [-122.07059331877699, 37.04706063618787], [-122.07057497771444, 37.04706478515921], [-122.07055695295621, 37.04706974813891], [-122.07034139848278, 37.04711976679723], [-122.07016366248081, 37.04717704356034], [-122.07012580960243, 37.04718754387214], [-122.07008807614943, 37.0471983200358], [-122.07001400937612, 37.04721624217575], [-122.06989916963411, 37.04725867132063], [-122.0698769698828, 37.04726583685283], [-122.06985519599802, 37.04727379471783], [-122.06966747131999, 37.04733366994208], [-122.0694241523451, 37.04741507561761], [-122.06922329181403, 37.04749197978626], [-122.06896929269328, 37.0476145783932], [-122.06881591295146, 37.04770189755211], [-122.06881134837366, 37.0477042348464], [-122.06880705061685, 37.047706878909004], [-122.06851564940878, 37.047868580101174], [-122.06851318860555, 37.047869806968606], [-122.06851087848528, 37.0478712093504], [-122.06847571070203, 37.047888492446994], [-122.06846938393643, 37.04789164680392], [-122.06848587422263, 37.04790712068637], [-122.06853635881748, 37.047965172695626], [-122.06857950158614, 37.04802691164769], [-122.06861488705923, 37.04809174287826], [-122.06864217434833, 37.048159041930255], [-122.06866110078047, 37.04822816089188], [-122.06867148396822, 37.048298433911235], [-122.0686732238603, 37.0483691843332], [-122.06866276549312, 37.04865444970699], [-122.06883261526106, 37.04888858556525], [-122.06903802151979, 37.04906626990128], [-122.06911199841704, 37.04909448976044], [-122.06913091740941, 37.04910264230876], [-122.06915032661875, 37.04911002070004], [-122.06966928050379, 37.049332926799856], [-122.06967275950258, 37.049306873080646], [-122.06969071427399, 37.049237587765795], [-122.06971705509122, 37.04917004671109], [-122.06975152827548, 37.04910490026672], [-122.06979380182159, 37.04904277599285], [-122.06984346862858, 37.048984272014906], [-122.06990005038742, 37.04892995182628], [-122.06996300203716, 37.04888033855473], [-122.07003171756156, 37.04883590996044], [-122.07010553499178, 37.0487970939687], [-122.07018374343265, 37.04876426421838], [-122.07026558995793, 37.048737737141785], [-122.07035028606838, 37.04871776795931], [-122.0703787900081, 37.048713423556876], [-122.07038676282082, 37.04870876493629], [-122.07046285727534, 37.04867288512434], [-122.07054297279517, 37.04864315639051], [-122.07062633781996, 37.048619865097436], [-122.07071214949869, 37.04860323561836], [-122.07079958158978, 37.04859342796562], [-122.07088779189681, 37.04859053658707], [-122.07097593105038, 37.04859458944343], [-122.07106315027457, 37.04860554734812], [-122.07114860947087, 37.04862330493179], [-122.07123148575772, 37.048647691159836], [-122.0713109809823, 37.04867847110362], [-122.07138632967511, 37.04871534834609], [-122.07145680598663, 37.0487579678301], [-122.0715217314074, 37.04880591907328], [-122.07156319318678, 37.04884319729796], [-122.07156716241714, 37.04882550561118], [-122.07156867304612, 37.048821232345006], [-122.07156972086453, 37.04881687063478], [-122.07158070404738, 37.048787197588204], [-122.07159122964828, 37.04875742162479], [-122.07159325543101, 37.04875328778052], [-122.07159483166492, 37.04874902926954], [-122.07160939018708, 37.04872036267294], [-122.07162350652969, 37.04869155641204], [-122.0716260283191, 37.04868760123073], [-122.07162811750462, 37.04868348744242], [-122.0716461090767, 37.048656106155136], [-122.07166368224686, 37.04862854410458], [-122.07166667596384, 37.04862480552671], [-122.07166925782302, 37.048620876234054], [-122.07169051286277, 37.04859503798885], [-122.0717113699621, 37.04856899164677], [-122.07171480534545, 37.04856550738403], [-122.07171785615861, 37.04856179872744], [-122.0717421698687, 37.04853775349948], [-122.07176611015171, 37.048513472602245], [-122.07176995588964, 37.04851027431875], [-122.07177344483469, 37.048506823915396], [-122.07178320154247, 37.04849890715583], [-122.07179031654638, 37.04845911099393], [-122.07181134572998, 37.048390383652155], [-122.07184067782178, 37.048323639361755], [-122.07187803046662, 37.04825952104153], [-122.07192304369208, 37.048198646033015], [-122.07197528413664, 37.04814160063524], [-122.07201192579734, 37.04810887284262], [-122.07201339684151, 37.04810465172204], [-122.0720233008553, 37.04807480153521], [-122.07202526819007, 37.04807058790219], [-122.07202677861765, 37.04806625387328], [-122.07204073747405, 37.04803745588092], [-122.07205424449452, 37.04800852653351], [-122.07205671766374, 37.048004487672415], [-122.0720587507733, 37.048000293212304], [-122.0720761633866, 37.047972731282236], [-122.07208409300905, 37.04795978164448], [-122.07207386148384, 37.04795189465465], [-122.07201653338828, 37.04789808010945], [-122.07196606200739, 37.047840020564564], [-122.07192293353158, 37.04777827527661], [-122.0718875630939, 37.04771343882155], [-122.07186029146413, 37.0476461355698], [-122.07184138118429, 37.04757701388678], [-122.07183101440516, 37.047506739174885], [-122.0718292909292, 37.047435988449564], [-122.07183622728854, 37.04736544303064], [-122.07185175671165, 37.047295782142115], [-122.07187572953535, 37.04722767687599], [-122.07190791497919, 37.04716178308535], [-122.07191920325583, 37.04714402956352]], [[-122.07589398328065, 37.05165712214315], [-122.07588767097357, 37.05166679027179], [-122.07587396573454, 37.051683546047435], [-122.07586116255477, 37.051700755583816], [-122.07584977655857, 37.05171311931129], [-122.07583926511455, 37.05172597029834], [-122.07582357656186, 37.05174156890047], [-122.07580873064832, 37.05175768948719], [-122.07579588733712, 37.05176909925906], [-122.07578385513506, 37.05178106241004], [-122.07576633455444, 37.05179535330858], [-122.07574958869904, 37.05181023002264], [-122.07573541244389, 37.051820575482644], [-122.07572853289818, 37.051826186837104], [-122.075925568472, 37.05173258834545], [-122.07591708647392, 37.05171652453922], [-122.07589398328065, 37.05165712214315]], [[-122.07783719258649, 37.05592939838532], [-122.0777946264124, 37.05591334999474], [-122.07736936958908, 37.05609494231522], [-122.0773574875898, 37.05610049150408], [-122.07737684274245, 37.05612748336675], [-122.07766640072246, 37.055991200972024], [-122.07768110972614, 37.055985035088945], [-122.07769531941841, 37.055978158892984], [-122.07772020557276, 37.05596864644375], [-122.07774463830722, 37.05595840438462], [-122.07776003036867, 37.05595342373762], [-122.07777501274028, 37.05594769687773], [-122.07780094367527, 37.055940184813004], [-122.0778265100811, 37.05593191191965], [-122.07783719258649, 37.05592939838532]], [[-122.08554934588035, 37.07167761323158], [-122.08554544209835, 37.07167668488776], [-122.08553130185784, 37.07167207129669], [-122.08551682260133, 37.07166819513972], [-122.0854904309465, 37.071658735979945], [-122.08546365153597, 37.07164999846019], [-122.08545014420224, 37.07164429661142], [-122.08543620822454, 37.071639301759355], [-122.08541109994604, 37.07162781486249], [-122.08538551915386, 37.07161701650196], [-122.08537277411232, 37.07161028111798], [-122.08535951650094, 37.07160421584708], [-122.08533593504536, 37.071590812703384], [-122.08531179754246, 37.07157805670883], [-122.08529993764394, 37.07157035264779], [-122.0852874859396, 37.07156327536226], [-122.0852656564433, 37.0715480839069], [-122.08524319663917, 37.07153349413856], [-122.08523233674093, 37.07152489611258], [-122.08522081015971, 37.071516874527155], [-122.08520094447677, 37.07150004197332], [-122.08518037701485, 37.071483758184215], [-122.08517062074878, 37.07147434821041], [-122.08516013129613, 37.07146546026029], [-122.08514242040263, 37.07144714862351], [-122.08512394374543, 37.07142932765876], [-122.08511538563465, 37.07141919678816], [-122.08510603386463, 37.07140952780196], [-122.08509064798197, 37.071389912999514], [-122.08507444038464, 37.071370726872196], [-122.08506716294504, 37.071359973003986], [-122.08506367747447, 37.0713555294351], [-122.08504699874275, 37.07146593292183], [-122.08505029482836, 37.07159495937804], [-122.08507902320005, 37.07174842770489], [-122.08559885125086, 37.07174590253767], [-122.08559447828029, 37.071740990985674], [-122.08558242428154, 37.07172418050127], [-122.08556945116656, 37.07170781579292], [-122.08556043945921, 37.07169352041277], [-122.08555048207894, 37.07167963391735], [-122.08554934588035, 37.07167761323158]], [[-122.08341428515408, 37.07302726105918], [-122.08288398528204, 37.072756536623956], [-122.08289138310651, 37.07276803070156], [-122.08292397362025, 37.07283379988379], [-122.08322368328646, 37.073537480499674], [-122.0835868241377, 37.07354406011269], [-122.08354837896573, 37.07323671926317], [-122.08354830624289, 37.07323557383308], [-122.08354809828761, 37.07323443898611], [-122.08353172282996, 37.07309919871776], [-122.08353136856525, 37.07309740588998], [-122.08341428515408, 37.07302726105918]], [[-122.08010808000407, 37.07894546266617], [-122.08002966399039, 37.078929212343596], [-122.07994673779521, 37.07890486297531], [-122.0798671897557, 37.07887411828293], [-122.07984316226005, 37.07886237800248], [-122.07966445597661, 37.07892091823274], [-122.07933114807875, 37.07903710945713], [-122.07933105713052, 37.07903714120146], [-122.07922224728456, 37.07907510979103], [-122.07922195042735, 37.079075199789486], [-122.0792216669135, 37.079075312065946], [-122.07908041666921, 37.079124505714894], [-122.0789701564809, 37.07917467027281], [-122.07892672538713, 37.079199903856946], [-122.07881297872062, 37.07928821227298], [-122.07871412708096, 37.07938396510899], [-122.07865552291102, 37.07944776542171], [-122.07861124472281, 37.07951006422287], [-122.07856443699976, 37.07960333091735], [-122.07852219492564, 37.07974128466183], [-122.07850448347546, 37.079834088640624], [-122.07849362567147, 37.07993796510733], [-122.07849924694405, 37.08004138596095], [-122.07850964032987, 37.080154285862655], [-122.07854265045674, 37.08030510945054], [-122.07854926085886, 37.08032645184692], [-122.07860776778425, 37.0803185036669], [-122.07869587385606, 37.08031356946173], [-122.07878415916525, 37.08031557816402], [-122.07887177377626, 37.080324510372165], [-122.07895787373228, 37.080340280210315], [-122.07904162993874, 37.080362735577424], [-122.07912223567223, 37.08039166045893], [-122.07919891500354, 37.08042677607354], [-122.07927092916646, 37.080467744437776], [-122.07933758462622, 37.08051417095218], [-122.07939823966731, 37.08056560850831], [-122.0794523100803, 37.080621561678846], [-122.07949927506421, 37.080681491720654], [-122.07953868234372, 37.08074482139149], [-122.07957015237268, 37.080810940931464], [-122.07959338198262, 37.0808792134092], [-122.07960814767803, 37.0809489814175], [-122.07961430702662, 37.08101957312327], [-122.07961180072273, 37.081090308503036], [-122.07960065295127, 37.08116050655692], [-122.07959171642219, 37.08119182867619], [-122.07985721884438, 37.081192518814774], [-122.0799006282322, 37.08119434048333], [-122.07994403860913, 37.08119610842033], [-122.07994472591878, 37.08119619109248], [-122.0799454199513, 37.081196220183585], [-122.0799884062833, 37.0812014431204], [-122.08003138249188, 37.08120661052712], [-122.08003205610423, 37.08120674672574], [-122.08003274351681, 37.08120683020944], [-122.08007488742483, 37.081215404470065], [-122.08011702112327, 37.08122392130762], [-122.08011767497906, 37.08122410972377], [-122.08011834869336, 37.081224246824085], [-122.0801592495152, 37.08123609196278], [-122.08020012951114, 37.08124787400825], [-122.08020075665863, 37.08124811269513], [-122.08020141095176, 37.081248302195874], [-122.08024065399216, 37.08126329790742], [-122.08025366036452, 37.08126824812206], [-122.08008388608252, 37.081127251056024], [-122.08007332515747, 37.08111757158476], [-122.08006202937406, 37.08110843942028], [-122.08004427611668, 37.081090947169486], [-122.08002575707279, 37.08107397386001], [-122.08001643114216, 37.08106351163453], [-122.0800063069555, 37.0810535362809], [-122.07985239698309, 37.080885690390495], [-122.07985145468689, 37.08088478366389], [-122.07985139351976, 37.080884724868824], [-122.07985139307522, 37.08088472441467], [-122.07975945487591, 37.08079628306134], [-122.07973383859901, 37.08076902502224], [-122.0797080862566, 37.080741818923975], [-122.0797072683091, 37.08074075172067], [-122.07970632893968, 37.08073975208143], [-122.07968416578203, 37.08071060715838], [-122.07966187069687, 37.08068151610253], [-122.07966118767537, 37.08068039045367], [-122.07966037459147, 37.08067932121456], [-122.0796418824061, 37.08064857387102], [-122.07962325487912, 37.080617874149695], [-122.07962271263004, 37.08061669965562], [-122.07962203458013, 37.08061557233246], [-122.07960739170865, 37.08058351799233], [-122.07959261085527, 37.08055150611696], [-122.0795922151858, 37.0805502956227], [-122.07959167790703, 37.08054911954453], [-122.07958102499302, 37.080516063524385], [-122.07957023362995, 37.08048305113801], [-122.07951923577957, 37.080288550750986], [-122.07951321004582, 37.080258245289926], [-122.07950669135862, 37.08022800207485], [-122.07950626429651, 37.08022331211792], [-122.07950534087395, 37.080218668065626], [-122.07950305146214, 37.0801880325766], [-122.07950026421369, 37.080157425673704], [-122.0794977508529, 37.080072641695864], [-122.07948877840546, 37.080046693978595], [-122.07947728035957, 37.0800139172209], [-122.0794769870768, 37.08001259475591], [-122.07947653954912, 37.080011300389145], [-122.07946926311627, 37.07997775956157], [-122.07946183168893, 37.07994424421177], [-122.07946170162387, 37.07994290525606], [-122.07946141454181, 37.079941581757474], [-122.07945827625451, 37.079907629470796], [-122.07945498083053, 37.07987369345128], [-122.07945501529257, 37.079872350634645], [-122.07945489142247, 37.07987101109603], [-122.0794559218541, 37.07983697434534], [-122.07945679390892, 37.07980294447772], [-122.0794569923999, 37.07980161104687], [-122.07945703305332, 37.0798002679177], [-122.07946222187132, 37.079766479238806], [-122.07946725321385, 37.07973267843024], [-122.07946761401136, 37.079731366540614], [-122.07946781868253, 37.07973003369854], [-122.0794771139661, 37.07969682250921], [-122.07948625817129, 37.079663572287544], [-122.07948677774098, 37.0796622950721], [-122.07948714448354, 37.07966098458065], [-122.07950045691233, 37.07962866576543], [-122.0795136256608, 37.07959629129869], [-122.07951429913267, 37.07959506070811], [-122.07951482429985, 37.07959378569933], [-122.07953202822162, 37.07956266439532], [-122.07954909221958, 37.079531483591964], [-122.0795499125765, 37.079530312371546], [-122.07955059153095, 37.07952908416693], [-122.07958179185836, 37.07947938440442], [-122.07959499350005, 37.07946069972656], [-122.07960728354618, 37.07944162235409], [-122.07961673486733, 37.079429928572225], [-122.07962530195421, 37.07941780327842], [-122.07964072537845, 37.07940024591008], [-122.07965529037665, 37.07938222504906], [-122.0796661278661, 37.07937132867092], [-122.0796761360212, 37.079359935765446], [-122.07969363202508, 37.079343675000594], [-122.07971033239988, 37.07932688389569], [-122.07972245048177, 37.07931689118636], [-122.0797338043419, 37.07930633899662], [-122.0797532057795, 37.079291530198496], [-122.07977187935566, 37.07927613182323], [-122.07978516087144, 37.07926713940307], [-122.0797977515479, 37.07925752912058], [-122.07981887140068, 37.0792443151491], [-122.07983933863449, 37.079230457559326], [-122.07985365744996, 37.07922255080183], [-122.07986736196715, 37.07921397638781], [-122.07988999539698, 37.07920248527201], [-122.07991206050781, 37.079190301073986], [-122.07992727708879, 37.07918355713622], [-122.07994196508663, 37.07917609996531], [-122.07996589656865, 37.079166441172916], [-122.07998934470788, 37.079156049033855], [-122.08000531258236, 37.0791505327603], [-122.08002084245226, 37.07914426483567], [-122.0800458407944, 37.07913653175855], [-122.08007044676945, 37.0791280313365], [-122.08008701207196, 37.079123795706245], [-122.08010323447124, 37.07911877743347], [-122.0801290582453, 37.0791130448158], [-122.08015458583343, 37.07910651765575], [-122.08017159012384, 37.07910360326364], [-122.08018834775271, 37.07909988326877], [-122.0802147485673, 37.079096206331116], [-122.08022244042253, 37.079094887926985], [-122.08018727175406, 37.07905822326291], [-122.08014057601689, 37.07899815882641], [-122.08010808000407, 37.07894546266617]], [[-122.08068661614655, 37.081639308284196], [-122.08068691090723, 37.08163981183686], [-122.08070090039244, 37.08167145931393], [-122.08073789627632, 37.0816623371096], [-122.08082445154075, 37.08164825210432], [-122.08091231311987, 37.08164103202523], [-122.08100063493676, 37.081640746571544], [-122.08108856643507, 37.08164739852646], [-122.08117526067984, 37.081660923639674], [-122.08125988300428, 37.08168119186614], [-122.08134161820294, 37.08170800787226], [-122.08141967927735, 37.081741113447045], [-122.08149331449395, 37.0817801899001], [-122.08156181477676, 37.081824860732574], [-122.08162452018271, 37.08187469574319], [-122.08168082705114, 37.081929215229536], [-122.08169091499492, 37.08194120622815], [-122.08175896518638, 37.081938381023505], [-122.08169974565857, 37.081887883596046], [-122.08164586709168, 37.08183181115376], [-122.0815991079804, 37.08177177754932], [-122.08155991845307, 37.081708360918576], [-122.0815286758973, 37.08164217209483], [-122.08150568132228, 37.08157384845081], [-122.08150096458301, 37.08155118257785], [-122.08149501971188, 37.081543512505505], [-122.08147653459618, 37.08152084726158], [-122.08147173110838, 37.08151346582234], [-122.0814662501945, 37.08150639444536], [-122.08145132388492, 37.081482106750855], [-122.08144086992942, 37.08146604227047], [-122.08142636245589, 37.081470214972036], [-122.08139877267935, 37.081475776712516], [-122.08137144284605, 37.08148210746018], [-122.08135597064023, 37.08148440507244], [-122.08134070965946, 37.08148748150476], [-122.08131257053213, 37.08149085001324], [-122.08128459957408, 37.081495003674036], [-122.08126892142393, 37.08149607512945], [-122.08125335691203, 37.08149793835031], [-122.08122494290335, 37.081499080687614], [-122.08119659681641, 37.081501017946934], [-122.08095749455642, 37.08150791793683], [-122.08093321827405, 37.08150766337232], [-122.08090895230687, 37.081508269087486], [-122.08090566060628, 37.08150809205196], [-122.08090236195808, 37.081508155004954], [-122.08088579321405, 37.081507166121575], [-122.08086917975741, 37.08150699193397], [-122.08084505091095, 37.081504832126186], [-122.08082082823957, 37.08150352926707], [-122.08081757452656, 37.081503094633405], [-122.08081428362291, 37.081502898221444], [-122.08079791538276, 37.081500612865874], [-122.08078140340056, 37.08149913485831], [-122.08075765519605, 37.0814950905446], [-122.08073370844949, 37.08149189173143], [-122.08073052294047, 37.081491203519796], [-122.08072727249775, 37.0814907497092], [-122.08071126257049, 37.08148718992747], [-122.08069501109145, 37.08148442231317], [-122.08067187335935, 37.081478532864345], [-122.08064843180084, 37.08147346853963], [-122.08064534524416, 37.08147253329831], [-122.08064216671076, 37.081471826569576], [-122.08062667016632, 37.08146702691637], [-122.0806108346959, 37.08146299614069], [-122.08058852806276, 37.08145531771298], [-122.08056581982848, 37.081448437060196], [-122.08056286316258, 37.08144726422355], [-122.08055978571294, 37.08144631102267], [-122.08054495006206, 37.081440317081665], [-122.080529684937, 37.08143506247135], [-122.08052262965333, 37.08143194526913], [-122.08055098328848, 37.08145709498648], [-122.08055139617962, 37.08145754257709], [-122.08055186145403, 37.0814579565911], [-122.08057765261914, 37.08148600786824], [-122.08060347664089, 37.08151400440916], [-122.08060383280014, 37.081514482387604], [-122.08060424511963, 37.081514930784856], [-122.0806264719408, 37.081544861057054], [-122.08064875516017, 37.081574762106236], [-122.08064905126702, 37.08157526593986], [-122.08064940663286, 37.081575744452856], [-122.08066785386013, 37.08160725729828], [-122.08068638285019, 37.08163878312372], [-122.08068661614655, 37.081639308284196]], [[-122.07520001999033, 37.05206705996296], [-122.07519973333282, 37.052067124071456], [-122.07518075016546, 37.05207226379852], [-122.07515723831614, 37.05207662843518], [-122.07513399243311, 37.052081827495876], [-122.07511425819942, 37.05208460698329], [-122.07509473864691, 37.05208823041178], [-122.07507080714772, 37.052090726757484], [-122.0750470365922, 37.052094074646256], [-122.07502705670814, 37.05209529034356], [-122.07502407121034, 37.05209560175558], [-122.07502292928703, 37.05214577465279], [-122.07520001999033, 37.05206705996296]], [[-122.06565371676673, 37.051240148378184], [-122.0655835210351, 37.05132348535951], [-122.06557347886721, 37.05133423029395], [-122.06556427203081, 37.0513454453083], [-122.06554702835427, 37.05136253157524], [-122.06553058923508, 37.05138012093994], [-122.06551928160103, 37.05139002498881], [-122.06550874745004, 37.05140046290053], [-122.0654894963808, 37.051416112826246], [-122.0654709862741, 37.051432325291756], [-122.06545852219372, 37.05144129304235], [-122.06544676205054, 37.05145085333018], [-122.06524536179784, 37.051599254316876], [-122.06522111577064, 37.051615434344775], [-122.065197445687, 37.05163215226564], [-122.06508618028107, 37.05170327743286], [-122.06508672553477, 37.05170777548897], [-122.06508668737665, 37.05173084350533], [-122.06508763316224, 37.05175390115792], [-122.06508662894323, 37.05176620765558], [-122.06508660856755, 37.05177853948427], [-122.06508374956861, 37.051801493957115], [-122.0650818711021, 37.05182451438805], [-122.06507936687316, 37.05183668250695], [-122.0650778384504, 37.051848953594394], [-122.06507218605995, 37.05187157317497], [-122.06506750156973, 37.051894334962725], [-122.06506352148602, 37.051906247169676], [-122.06506049972877, 37.051918339637886], [-122.06505695124785, 37.05192963048447], [-122.06505153674195, 37.0519732668612], [-122.06504725925811, 37.05199622881175], [-122.06504395161635, 37.05201929404453], [-122.06504074382447, 37.05203120431469], [-122.06503849889668, 37.0520432551303], [-122.0650314341115, 37.052065770010785], [-122.06502532169627, 37.052088464744955], [-122.06502323112267, 37.05209368144648], [-122.06504465394592, 37.05209119944821], [-122.0650838932658, 37.05208633555822], [-122.06541269018972, 37.052058735818676], [-122.0654210026408, 37.05205836728152], [-122.06542925253025, 37.05205746948855], [-122.06546506359547, 37.05205641356819], [-122.06550084337817, 37.05205482709581], [-122.06550916084468, 37.05205511337032], [-122.06551748089392, 37.05205486801774], [-122.06585177763374, 37.052058167984896], [-122.06588033931779, 37.05205957535281], [-122.06590894354729, 37.05206019089684], [-122.06592437513737, 37.05206174527476], [-122.06593989928864, 37.052062510210554], [-122.06596815026683, 37.05206615455379], [-122.06599654255653, 37.052069014341015], [-122.06632213966932, 37.05211491388014], [-122.06635810440496, 37.05212145645608], [-122.06639419913112, 37.05212753266726], [-122.06676059595989, 37.052204431940645], [-122.0667829128586, 37.05221006693592], [-122.0668055295352, 37.052214870308134], [-122.06682499042063, 37.05222069159308], [-122.06684480445134, 37.05222569465589], [-122.06686632558133, 37.052233056050625], [-122.06688824512572, 37.05223961282907], [-122.06689160201981, 37.052240770403316], [-122.06689145499831, 37.05223921162427], [-122.06689175664101, 37.05222857384822], [-122.06689114678464, 37.05221794440653], [-122.0668927592773, 37.05219321784283], [-122.06689346113399, 37.05216846581762], [-122.06689506214664, 37.052157903253146], [-122.06689575513212, 37.052147276757914], [-122.06690038342695, 37.0521227971928], [-122.06690410896273, 37.05209821822295], [-122.06690699427755, 37.05208783143783], [-122.06690898321075, 37.05207731140568], [-122.06691658246717, 37.05205331438244], [-122.06692329615845, 37.05202914543654], [-122.06692743777376, 37.052019035076874], [-122.06693070364906, 37.05200872222468], [-122.06694120098167, 37.05198543756684], [-122.06695083787749, 37.05196191258708], [-122.06697773839157, 37.05190571280543], [-122.06698449621602, 37.05189343315416], [-122.06699030782904, 37.05188084652464], [-122.06706976532415, 37.05173168942133], [-122.06706737583393, 37.051731221911645], [-122.06703258516798, 37.051722946374596], [-122.06699761904675, 37.05171515953972], [-122.06699027987244, 37.051712883466976], [-122.06698273675457, 37.051711089211665], [-122.06694912697424, 37.05170012080504], [-122.0669152802088, 37.05168962394124], [-122.06565371676673, 37.051240148378184]], [[-122.08741306551468, 37.0896846631408], [-122.08741309943113, 37.08968425560943], [-122.08741650595493, 37.08966074677796], [-122.08736133102505, 37.08967729755338], [-122.08734090887305, 37.08968252370877], [-122.08732084211812, 37.08968856989332], [-122.08729886153903, 37.08969328377126], [-122.08727718771124, 37.08969883019352], [-122.0872674860074, 37.08970049503844], [-122.08705496845732, 37.08982168214458], [-122.08693981286488, 37.08991698216497], [-122.08685737726155, 37.090013456251214], [-122.08685537824209, 37.09001737726195], [-122.08687739817678, 37.09002387283155], [-122.08695689871212, 37.09005471578324], [-122.08703224290309, 37.09009165267184], [-122.08710270500491, 37.09013432790549], [-122.08716760651545, 37.090182330460586], [-122.0872263224256, 37.09023519807593], [-122.087242058308, 37.09025252634051], [-122.08734825601509, 37.09013621437567], [-122.0874129823577, 37.089685067138355], [-122.08741306551468, 37.0896846631408]]]}}]}