{"type": "FeatureCollection", "name": "slv_catchment_half", "crs": {"type": "name", "properties": {"name": "urn:ogc:def:crs:OGC:1.3:CRS84"}}, "features": [{"type": "Feature", "properties": {}, "geometry": {"type": "Polygon", "coordinates": [[[-122.09645508744896, 37.09113260028882], [-122.09645574094412, 37.09115432373765], [-122.09645447770843, 37.09116795866768], [-122.0964542420288, 37.09118162982121], [-122.0964512106648, 37.09120322387578], [-122.09644920312456, 37.09122489360658], [-122.09644627789733, 37.091238363085694], [-122.09644437047902, 37.09125195056099], [-122.09643925493464, 37.09127116220343], [-122.09655054221606, 37.09135624181985], [-122.09661137697806, 37.091407549735614], [-122.09666564118298, 37.091463387391485], [-122.09671281213559, 37.09152321700672], [-122.09675243566664, 37.0915864623818], [-122.0967841301175, 37.091652514516944], [-122.09680759021121, 37.09172073732011], [-122.0968225900207, 37.09179047357845], [-122.09682898513752, 37.091861051915494], [-122.09682671372968, 37.09193179256785], [-122.09681579792407, 37.09200201424642], [-122.0967963426055, 37.092071040617306], [-122.09676853522622, 37.092138206970816], [-122.09673264348282, 37.09220286642364], [-122.096689013216, 37.09226439630305], [-122.0966380642914, 37.09232220397496], [-122.09658028760322, 37.09237573286082], [-122.09651623950363, 37.092424467263285], [-122.09644653689969, 37.092467937827685], [-122.09637185089811, 37.09250572609129], [-122.09629290079985, 37.09253746795345], [-122.09621044707488, 37.092562857768876], [-122.09612528379083, 37.09258165099447], [-122.09603823104396, 37.09259366665596], [-122.09595012728693, 37.09259878900214], [-122.09586182098568, 37.092596968793714], [-122.09577416274038, 37.09258822342336], [-122.095687996504, 37.09257263720954], [-122.09560415239318, 37.09255036025964], [-122.09552343781382, 37.092521607140334], [-122.09544663006001, 37.09248665465741], [-122.09537446891423, 37.092445839545476], [-122.09530764926386, 37.092399554805745], [-122.09512322298015, 37.09225855821294], [-122.09499725866296, 37.09217646768996], [-122.09498256096356, 37.09216588794361], [-122.09496716786742, 37.092155962350844], [-122.09461606743102, 37.091905860605934], [-122.0946068203628, 37.09189859216012], [-122.09459696611437, 37.09189185468833], [-122.09457531007025, 37.091873823989346], [-122.09455301563976, 37.09185629977506], [-122.09454470229707, 37.09184834005079], [-122.09453572003063, 37.091840861432296], [-122.09449099000841, 37.091799760461335], [-122.09446721389718, 37.09194242641675], [-122.09445124211626, 37.09201202406808], [-122.09442683163259, 37.09208003246801], [-122.09439421751257, 37.09214579673809], [-122.09435371367505, 37.092208683332736], [-122.09430571033629, 37.09226808678064], [-122.09425066978456, 37.09232343497108], [-122.09418912203736, 37.09237419479995], [-122.09412165982911, 37.0924198773601], [-122.09404893281398, 37.09246004285515], [-122.09397164144495, 37.09249430433907], [-122.09389053017223, 37.09252233190119], [-122.093806380094, 37.092543855585106], [-122.09372000161001, 37.09255866803701], [-122.09363222662951, 37.09256662679004], [-122.09354390057203, 37.09256765501467], [-122.0934558740243, 37.092561742807014], [-122.09336899463611, 37.09254894730724], [-122.09328409936865, 37.09252939155859], [-122.09320200572394, 37.092503263899175], [-122.09312350422704, 37.09247081610163], [-122.09304935103275, 37.092432360521805], [-122.09298026030406, 37.09238826751619], [-122.09291689727806, 37.09233896187309], [-122.09285987224251, 37.0922849183492], [-122.09280973451078, 37.09222665738648], [-122.09276696674195, 37.09216474020076], [-122.09273198084804, 37.09209976289085], [-122.09270511377854, 37.0920323514483], [-122.09268807698271, 37.091968591780876], [-122.09263003702205, 37.092210374284704], [-122.09262990948557, 37.092210793630606], [-122.09262983316624, 37.09221122075989], [-122.09262894544153, 37.09221489500543], [-122.09253893810485, 37.093169276908036], [-122.09253996186966, 37.09319733650851], [-122.09253933494101, 37.09322261050698], [-122.09253959331495, 37.093247887133856], [-122.09253845792242, 37.093257967067935], [-122.0925382069433, 37.09326808649087], [-122.09253449069494, 37.09329318937864], [-122.0925316549759, 37.0933183648067], [-122.09252929167775, 37.09332830707478], [-122.09252780375452, 37.09333835798995], [-122.0925210338021, 37.09336304828403], [-122.09251513140737, 37.09338787970546], [-122.09251156306013, 37.09339758848318], [-122.09250885239439, 37.09340747427888], [-122.09249909413695, 37.093431513517906], [-122.09249018168849, 37.09345576249423], [-122.09248544225242, 37.093465145016566], [-122.0924815353046, 37.09347476962536], [-122.09246888343718, 37.09349792552081], [-122.09245704606968, 37.09352135941988], [-122.09245118129898, 37.0935303247245], [-122.0924461156215, 37.09353959612978], [-122.09243069035051, 37.09356164857652], [-122.09241604364817, 37.0935840386043], [-122.09234304431618, 37.09368343908602], [-122.0923291116446, 37.09370044240748], [-122.09231607657729, 37.0937178980687], [-122.0923048877998, 37.09373000517665], [-122.09229456991304, 37.09374259696114], [-122.09227862401252, 37.093758424225975], [-122.09226351559565, 37.09377477259758], [-122.09220491578878, 37.093832072933616], [-122.09219306558678, 37.09384256480057], [-122.09218200830821, 37.09385359699507], [-122.09216345064308, 37.09386878516894], [-122.09214564882308, 37.09388454646625], [-122.09213257129746, 37.093894057764786], [-122.0921202179167, 37.09390416817639], [-122.09209989137256, 37.09391782601538], [-122.09208024651787, 37.09393211373873], [-122.09206606879884, 37.09394055205551], [-122.09205253726819, 37.093949644144296], [-122.09190373673927, 37.09404004486843], [-122.09183081735301, 37.094079987562104], [-122.09175336165133, 37.09411401231398], [-122.09167211565722, 37.094141791583276], [-122.09158786181654, 37.09416305769227], [-122.09150141164614, 37.094177605925175], [-122.09141359750008, 37.09418529608785], [-122.0913252653471, 37.094186054165334], [-122.09123726576185, 37.09417987279364], [-122.09115044626745, 37.09416681165191], [-122.09106564302107, 37.09414699631692], [-122.09098367271625, 37.09412061784017], [-122.09090532484848, 37.09408793016454], [-122.09083135397464, 37.09404924808158], [-122.09076247232186, 37.09400494419976], [-122.09070206865906, 37.09395758185747], [-122.09066858974889, 37.09396247409054], [-122.09058055142721, 37.093968288273615], [-122.09049222561931, 37.09396716185989], [-122.09040446301839, 37.0939591056109], [-122.09031810868042, 37.09394419704096], [-122.09023399449107, 37.09392257981844], [-122.09015293040693, 37.093894462166006], [-122.09007569716476, 37.093860114821354], [-122.09000303854641, 37.093819868543726], [-122.08993565432647, 37.09377411099467], [-122.08987419345375, 37.09372328289942], [-122.08981924791468, 37.093667873672636], [-122.08977134671035, 37.09360841695483], [-122.08973095119273, 37.09354548543825], [-122.08969845040849, 37.09347968506172], [-122.08967823223851, 37.09342306180938], [-122.08937971286933, 37.0935522390099], [-122.08936694169428, 37.09355713287342], [-122.08935460638878, 37.09356269819858], [-122.08932711802449, 37.09357239336342], [-122.0893000244907, 37.09358277562461], [-122.08928671613427, 37.093586643169196], [-122.0892737592219, 37.09359121307609], [-122.08924521801512, 37.093598702889395], [-122.08921698341915, 37.09360690814625], [-122.08920326536835, 37.09360971222089], [-122.08918981216883, 37.093613242601045], [-122.0891604912914, 37.093618455424654], [-122.08913138946374, 37.093624404021625], [-122.08911739527674, 37.093626117347554], [-122.0891035739105, 37.09362857457052], [-122.08907375449203, 37.09363146028138], [-122.08904406676106, 37.09363509488576], [-122.08902993087855, 37.09363570109824], [-122.08901587497562, 37.09363706131138], [-122.08888447372212, 37.0936445613071], [-122.08886847111164, 37.093644843977884], [-122.088852521803, 37.09364592830819], [-122.088824338641, 37.09364562332328], [-122.08879615858234, 37.09364612104987], [-122.08878019770327, 37.09364514576887], [-122.08876419323735, 37.093644972574694], [-122.08873618373946, 37.093642456243316], [-122.08870807780771, 37.09364073879382], [-122.08870242121775, 37.093639940852995], [-122.0887036895172, 37.09364502997396], [-122.08870940681722, 37.09366356256266], [-122.08871233107968, 37.09367970589605], [-122.08871631774342, 37.093695703254895], [-122.08875632016449, 37.09391070295522], [-122.08875953508623, 37.09393666635961], [-122.08876358495226, 37.09396255370217], [-122.08876389279399, 37.09397185830761], [-122.08876503977903, 37.09398112131704], [-122.08876506242986, 37.09400721252583], [-122.0887659252075, 37.09403329279355], [-122.08876509308206, 37.09404257701068], [-122.08876510111595, 37.094051885171176], [-122.08876193137381, 37.094077850530304], [-122.08875959878068, 37.09410387496403], [-122.08875763450324, 37.09411304970459], [-122.08875650364634, 37.09412231314722], [-122.08875017203776, 37.09414790491632], [-122.08874466633698, 37.09417362048392], [-122.08870466793282, 37.09431762084886], [-122.08869855330087, 37.09433545586554], [-122.08869348963758, 37.09435349861823], [-122.08868686363981, 37.094369552329155], [-122.0886812733407, 37.09438585800754], [-122.08867300635524, 37.09440312608795], [-122.0886657589577, 37.094420685312826], [-122.08865720039313, 37.09443614168629], [-122.08864964191419, 37.094451929797614], [-122.08863930139562, 37.09446846640991], [-122.08862994072109, 37.09448537120112], [-122.08861953250846, 37.094500080609826], [-122.08861007832493, 37.0945151997339], [-122.08859776488265, 37.09453084384864], [-122.08858638017429, 37.09454693326956], [-122.08857422120855, 37.09456075576364], [-122.08856296343936, 37.0945750585971], [-122.08854879510235, 37.094589660495764], [-122.08853549647506, 37.09460477854744], [-122.08852170528309, 37.09461757928537], [-122.08850875121752, 37.094630929728545], [-122.08849286413353, 37.094644349026034], [-122.08847777992256, 37.09465834994503], [-122.08846248884186, 37.094670006089835], [-122.08844796346256, 37.09468227529996], [-122.08843051041158, 37.09469438291634], [-122.08842132285412, 37.09470138645191], [-122.08837227104996, 37.094886629470935], [-122.08834972268177, 37.09495504928393], [-122.08831891087692, 37.095021369122726], [-122.08828013257207, 37.09508495046072], [-122.08823376113908, 37.09514518077724], [-122.08818024315646, 37.095201480113175], [-122.08812009396011, 37.09525330617536], [-122.0880538928501, 37.09530015997873], [-122.08798227741174, 37.09534159022007], [-122.0879059373847, 37.09537719782849], [-122.08782560786287, 37.09540663996972], [-122.08774206250511, 37.09542963314926], [-122.08765610607813, 37.09544595567924], [-122.0875685662061, 37.09545545058988], [-122.0874802860466, 37.09545802638451], [-122.0873921158353, 37.09545365823668], [-122.08730490466816, 37.09544238819728], [-122.08721949251577, 37.09542432477257], [-122.08713670201843, 37.09539964204949], [-122.08705733040763, 37.0953685776503], [-122.08698214198947, 37.095331430781364], [-122.08691186109202, 37.09528855911379], [-122.08684716456321, 37.09524037566059], [-122.08683500049366, 37.0952293466888], [-122.08646633304762, 37.095635955305106], [-122.08645406070161, 37.09564818068916], [-122.0864426412711, 37.095660924456176], [-122.08642639828219, 37.09567573717313], [-122.08641097506373, 37.09569110136861], [-122.08639726698924, 37.09570230341621], [-122.08638434216822, 37.09571409010364], [-122.08636636337926, 37.09572755726368], [-122.08634913579358, 37.09574163531673], [-122.08633412324461, 37.095751706959554], [-122.08631981818513, 37.09576242224087], [-122.08630027948324, 37.095774412060244], [-122.08628141094641, 37.095787070558615], [-122.08626523674901, 37.095795915724516], [-122.08624969088636, 37.09580545538883], [-122.0862287803378, 37.0958158527635], [-122.08620845258812, 37.095826969433325], [-122.08619127396508, 37.09583450207666], [-122.08617463569159, 37.095842775142664], [-122.08615255287538, 37.0958514809222], [-122.0861309633486, 37.095860947672655], [-122.08611294636717, 37.09586709497658], [-122.08609537530188, 37.09587402208764], [-122.08607233266949, 37.09588095227451], [-122.08604968962584, 37.095888678044844], [-122.08603100772724, 37.09589338104113], [-122.08601267313088, 37.09589889526436], [-122.08598889373411, 37.0959039827994], [-122.08596541412034, 37.09590989354253], [-122.0859462456431, 37.095913107182575], [-122.08592732561729, 37.09591715508455], [-122.08590303994565, 37.09592035081409], [-122.08587894837771, 37.09592438984948], [-122.08585947835782, 37.09592608301832], [-122.08584015476752, 37.095928625797654], [-122.08581559466121, 37.095929899328205], [-122.08579112511283, 37.095932027264716], [-122.08577154212321, 37.095932183567975], [-122.08575200003611, 37.09593319687089], [-122.08572740161979, 37.09593253587052], [-122.08570279031312, 37.095932732264416], [-122.08568328330973, 37.09593135027439], [-122.08566371043224, 37.095930824280444], [-122.08563930994622, 37.095928234897485], [-122.0856147946785, 37.095926498066895], [-122.0855955516509, 37.095923591222025], [-122.08557613641193, 37.09592153089984], [-122.08555217099294, 37.09591703830973], [-122.08552798551577, 37.09591338484061], [-122.08550918944383, 37.095908980783335], [-122.08549012121635, 37.09590540616266], [-122.08546682114546, 37.095899053516526], [-122.08544319898571, 37.095893518652694], [-122.0854250331158, 37.09588766026162], [-122.08540649333852, 37.09588260546348], [-122.08538408237948, 37.0958744538006], [-122.0853612515562, 37.09586709095225], [-122.08534388974829, 37.09585983428454], [-122.08532605810528, 37.09585334828994], [-122.08530475294278, 37.09584347644321], [-122.0852829326021, 37.095834356259424], [-122.085266542135, 37.09582577120344], [-122.08524959015816, 37.09581791645184], [-122.08522959535497, 37.095806419296075], [-122.08520899633048, 37.09579562984945], [-122.08519373577025, 37.09578579956726], [-122.08517782605927, 37.09577665131956], [-122.0851593343968, 37.095763639503666], [-122.08514015461557, 37.09575128463206], [-122.08512616968382, 37.09574030291358], [-122.08511145679627, 37.09572995007009], [-122.08509464691711, 37.09571554954798], [-122.08507707073754, 37.095701747767805], [-122.0850644972118, 37.09568972112618], [-122.08505112162963, 37.09567826266454], [-122.08503615392198, 37.09566261069717], [-122.08502035212177, 37.09564749619462], [-122.08500931103526, 37.09563454067419], [-122.08499740162699, 37.09562208674997], [-122.08498442166942, 37.09560533553738], [-122.08497054487435, 37.095589052528936], [-122.08496114164187, 37.095575291535106], [-122.08495081408849, 37.09556196337941], [-122.0849399468652, 37.095544274517344], [-122.084928128784, 37.09552697961829], [-122.08492045452188, 37.09551254645148], [-122.08491180766028, 37.09549847165536], [-122.08490315691006, 37.09548001414719], [-122.08489351232332, 37.095461875184085], [-122.08488764141529, 37.09544690959558], [-122.0848807580152, 37.09543222301734], [-122.08487440712085, 37.09541317418216], [-122.08486702877845, 37.09539436620271], [-122.08486301743604, 37.09537901249051], [-122.08485796409738, 37.0953638554436], [-122.08485397463406, 37.09534440000352], [-122.08484893317105, 37.09532510293221], [-122.0848468196966, 37.09530950678814], [-122.08484364560766, 37.09529402739204], [-122.08484205603756, 37.09527435376635], [-122.08483939986195, 37.09525475240347], [-122.08483920493228, 37.09523906542232], [-122.08483794015757, 37.09522341128797], [-122.08483594241268, 37.09512046482322], [-122.08483594231426, 37.09512046365064], [-122.08481795325655, 37.09419776363459], [-122.08481857414239, 37.094182908626735], [-122.08481813833892, 37.094168051052094], [-122.08481878629999, 37.094147773178385], [-122.08439467334895, 37.09415320557783], [-122.084335993158, 37.09425264473604], [-122.08430441574522, 37.09432893724426], [-122.08430433634926, 37.09432910167691], [-122.08430427772075, 37.0943292702361], [-122.08428841362468, 37.09436206115591], [-122.08427253404143, 37.09439493163723], [-122.08427243538608, 37.09439508816913], [-122.08427235599324, 37.09439525233138], [-122.08425248428007, 37.09442675349613], [-122.08423273081445, 37.094458105037205], [-122.08423261358348, 37.09445825295248], [-122.08423251447032, 37.09445841011178], [-122.08420888679922, 37.09448819574831], [-122.08418538943296, 37.09451784888936], [-122.08418525465413, 37.09451798693397], [-122.0841851367392, 37.09451813556503], [-122.08415804802517, 37.09454585108373], [-122.08413096567259, 37.094573588008224], [-122.08413081391713, 37.094573715465444], [-122.08413067902669, 37.09457385341899], [-122.08410034040092, 37.094599299434456], [-122.08406998372082, 37.09462478532449], [-122.08406981771842, 37.09462489978161], [-122.08406966607852, 37.094625026969226], [-122.08403628476864, 37.09464802011068], [-122.0840030308155, 37.094670947973675], [-122.08400285169994, 37.094671048718304], [-122.0840026851304, 37.0946711635315], [-122.08396662054359, 37.0946914421006], [-122.08393075190756, 37.09471163131154], [-122.08393056160249, 37.09471171745713], [-122.0839303814676, 37.0947118187346], [-122.08389207348, 37.0947291388718], [-122.08385384296623, 37.09474644355016], [-122.08385364203967, 37.09474651465037], [-122.0838534513958, 37.09474660088336], [-122.08381332305846, 37.094760789269394], [-122.08377304463326, 37.09477504940504], [-122.08377283579755, 37.09477510448927], [-122.0837726356628, 37.09477517523491], [-122.08355673407043, 37.09484157579947], [-122.083472810951, 37.094863666880315], [-122.08338658897361, 37.094879062042956], [-122.08329889835879, 37.094887613201365], [-122.08321058373116, 37.09488923773454], [-122.0831224955455, 37.0948839202231], [-122.083035482216, 37.09487171184755], [-122.0829503816798, 37.094852730052665], [-122.08286801364089, 37.09482715776617], [-122.08278917126931, 37.094795241170964], [-122.08271461390935, 37.094757287755435], [-122.08264505969221, 37.09471366301104], [-122.08258117826215, 37.09466478704032], [-122.08252358497211, 37.09461113063564], [-122.0824728345281, 37.09455321045207], [-122.08242941553245, 37.09449158427756], [-122.08239374615934, 37.09442684577085], [-122.08236617006617, 37.094359618300004], [-122.08234695252492, 37.09429054923331], [-122.08233627880807, 37.094220303887205], [-122.08233425157097, 37.09414955874533], [-122.08234089036743, 37.09407899505471], [-122.08235613127815, 37.09400929242304], [-122.08237982744326, 37.093941122062326], [-122.08241175060124, 37.0938751405814], [-122.08245159330798, 37.09381198333292], [-122.08249897193376, 37.093752258577815], [-122.08255343011095, 37.093696541563155], [-122.0826144434182, 37.093645368699676], [-122.08268142427424, 37.09359923300303], [-122.0826890218494, 37.09359496101509], [-122.08268753441563, 37.093594035311824], [-122.0826234248212, 37.09354535229689], [-122.08256558065713, 37.09349186982919], [-122.08251455911564, 37.09343410305053], [-122.08247085162385, 37.09337260823823], [-122.08243861172859, 37.093314684512094], [-122.08243122247154, 37.09331734955334], [-122.08240268662567, 37.09332504859456], [-122.08237446773894, 37.093333457948646], [-122.0823608524637, 37.09333633566992], [-122.08234750696508, 37.09333993632446], [-122.08231816645903, 37.09334535768806], [-122.08228905454897, 37.093351510764734], [-122.08227515312852, 37.09335330548665], [-122.08226143091238, 37.0933558410098], [-122.082246130774, 37.09335804098791], [-122.08223718805397, 37.0933589667371], [-122.0822283640873, 37.09336044884553], [-122.08220201169823, 37.093362748333384], [-122.08220184377662, 37.0933627700193], [-122.08220165811433, 37.09336277921878], [-122.08219340471663, 37.093363499373055], [-122.08215852308736, 37.093367110439786], [-122.08214951012185, 37.09336732957442], [-122.08214054741545, 37.09336811165921], [-122.08210538401457, 37.09336840248717], [-122.08207022765093, 37.09336925727308], [-122.08206123088615, 37.093368767667876], [-122.08205221595138, 37.093368842195794], [-122.08201718343498, 37.09336637041797], [-122.08198209462917, 37.09336446075584], [-122.08197320279031, 37.09336326724416], [-122.08196422048077, 37.09336263352], [-122.0819488203159, 37.09336093351265], [-122.08193354636146, 37.093358630724794], [-122.08191812117991, 37.09335711106959], [-122.08189016508726, 37.09335209035683], [-122.08186200823745, 37.09334784526749], [-122.08184708979609, 37.09334435429557], [-122.08183192467165, 37.093341630753976], [-122.08180471707612, 37.09333443894322], [-122.08177721567384, 37.09332800355691], [-122.08176279614923, 37.093323357962475], [-122.08174803738666, 37.09331945681707], [-122.08172184109796, 37.09331016345973], [-122.08169525928398, 37.09330159958618], [-122.08168147789179, 37.093295844256275], [-122.08166726715989, 37.09329080293145], [-122.08165336709841, 37.09328520289135], [-122.08164208590945, 37.09328008762165], [-122.0816303892272, 37.093275611198], [-122.08160366665066, 37.09326266686712], [-122.08157649199231, 37.09325034486865], [-122.08156589172972, 37.093244368803454], [-122.08155479832155, 37.0932389951973], [-122.08152978908959, 37.09322401533524], [-122.08150425218426, 37.09320961855062], [-122.0814944328771, 37.093202838082206], [-122.08148405181788, 37.09319662006006], [-122.08146099678746, 37.09317974931689], [-122.08143734351978, 37.0931634160352], [-122.08142840203342, 37.09315589789753], [-122.08141883084912, 37.09314889408585], [-122.08140793084748, 37.09314009395179], [-122.08140041433491, 37.09313339819801], [-122.08139230593747, 37.09312716036536], [-122.08137089245905, 37.093107099928524], [-122.08134886372731, 37.093087476586184], [-122.08134220305547, 37.09308022327465], [-122.08133489652215, 37.0930733784299], [-122.08131604105982, 37.093051733584474], [-122.0812965190881, 37.09303047468836], [-122.08129077756138, 37.09302273281685], [-122.0812843442134, 37.093015347676236], [-122.0812682278907, 37.09299232642899], [-122.081251401263, 37.09296963715917], [-122.08124663490709, 37.092961482068915], [-122.08124113589321, 37.09295362705569], [-122.08123423599226, 37.092942526975946], [-122.08122853111074, 37.0929320958873], [-122.0812219720621, 37.0929219916069], [-122.08121081592552, 37.092899704211504], [-122.08119878768153, 37.09287771085381], [-122.08119438668697, 37.092866882074425], [-122.08118909544758, 37.092856311407594], [-122.08118072015594, 37.092833255572025], [-122.08117144074924, 37.09281042339772], [-122.08116838581681, 37.09279930091598], [-122.08116441358685, 37.09278836593798], [-122.08115889971957, 37.092764763671504], [-122.08115245864302, 37.09274131268565], [-122.08115077930468, 37.09273000381704], [-122.0811481641943, 37.09271880965636], [-122.08114606428762, 37.092706509687865], [-122.08114485016665, 37.092695336658906], [-122.08114270404477, 37.09268425493075], [-122.08114102209215, 37.09266010717434], [-122.08113840387577, 37.092636012466336], [-122.08113856268922, 37.092624798335606], [-122.08113778275036, 37.09261360099795], [-122.08113906347391, 37.09258943797921], [-122.08113940591062, 37.09256525317727], [-122.08113960183465, 37.09256382553055], [-122.08111793524748, 37.09250147170322], [-122.08110843062474, 37.092467802445256], [-122.08109882862351, 37.09243416569334], [-122.08109869131786, 37.09243330145159], [-122.08109845111609, 37.09243245074469], [-122.0810931140189, 37.092398210745245], [-122.08108767174426, 37.09236396857829], [-122.08108764075533, 37.09236309641683], [-122.08108750603769, 37.09236223219509], [-122.08108638448212, 37.0923277492149], [-122.0810851577779, 37.0922932334201], [-122.08108523354271, 37.0922923637084], [-122.0810852052443, 37.09229149237904], [-122.0810883102317, 37.09225706576747], [-122.08109131065488, 37.092222641500214], [-122.08109149240018, 37.09222178234484], [-122.0810915708662, 37.09222091256393], [-122.08109887432818, 37.09218689031256], [-122.08110607117098, 37.09215287255255], [-122.08111427151758, 37.092123072633036], [-122.08111434933342, 37.092122843740356], [-122.08111439919927, 37.09212260922269], [-122.08112579966186, 37.09208130937797], [-122.08113521051004, 37.09205371716371], [-122.08114397197093, 37.092025986690125], [-122.08114684751891, 37.09201959823605], [-122.08114908173896, 37.092013047608795], [-122.08116182336936, 37.091986327162246], [-122.08117393545744, 37.091959418311745], [-122.08117757878613, 37.091953286484454], [-122.08118060377983, 37.09194694272489], [-122.08119655369735, 37.09192135098412], [-122.08121189962655, 37.09189552317262], [-122.0812162755911, 37.09188970692092], [-122.0812200622619, 37.0918836312782], [-122.08123906704637, 37.09185941448492], [-122.08125749876565, 37.091834916609706], [-122.08126256482427, 37.091829472481336], [-122.08126707702702, 37.0918237229049], [-122.08128895416291, 37.09180111418511], [-122.0813102937341, 37.091778182382164], [-122.08131600189118, 37.09177316201504], [-122.08132119551358, 37.09176779467984], [-122.08134573238311, 37.091747013585426], [-122.08135493450584, 37.09173892019913], [-122.08128854488234, 37.091731978363285], [-122.08120249605082, 37.09171598584659], [-122.08111881838889, 37.09169331372029], [-122.08103831763057, 37.091664180332295], [-122.08096176927617, 37.09162886608467], [-122.08088991040354, 37.0915877112966], [-122.08082343318955, 37.091541112187684], [-122.08076297763591, 37.09148951757601], [-122.08070912622186, 37.0914334244195], [-122.08066239732592, 37.09137337280673], [-122.08062324100868, 37.09130994114637], [-122.08059203447006, 37.091243740362636], [-122.08056907818279, 37.09117540800594], [-122.08055459315598, 37.09110560201159], [-122.08054871886897, 37.0910349948246], [-122.08055151189366, 37.090964266448076], [-122.08056294541285, 37.09089409785916], [-122.08058290906907, 37.09082516496859], [-122.08061121073945, 37.09075813151359], [-122.08064757773268, 37.09069364320817], [-122.08069166002173, 37.09063232100808], [-122.08074303278856, 37.09057475545208], [-122.08080120144348, 37.09052150102235], [-122.08086560574567, 37.09047307040809], [-122.08093562536943, 37.090429930132125], [-122.08101058615215, 37.09039249564219], [-122.0810897661035, 37.090361127481955], [-122.08117240265041, 37.09033612765173], [-122.08125770009418, 37.090317736962575], [-122.08134483684206, 37.090306132478496], [-122.08143297386374, 37.09030142595968], [-122.081681111735, 37.0902979521393], [-122.08164840193773, 37.09029654107345], [-122.08161602686992, 37.09029386324317], [-122.08158357293335, 37.09029185633427], [-122.08157211257296, 37.09029023105268], [-122.0815605364737, 37.09028927353012], [-122.08152864381601, 37.090284066215375], [-122.08149659284969, 37.09027952073375], [-122.08148538708687, 37.09027700350008], [-122.08147398325958, 37.09027514148926], [-122.08144287970762, 37.09026745457046], [-122.08141154095296, 37.09026041455723], [-122.0814006974043, 37.090257029551836], [-122.08138957601597, 37.09025428103319], [-122.08135956346597, 37.0902441890527], [-122.08132923620481, 37.09023472190896], [-122.0813188587851, 37.090230501666866], [-122.08130812753619, 37.09022689316526], [-122.08127949332801, 37.09021449263765], [-122.0812504714832, 37.09020269015162], [-122.08124066096664, 37.090197675656846], [-122.08123042239752, 37.09019324167986], [-122.08120344390758, 37.09017865274993], [-122.08117600516746, 37.090164627857604], [-122.08116685482159, 37.090158866706595], [-122.08115720866626, 37.09015365048381], [-122.08113214558229, 37.09013701371163], [-122.08110655465119, 37.09012090151349], [-122.08109815325383, 37.09011444965099], [-122.08108919173954, 37.090108501024375], [-122.08106628517024, 37.09008997656705], [-122.08104278850541, 37.090071932213775], [-122.08103521666133, 37.09006485147054], [-122.08102702651952, 37.09005822808171], [-122.08100649787471, 37.09003799523381], [-122.0809853210123, 37.09001819174212], [-122.08097865193297, 37.09001055047183], [-122.08097131160949, 37.09000331584747], [-122.08095335592587, 37.08998156667935], [-122.0809347055891, 37.08996019738192], [-122.08092900419601, 37.089952070183806], [-122.08092258374508, 37.08994429319395], [-122.08090737524425, 37.08992123818331], [-122.0808914296608, 37.08989850791005], [-122.0808867499322, 37.08988997173219], [-122.08088131211973, 37.08988172840151], [-122.08086899775356, 37.08985759052414], [-122.08085591001047, 37.089833717340646], [-122.08080901097297, 37.08973531702897], [-122.08080623208397, 37.08972850003421], [-122.08080279620627, 37.089721878327424], [-122.08079252724275, 37.08969488056849], [-122.08078158960652, 37.08966804925137], [-122.08077965808609, 37.08966104673662], [-122.0807770490541, 37.08965418734003], [-122.08077013308619, 37.089626514373066], [-122.08076253066217, 37.089598952274514], [-122.08076146516312, 37.08959183135864], [-122.08075970805346, 37.0895848005395], [-122.08075621107584, 37.08955671689695], [-122.08075201770036, 37.08952869140435], [-122.08075182863061, 37.089521521756154], [-122.08075094007621, 37.089514386166876], [-122.08075089593663, 37.08948616289172], [-122.08075015166702, 37.08945794329325], [-122.08075084067518, 37.08945079316142], [-122.08075082950994, 37.089443622368314], [-122.08075423898741, 37.08941552952537], [-122.08075695086069, 37.08938738944967], [-122.08075851125025, 37.089380328640445], [-122.08075937755089, 37.089373190609415], [-122.0807662079817, 37.08934550034714], [-122.08077234955692, 37.089317709106275], [-122.0807747664555, 37.089310804297654], [-122.08077650183257, 37.0893037692724], [-122.08081410308985, 37.08918286956285], [-122.08082360120223, 37.08915767214678], [-122.0808323046636, 37.08913229234716], [-122.08083636290405, 37.08912381704474], [-122.08083963847706, 37.08911512718243], [-122.08085217304787, 37.08909079835957], [-122.08086394041106, 37.08906622273529], [-122.08086901630013, 37.089058106593875], [-122.08087333916235, 37.08904971599923], [-122.08088620286344, 37.08903037778665], [-122.0808665188165, 37.089018319021726], [-122.0808019493383, 37.08897003085927], [-122.08074359901363, 37.08891690502711], [-122.0806920295346, 37.08885945301494], [-122.08064773772045, 37.0887982283553], [-122.08061115007914, 37.08873382045153], [-122.08058261904159, 37.08866684968062], [-122.08056241921446, 37.0885979609639], [-122.08055074508931, 37.088527817889904], [-122.08054770921382, 37.08845709584939], [-122.08055334080306, 37.08838647598511], [-122.08056758537373, 37.08831663833827], [-122.08059030605872, 37.08824825554907], [-122.08062128369023, 37.088181986096956], [-122.08066022013601, 37.088118468287455], [-122.08070674040398, 37.0880583137786], [-122.08076039631153, 37.08800210193109], [-122.0808206711696, 37.08795037398578], [-122.08086616627179, 37.08791830352289], [-122.08081076902022, 37.08786324619716], [-122.08076234292034, 37.087804065085585], [-122.08074488042298, 37.08777732956695], [-122.08065921394993, 37.08777598347224], [-122.08057149636215, 37.087767667580756], [-122.08048521857287, 37.08775250369337], [-122.0804012115644, 37.08773063788381], [-122.08032028438562, 37.08770228059794], [-122.0802432164079, 37.08766770497102], [-122.08017074981802, 37.087627244154994], [-122.08010358268707, 37.08758128756869], [-122.08004236157844, 37.0875302780457], [-122.07998767632205, 37.0874747066554], [-122.07994005353711, 37.08741510868607], [-122.07989995174871, 37.08735205810816], [-122.07986775717849, 37.08728616213272], [-122.07984377987847, 37.08721805532197], [-122.07982825076526, 37.08714839370694], [-122.07982131934006, 37.087077848009024], [-122.0798230524106, 37.08700709777086], [-122.07983343305229, 37.08693682431726], [-122.0798398286149, 37.086913470052274], [-122.07983827689323, 37.08691229151313], [-122.07981261889246, 37.08689361133396], [-122.07980624219417, 37.086887959846834], [-122.07979933983937, 37.08688271721075], [-122.07977663701433, 37.08686172154898], [-122.0797533875047, 37.08684111609221], [-122.07974773213901, 37.08683499020522], [-122.07974150537608, 37.086829231620264], [-122.07972148182715, 37.08680655553156], [-122.07970086412203, 37.086784222317334], [-122.07969598562072, 37.08677768195468], [-122.07969049319698, 37.0867714619616], [-122.0796769933382, 37.08675446193576], [-122.07966657885095, 37.08673980560041], [-122.07965523813607, 37.08672559746192], [-122.07964474248246, 37.086709075142196], [-122.07963329482588, 37.086692964673084], [-122.07962472392072, 37.08667756150187], [-122.0796151759455, 37.086662530956346], [-122.07960675225063, 37.08664526393438], [-122.079597330786, 37.08662833214959], [-122.07959068571483, 37.086612330341445], [-122.07958302256158, 37.08659662214865], [-122.07957675217698, 37.08657877718519], [-122.07956944741984, 37.08656118668003], [-122.07956479192434, 37.08654473915747], [-122.07955908780407, 37.08652850578031], [-122.07955503098019, 37.086510254609955], [-122.07954991344496, 37.0864921750353], [-122.07954729272737, 37.08647544187791], [-122.07954360202153, 37.0864588379687], [-122.07954060226606, 37.086440037938594], [-122.07953995223764, 37.086433379586076], [-122.07953864290816, 37.0864267841717], [-122.0795376624821, 37.08641360867265], [-122.07946977665605, 37.086383853280296], [-122.07942801839074, 37.08636102492132], [-122.07939053387818, 37.086446809035905], [-122.07893859486633, 37.08817681730495], [-122.07893214214002, 37.088196616048734], [-122.07892671834122, 37.08821661225766], [-122.07892099125372, 37.088230830135885], [-122.07891628000611, 37.08824528576039], [-122.07890743558802, 37.088264483532825], [-122.07889959170231, 37.08828395652064], [-122.07889215310122, 37.08829765559958], [-122.07888569550633, 37.088311672288555], [-122.0788745446758, 37.0883300833413], [-122.07886435620546, 37.088348846382296], [-122.0788552772092, 37.08836189551881], [-122.07884713589065, 37.088375337465976], [-122.07883378645121, 37.0883927837069], [-122.07882135109496, 37.088410656917794], [-122.07881071884357, 37.08842293068158], [-122.078800972441, 37.08843566824419], [-122.07878555311385, 37.08845198183904], [-122.07877099053445, 37.0884687928082], [-122.07875890749717, 37.0884801729188], [-122.07874764986911, 37.08849208342277], [-122.07873030915951, 37.08850710750763], [-122.07871375948538, 37.088522694258174], [-122.0787003423226, 37.088533070657896], [-122.078687681628, 37.08854403992319], [-122.07866858623497, 37.088557629854144], [-122.07865020925742, 37.088571842099775], [-122.07863558733526, 37.088581114835186], [-122.07862164524478, 37.08859103725987], [-122.07860097778166, 37.08860306302923], [-122.07858095159509, 37.08861576297511], [-122.07856526596734, 37.08862384263987], [-122.07855017663242, 37.08863262272457], [-122.07852813857482, 37.08864296709098], [-122.07850665378321, 37.08865403398596], [-122.07849005379323, 37.08866084358752], [-122.07847396407094, 37.088668395937304], [-122.07845076770656, 37.08867695950131], [-122.07842803117428, 37.08868628651223], [-122.07841067784972, 37.08869175987576], [-122.07839374175171, 37.08869801231198], [-122.07836960838011, 37.08870471350207], [-122.07834584095544, 37.08871220985967], [-122.0783279024784, 37.088716294026675], [-122.0783102819693, 37.088721186691814], [-122.07828544382727, 37.08872596069793], [-122.07826087479559, 37.088731554448096], [-122.07824252357076, 37.08873421019456], [-122.07822438878962, 37.088737695824484], [-122.07819908621552, 37.0887404964689], [-122.0781739509419, 37.088744134003754], [-122.07815536258153, 37.08874533601262], [-122.07813688924428, 37.08874738072772], [-122.07811136684586, 37.08874818097617], [-122.0780859065464, 37.088749827302756], [-122.07806725942339, 37.08874956389001], [-122.07804862599905, 37.08875014807462], [-122.07802312961113, 37.088748940373335], [-122.0779975895472, 37.08874857955034], [-122.07797906546335, 37.088746853211106], [-122.077960449237, 37.08874597139282], [-122.07793522131497, 37.08874276709178], [-122.07790985056229, 37.08874040267847], [-122.07754304722701, 37.088691502149885], [-122.07753771843414, 37.088690574444115], [-122.07753230819306, 37.08869001693938], [-122.07749456992772, 37.08868306240462], [-122.07745673124444, 37.088676474846764], [-122.07745154035767, 37.08867513284613], [-122.0774462256961, 37.088674153415845], [-122.07724772401515, 37.088629253027854], [-122.07722332593882, 37.088622682815576], [-122.07719861361453, 37.08861691942738], [-122.07718148748775, 37.08861141617091], [-122.07716399698147, 37.08860670610033], [-122.07714052144217, 37.08859825218918], [-122.07711663209867, 37.08859057557292], [-122.07664862896696, 37.08841837404472], [-122.07657026587418, 37.088385719182334], [-122.07649627552036, 37.08834706815425], [-122.07642737046443, 37.08830279311646], [-122.07636421421893, 37.08825332055878], [-122.07630741511548, 37.088199126839754], [-122.07625752005487, 37.088140733991146], [-122.07621500973399, 37.08807870436204], [-122.07618029331066, 37.08801363525862], [-122.07615370520936, 37.08794615333023], [-122.07613550159424, 37.08787690859239], [-122.07612585752457, 37.0878065678241], [-122.07612486590426, 37.087735808520186], [-122.07613253644102, 37.08766531203248], [-122.07614879504801, 37.08759575734543], [-122.07617348527813, 37.087527814236886], [-122.07620636907566, 37.08746213706431], [-122.07624713000497, 37.08739935839043], [-122.07629537546447, 37.08734008278101], [-122.07635064058235, 37.087284881066765], [-122.07641239346, 37.08723428479586], [-122.07648003905771, 37.08718878130704], [-122.07655292611844, 37.087148808736075], [-122.07663035272738, 37.08711475218358], [-122.07671157311434, 37.08708693944169], [-122.07679580510992, 37.087065638438425], [-122.07688223771753, 37.08705105441249], [-122.07697003822845, 37.08704332762536], [-122.07705836145718, 37.08704253253187], [-122.07714635661371, 37.08704867693248], [-122.07723317630948, 37.08706170150246], [-122.07731798453064, 37.08708148093562], [-122.07738035449904, 37.087101523096884], [-122.07764062819939, 37.08610527982946], [-122.07764429810912, 37.086094019899576], [-122.07764703394746, 37.08608259198536], [-122.07765544923437, 37.08605980583372], [-122.07766294353371, 37.08603681159674], [-122.07766797316172, 37.08602589440639], [-122.07767209413429, 37.086014735965556], [-122.0777552959725, 37.08582433657177], [-122.07776707543506, 37.08580110406075], [-122.07777801947299, 37.08577761266027], [-122.07778368733204, 37.08576834052084], [-122.07778853717637, 37.08575877528516], [-122.07780310166193, 37.08573658048357], [-122.07781686763889, 37.08571406073636], [-122.07818647136222, 37.08517776320056], [-122.0781977892414, 37.085163091596684], [-122.07820817160432, 37.08514798167148], [-122.07828114052046, 37.085053123428025], [-122.07823854642842, 37.085018741158], [-122.07818276980667, 37.084963871560504], [-122.07813397480079, 37.08490488616203], [-122.07809263123019, 37.08484235307873], [-122.07805913739108, 37.084776874393555], [-122.07803381562167, 37.08470908080318], [-122.07801691001683, 37.0846396252901], [-122.07800858313378, 37.084569176516574], [-122.07800891538697, 37.084498413140984], [-122.07801790322296, 37.08442801668247], [-122.07803546043979, 37.0843586648609], [-122.07806141758307, 37.084291025823276], [-122.07806482990249, 37.0842844952215], [-122.07802962532884, 37.084261137991746], [-122.07796744720552, 37.084210879020354], [-122.07791171751664, 37.08415597928046], [-122.07786297271205, 37.084096967565976], [-122.07782168226666, 37.08403441199148], [-122.07778824401278, 37.08396891526826], [-122.07776297972164, 37.08390110799919], [-122.07774613280725, 37.083831643252225], [-122.07773786536849, 37.083761190047056], [-122.07773825725528, 37.083690426947754], [-122.07774730435271, 37.083620035198734], [-122.07776491977705, 37.08355069296514], [-122.07779093374153, 37.083483067940364], [-122.0778250956542, 37.08341781141344], [-122.07786060740065, 37.0833583399082], [-122.07782372200624, 37.08332255441045], [-122.0778035037329, 37.08330085215266], [-122.0777826690226, 37.08327953179752], [-122.0776832695782, 37.08316683118914], [-122.0776800799736, 37.08316280967362], [-122.07767647512074, 37.083159018661036], [-122.07765640102849, 37.083132954371884], [-122.07763589950906, 37.08310710543412], [-122.07763321675723, 37.08310285196355], [-122.07763009371831, 37.08309879698169], [-122.07762244133697, 37.08308767451421], [-122.07758727489306, 37.08312477296003], [-122.07752721829901, 37.08317666073769], [-122.07746110291806, 37.083223582512844], [-122.07738956529187, 37.08326508621875], [-122.07731329443604, 37.08330077220841], [-122.07723302504643, 37.08333029680764], [-122.0771845630309, 37.08334369217372], [-122.07714262854412, 37.08336664500085], [-122.07706516620802, 37.08340064378493], [-122.07698391734567, 37.08342839574389], [-122.07689966456338, 37.083449633567795], [-122.07681321907445, 37.08346415272841], [-122.07672541358696, 37.08347181340712], [-122.07663709362265, 37.08347254186983], [-122.07658001320274, 37.08346851256341], [-122.07659194809533, 37.083553204852066], [-122.07659753874174, 37.0836238267644], [-122.07659446262603, 37.08369454768087], [-122.0765827491375, 37.08376468655289], [-122.07656251108237, 37.083833567757026], [-122.0765339434758, 37.0839005280264], [-122.07649732121966, 37.08396492247226], [-122.07645299722702, 37.0840261308794], [-122.07640139818477, 37.08408356389318], [-122.07634302111605, 37.08413666822121], [-122.07627842813208, 37.08418493263239], [-122.07620824131874, 37.08422789215398], [-122.07614585906636, 37.084258824597846], [-122.07615620706076, 37.08426862345196], [-122.0762063729944, 37.084326865778245], [-122.07624917187307, 37.08438876716165], [-122.07628419148266, 37.0844537312794], [-122.07631109477792, 37.084521132647076], [-122.07632962240407, 37.08459032213649], [-122.07633959599508, 37.08466063340093], [-122.0763409195595, 37.08473138928586], [-122.07633212197304, 37.08493798946302], [-122.07632955170929, 37.084962685590426], [-122.07632788983075, 37.08498743034732], [-122.0763258838645, 37.08499792655354], [-122.07632478257075, 37.08500850858821], [-122.07631920314029, 37.0850328843567], [-122.07631452201578, 37.085057378985105], [-122.07631124180186, 37.085067666417565], [-122.0763088509847, 37.08507811176152], [-122.07630031596865, 37.08510193259295], [-122.07629266075719, 37.08512594118708], [-122.07628813751889, 37.0851359221064], [-122.07628448046546, 37.08514612872192], [-122.07627307334472, 37.08516916243379], [-122.07626251668228, 37.08519245642233], [-122.07625679366235, 37.08520203471491], [-122.0762519058779, 37.08521190435492], [-122.0762377354054, 37.085233931670835], [-122.07623654642427, 37.085235921619166], [-122.07630124393195, 37.085252848043886], [-122.07638211541995, 37.08528130236357], [-122.07645911622552, 37.08531597028634], [-122.07653150502398, 37.08535651784804], [-122.0765985844865, 37.085402554730415], [-122.0766597086674, 37.08545363738305], [-122.0767142890201, 37.08550927393724], [-122.0767617997437, 37.08556892866405], [-122.076801783348, 37.08563202697485], [-122.07683385485942, 37.08569796122264], [-122.07685770512649, 37.085766096496364], [-122.07687310468728, 37.08583577650969], [-122.07687990503858, 37.08590633037132], [-122.07687804081574, 37.08597707846074], [-122.07686752982121, 37.086047339459355], [-122.07684847339813, 37.08611643675333], [-122.07682105489114, 37.086183704821636], [-122.07678553844057, 37.086248495987356], [-122.07674226598937, 37.08631018607346], [-122.07669165427683, 37.086368181140266], [-122.07663419084037, 37.08642192250244], [-122.07657042899366, 37.08647089263965], [-122.07650098281765, 37.08651462002551], [-122.07642652103274, 37.08655268340707], [-122.07634776086886, 37.08658471626445], [-122.0762654608231, 37.086610410180235], [-122.07618041342606, 37.08662951748765], [-122.07609343777749, 37.08664185436762], [-122.07600537165699, 37.086647301869235], [-122.07591706306333, 37.086645807646775], [-122.07575279360412, 37.08663655308716], [-122.07572090154913, 37.08663632002721], [-122.0756696517356, 37.08664052743474], [-122.07562847594492, 37.086642278435825], [-122.07558730980475, 37.08664424448112], [-122.07558437779232, 37.08664415366015], [-122.07558144766381, 37.08664427828782], [-122.07554025532497, 37.08664278743354], [-122.07549904744029, 37.08664151133692], [-122.07544590271347, 37.08663776689012], [-122.07546566094952, 37.08665076593492], [-122.0755280989597, 37.086700819192096], [-122.075584112381, 37.086755534390804], [-122.07563316214076, 37.08681438470777], [-122.07567477558158, 37.08687680318409], [-122.07570855201249, 37.0869421888976], [-122.07573416613583, 37.08700991203697], [-122.07575137123203, 37.087079320416315], [-122.07576000156114, 37.08714974562316], [-122.07575997408618, 37.0872205094316], [-122.0757512889571, 37.08729093038624], [-122.0757340298851, 37.08736033011482], [-122.07570836293245, 37.087428040440024], [-122.07567453531729, 37.08749340922936], [-122.07563287285959, 37.08755580695571], [-122.07558377675957, 37.08761463262183], [-122.07552771970107, 37.08766931967948], [-122.07546524173482, 37.087719341496395], [-122.07539694447986, 37.08776421635932], [-122.07532348566731, 37.087803512029026], [-122.07524557267375, 37.0878368501072], [-122.07516395595286, 37.08786390950112], [-122.07507942156992, 37.087884429610824], [-122.07500494102324, 37.08789627866982], [-122.07498896336025, 37.0879175739426], [-122.07497103173804, 37.08794249877102], [-122.07480623295999, 37.08814759984636], [-122.07478444896792, 37.08817199206021], [-122.07476312370454, 37.08819664213314], [-122.07475875868249, 37.08820075837911], [-122.0747548360931, 37.08820515056927], [-122.07473017216219, 37.0882277153448], [-122.07470593414592, 37.088250571615], [-122.07470108735356, 37.08825432453231], [-122.07469664555127, 37.08825838834648], [-122.07466933892032, 37.088278908130675], [-122.07464242170623, 37.08829975067272], [-122.0744108212883, 37.08846225176666], [-122.0744005124955, 37.0884687974738], [-122.07439079162056, 37.088475896449395], [-122.07436591991784, 37.08849076258548], [-122.07434159734548, 37.08850620656163], [-122.0743305365799, 37.08851191160895], [-122.07431999469, 37.08851821265305], [-122.07407512676357, 37.0886501012759], [-122.07399223788549, 37.088698846095205], [-122.07392813968534, 37.088770990488335], [-122.07389784778765, 37.08886053018439], [-122.0738705860371, 37.088927839305796], [-122.07383522026427, 37.08899268371495], [-122.07379209088033, 37.08905443869102], [-122.07374161354431, 37.08911250975596], [-122.07368427404275, 37.08916633741211], [-122.07362062483915, 37.08921540333547], [-122.0735512787168, 37.089259235013756], [-122.07347690365881, 37.08929741039399], [-122.07339821593884, 37.08932956161502], [-122.07331597320619, 37.089355379190316], [-122.07323096781751, 37.089374614390096], [-122.0731440181378, 37.089387082058096], [-122.07305596177144, 37.08939266200116], [-122.07296764676484, 37.08939130063326], [-122.07287992350456, 37.08938301091222], [-122.07279363705926, 37.08936787282075], [-122.07270961819341, 37.08934603203403], [-122.0726286762903, 37.089317698872684], [-122.07255159071124, 37.08928314634202], [-122.07247910396808, 37.08924270710365], [-122.07241191399369, 37.089196770620376], [-122.07235066811131, 37.0891457794128], [-122.07229595600238, 37.089090224406746], [-122.072248304582, 37.08903064074639], [-122.07220817266577, 37.08896760225341], [-122.07217594687356, 37.08890171598631], [-122.07215193753783, 37.08883361643896], [-122.07213637573922, 37.088763959568006], [-122.07212941147635, 37.088693416107866], [-122.07213111160402, 37.08862266542503], [-122.07214145991342, 37.08855238902851], [-122.07216035665652, 37.08848326353528], [-122.07223275890512, 37.0882692640823], [-122.07224100863958, 37.08824889647865], [-122.072248267605, 37.088228284776804], [-122.07225463320792, 37.08821525909307], [-122.0722600218489, 37.088201955256594], [-122.07227072456324, 37.08818233219524], [-122.07228046970128, 37.088162391110274], [-122.07228839756534, 37.08814992921119], [-122.0722953885709, 37.08813711141223], [-122.07230844170755, 37.08811842165258], [-122.07232057863186, 37.088099343433086], [-122.07232999247604, 37.088087564696394], [-122.07233851851048, 37.08807535688961], [-122.07235379495158, 37.08805778268886], [-122.07236820803074, 37.08803974878046], [-122.07260960924795, 37.087768050248876], [-122.0726164313385, 37.08776111885422], [-122.07262259763819, 37.08775380383402], [-122.07264376503282, 37.087733347023715], [-122.07266430032287, 37.08771248252225], [-122.07267193727625, 37.08770612050905], [-122.0726789691205, 37.08769932460836], [-122.07270253725679, 37.08768062851036], [-122.07272552641429, 37.08766147700146], [-122.07273390514325, 37.08765574509204], [-122.07274173444362, 37.08764953430029], [-122.07276747552774, 37.08763277957258], [-122.07279269814812, 37.08761552474656], [-122.0728017383203, 37.08761047810806], [-122.07281028929985, 37.08760491231529], [-122.07302488841664, 37.08747871320375], [-122.07304040651972, 37.08747049459859], [-122.07305531432647, 37.08746158417602], [-122.07326797290729, 37.08734704470543], [-122.07336112065907, 37.0872816887358], [-122.07338967447303, 37.087246152883274], [-122.07341043255786, 37.08719158079807], [-122.07343587972181, 37.08709691775472], [-122.07343098461361, 37.08694929391418], [-122.07334114882603, 37.086705789422716], [-122.07333830665385, 37.086696415667284], [-122.07333463604408, 37.08668722680485], [-122.0732011459083, 37.08628624389694], [-122.07316736619545, 37.08618617925201], [-122.07287697348286, 37.08569824614243], [-122.07287645729355, 37.0856972564288], [-122.07287582536814, 37.0856963097084], [-122.07285942004307, 37.08566459360081], [-122.07284291670088, 37.08563295406443], [-122.07284252414489, 37.08563192890079], [-122.07284201102252, 37.08563093686735], [-122.0728295723225, 37.08559810410825], [-122.07281701208377, 37.08556530203652], [-122.07281674643815, 37.08556424947102], [-122.07281635771997, 37.085563223345744], [-122.0727490600047, 37.08534812292522], [-122.07274641448984, 37.08533747629616], [-122.07274287077307, 37.08532699778546], [-122.07273779591893, 37.08530279217951], [-122.07273181461272, 37.085278721005], [-122.07273048435957, 37.08526791754063], [-122.07272823977596, 37.085257211579155], [-122.0727261508129, 37.08523272446707], [-122.07272314323164, 37.08520829903872], [-122.07272314114131, 37.08519744313195], [-122.07272221716183, 37.08518661255715], [-122.0727231341594, 37.08516207990195], [-122.07272312927226, 37.0851375352608], [-122.0727244553093, 37.085126731112965], [-122.07272486089524, 37.08511588046696], [-122.07275356429099, 37.08482548073034], [-122.07275596475817, 37.084810551083166], [-122.07275731035544, 37.08479553566779], [-122.07276160371097, 37.084775479158964], [-122.07276484875939, 37.08475529682099], [-122.07276906445693, 37.084740626816874], [-122.07277224044691, 37.084725790127514], [-122.07277896707289, 37.08470616683512], [-122.07278466550123, 37.0846863370154], [-122.07279065496087, 37.084672070102215], [-122.07279563138526, 37.08465755279226], [-122.07280472687228, 37.08463855132458], [-122.07281282346321, 37.08461926540743], [-122.07282052990126, 37.08460553698066], [-122.07282725810983, 37.08459148099926], [-122.07297319095251, 37.08432632024775], [-122.07293857345907, 37.084323091158936], [-122.07285226422007, 37.08430805733507], [-122.07276820993924, 37.08428631809555], [-122.07268722006904, 37.08425808294975], [-122.0726357524181, 37.084235093358274], [-122.0726350992541, 37.084235290884806], [-122.07254980692689, 37.08425367590737], [-122.07246267591968, 37.08426527446743], [-122.0723745455919, 37.08426997477316], [-122.07228626450492, 37.08426773172041], [-122.0721986829971, 37.0842585667446], [-122.07211264440221, 37.08424256820264], [-122.07202897763648, 37.08421989023317], [-122.07194848810396, 37.0841907511528], [-122.07187195130498, 37.08415543160304], [-122.07180010409458, 37.08411427168716], [-122.07173363864324, 37.084067667948], [-122.07167319483838, 37.084016069071446], [-122.07161935481655, 37.08395997214742], [-122.07157263717983, 37.083899917215845], [-122.0715334918738, 37.0838364828993], [-122.0715022956548, 37.08377027987716], [-122.07147934922611, 37.08370194590509], [-122.0714648732725, 37.08363213893304], [-122.07145900729302, 37.08356153141713], [-122.0714618078889, 37.08349080318505], [-122.07147324782484, 37.08342063547944], [-122.0714932171273, 37.08335170402571], [-122.07152152338864, 37.08328467263471], [-122.07155789387012, 37.08322018690954], [-122.07160197839436, 37.08315886777849], [-122.07165335245163, 37.08310130593092], [-122.07166888344165, 37.08308708816304], [-122.07166489239707, 37.08306664729375], [-122.07166036312748, 37.0830325699225], [-122.07165570003185, 37.08299846959936], [-122.071655685066, 37.08299737194032], [-122.07165554006782, 37.08299628128583], [-122.0716552016712, 37.082962005872396], [-122.07165473290154, 37.082927710058144], [-122.07165485221783, 37.082926616695296], [-122.07165484140667, 37.082925519699764], [-122.07165869850188, 37.082891376913146], [-122.07166242711419, 37.08285721527275], [-122.07166267957123, 37.08285613674349], [-122.07166280304305, 37.082855043953984], [-122.07167082046584, 37.08282136081571], [-122.07167870866235, 37.08278766413566], [-122.07167909176982, 37.082786610876674], [-122.07167934838324, 37.08278553283059], [-122.07169144734785, 37.082752643050725], [-122.07170342061946, 37.08271972650552], [-122.07170393088452, 37.08271870813434], [-122.07170431803125, 37.08271765571811], [-122.07172037986359, 37.08268587962344], [-122.07173632490856, 37.08265405664093], [-122.07173695737045, 37.082653083214275], [-122.07173747132941, 37.082652066314076], [-122.07175734534515, 37.0826217014452], [-122.0717771048541, 37.08259128700103], [-122.07177785320768, 37.08259036811439], [-122.07177848924974, 37.08258939624789], [-122.07180198591627, 37.082560733801415], [-122.07182536750963, 37.08253202195423], [-122.07182622455976, 37.08253116638487], [-122.07182697649337, 37.08253024905829], [-122.07185386692046, 37.08250356955636], [-122.07188064811174, 37.08247683240514], [-122.07188160577326, 37.082476048112056], [-122.0718824662875, 37.082475194372165], [-122.07191248615787, 37.08245075903995], [-122.07194241431654, 37.082426249788696], [-122.07194346360876, 37.082425544363346], [-122.07194442416531, 37.082424762436034], [-122.071977291781, 37.08240280027292], [-122.07201007132151, 37.08238076124318], [-122.07201120135693, 37.08238014181142], [-122.07201225343063, 37.082379438841], [-122.07204765038658, 37.08236016305532], [-122.07208296743737, 37.08234080478676], [-122.07208416824719, 37.08234027694925], [-122.07208530083693, 37.082339660150815], [-122.07212287785472, 37.08232326027342], [-122.07216040077536, 37.08230676522381], [-122.07216166037034, 37.08230633420485], [-122.07216286294276, 37.082305809354935], [-122.07220228408293, 37.08229243301652], [-122.07224162559204, 37.082278970499246], [-122.07224293064185, 37.08227864079159], [-122.07224419279038, 37.08227821249592], [-122.07228506172542, 37.08226799594856], [-122.0723258595332, 37.082257688059876], [-122.07232719976909, 37.08225746219714], [-122.07232850714543, 37.08225713539121], [-122.07237039891669, 37.08225018257427], [-122.0724122915309, 37.082243123023545], [-122.0724136537604, 37.0822430034264], [-122.07241499406656, 37.082242780988516], [-122.07245752711589, 37.08223915201345], [-122.0725000891467, 37.08223541562283], [-122.07250145917808, 37.082235403622434], [-122.07250282046562, 37.0822352874422], [-122.07254560073183, 37.08223501600291], [-122.0725570111748, 37.08223491576382], [-122.07253293359895, 37.082050452434494], [-122.0724091923299, 37.08207718000172], [-122.0721116325198, 37.082158805810955], [-122.07209339272288, 37.08216302045607], [-122.07207547616706, 37.08216804645188], [-122.07205098553955, 37.082172819452694], [-122.0720267685094, 37.082178415221925], [-122.0720081014483, 37.082181177062786], [-122.0719896556569, 37.082184771991415], [-122.07196469889017, 37.082187598724154], [-122.07193991402647, 37.08219126572786], [-122.07192099857588, 37.08219254840032], [-122.07190220219036, 37.08219467733249], [-122.07072452836957, 37.08228110585071], [-122.07051653542531, 37.082307029792226], [-122.07050966440802, 37.082539755505614], [-122.07050798280326, 37.08255824504627], [-122.07050738186402, 37.082576778031026], [-122.07050477526636, 37.0825935131425], [-122.07050324557673, 37.08261033223154], [-122.0704993101009, 37.0826286009315], [-122.0704964447004, 37.0826469971831], [-122.07049180363686, 37.08266344547829], [-122.07048822345298, 37.082680064970845], [-122.07048207133522, 37.08269793815986], [-122.07047696963542, 37.082716019241225], [-122.07047033877113, 37.08273202368527], [-122.07046474246005, 37.08274828222922], [-122.07045643388271, 37.082765585146056], [-122.07044914421084, 37.08278317971851], [-122.07036254590953, 37.08296228034744], [-122.070346884128, 37.0829904790376], [-122.07033166633559, 37.08301883074791], [-122.0703289355032, 37.08302279496005], [-122.07032663773987, 37.083026932119964], [-122.07030760070008, 37.08305376622009], [-122.07028898846897, 37.083080785278916], [-122.07028578615312, 37.08308451566695], [-122.07028299297956, 37.083088452798016], [-122.07026076487325, 37.08311366261363], [-122.07023893653691, 37.0831390900016], [-122.07023529275645, 37.08314255137538], [-122.07023203187302, 37.08314624966367], [-122.0702068287764, 37.083169590442814], [-122.07018199251243, 37.083193183329], [-122.07017794278241, 37.08319634189356], [-122.07017424510595, 37.08319976633621], [-122.07014630655388, 37.083221016496346], [-122.07011870470649, 37.083242544396384], [-122.06998640693466, 37.083336050145164], [-122.07003336596169, 37.08334445219214], [-122.07011851850096, 37.083363245570844], [-122.07020096197007, 37.08338863543911], [-122.07027990213855, 37.083420377156436], [-122.0703545790449, 37.08345816505772], [-122.07042427337291, 37.08350163538739], [-122.07048831406475, 37.083550369333224], [-122.07054608422703, 37.08360389766936], [-122.0705970276049, 37.08366170495307], [-122.07064065347402, 37.08372323433987], [-122.07067654174634, 37.08378789330216], [-122.07070434684002, 37.08385505924766], [-122.07072380087347, 37.08392408522292], [-122.07073471651067, 37.08399430651565], [-122.07073698857405, 37.08406504688671], [-122.07073059520366, 37.084135625069166], [-122.07071559789178, 37.08420536125871], [-122.07069214106279, 37.08427358396086], [-122.07066045053708, 37.084339636108794], [-122.0706208316516, 37.08440288162895], [-122.0705736659257, 37.08446271136446], [-122.07051940738802, 37.08451854908607], [-122.07045857879525, 37.08456985714179], [-122.07039176583537, 37.08461614127938], [-122.07031961189006, 37.08465695574383], [-122.07024281201804, 37.08469190764731], [-122.07016210582766, 37.08472066015897], [-122.07011074564043, 37.08473430734409], [-122.0701136432691, 37.084735382536564], [-122.07014850071944, 37.08475002115501], [-122.07018354347957, 37.08476435654386], [-122.07018760169707, 37.084766441745884], [-122.07019187330536, 37.084768235666736], [-122.0702247706862, 37.084785540371705], [-122.07025789220754, 37.084802559188944], [-122.07049389127613, 37.08493735817482], [-122.07050010015347, 37.084941286544264], [-122.07050668434785, 37.084944801950336], [-122.07079908343218, 37.08511810063406], [-122.0708181212646, 37.085130586957646], [-122.07083781800483, 37.08514239752525], [-122.0712519172149, 37.08541709551344], [-122.07125195992442, 37.085417126855994], [-122.0712520049379, 37.08541715379974], [-122.07163450412577, 37.08567095195892], [-122.07164093589459, 37.085675664516764], [-122.07164781203056, 37.08567995734687], [-122.0716735159484, 37.085699535630916], [-122.07169968376098, 37.085718708486624], [-122.07170550805272, 37.08572390340083], [-122.07171182576697, 37.08572871547771], [-122.07173500884029, 37.08575021616647], [-122.07175870682825, 37.085771353291314], [-122.07176386821168, 37.085776981363324], [-122.07176956608312, 37.085782265695], [-122.07179000625406, 37.08580548234678], [-122.07181100501805, 37.08582837958519], [-122.07181545274874, 37.085834385523626], [-122.0718204769307, 37.085840092112676], [-122.07183797843524, 37.08586480244664], [-122.07185607455423, 37.08588923799861], [-122.07185976623873, 37.085895564414066], [-122.0718640678989, 37.085901637984044], [-122.07187846227508, 37.085927604248496], [-122.07189348129684, 37.085953342568864], [-122.0718963811147, 37.08595992815715], [-122.07189991910671, 37.08596631051709], [-122.07191106719254, 37.08599328175845], [-122.07192286518027, 37.08602007591246], [-122.07192494542939, 37.08602685790042], [-122.0719276854049, 37.08603348694628], [-122.07195248621437, 37.0861050867541], [-122.07196162899554, 37.08613759706787], [-122.07197100307874, 37.08617006385061], [-122.07197133458817, 37.08617210865057], [-122.07197190019411, 37.086174120037846], [-122.07197702167356, 37.08620719290165], [-122.07198237830633, 37.08624023830987], [-122.07198245793249, 37.08624229889617], [-122.07198277490664, 37.086244345475265], [-122.07198382548329, 37.0862776648328], [-122.07198511320793, 37.08631096819829], [-122.07198494039885, 37.08631302518661], [-122.0719850053877, 37.0863150866499], [-122.0719819746379, 37.086348325302836], [-122.07197918141215, 37.08638157221418], [-122.07197875775782, 37.08638360587636], [-122.07197857021494, 37.086385662388786], [-122.07197148801438, 37.08641850075461], [-122.0719646401283, 37.08645137042918], [-122.07194384101827, 37.0865278705929], [-122.07194100039702, 37.086536304460004], [-122.07193894560547, 37.0865448829315], [-122.07192950050049, 37.08657044808651], [-122.07192083012876, 37.08659619083969], [-122.07191697132052, 37.086604361011254], [-122.07191387689569, 37.086612736824364], [-122.07190134931979, 37.08663743739006], [-122.07188957122058, 37.08666237520862], [-122.07188473141163, 37.08667020301256], [-122.07188062713871, 37.08667829545419], [-122.07186513744284, 37.086701894130734], [-122.07185036537251, 37.08672578614774], [-122.07184459150334, 37.08673319578246], [-122.07183951657868, 37.08674092745807], [-122.07182121357238, 37.08676319690304], [-122.07180359018481, 37.086785813113735], [-122.07179693768953, 37.08679273353127], [-122.07179094118058, 37.08680002955721], [-122.07177000176945, 37.08682075445609], [-122.07174969611509, 37.08684187786193], [-122.07174222858289, 37.08684824285551], [-122.07173536861988, 37.0868550325654], [-122.07171199597606, 37.08687401205125], [-122.07168920212763, 37.08689344063228], [-122.07168099141425, 37.086899188927354], [-122.07167333416568, 37.0869054068557], [-122.07120663351598, 37.08724890928402], [-122.0711944842863, 37.08725700764764], [-122.07118299564286, 37.08726570394266], [-122.07116055137108, 37.087279626449465], [-122.07113873398906, 37.08729416933611], [-122.07112565320992, 37.08730127426755], [-122.07111315511091, 37.0873090269986], [-122.07108911529521, 37.08732112004772], [-122.07106562383356, 37.08733387964377], [-122.0710517362112, 37.087339923431806], [-122.07103835030726, 37.08734665711162], [-122.07082914909475, 37.087440757850466], [-122.07080588349788, 37.08745005085877], [-122.0707831066769, 37.087460088911165], [-122.07076638239752, 37.08746582884156], [-122.07075010031312, 37.087472332472856], [-122.07072581116641, 37.087479753445855], [-122.07070191449905, 37.087487955034526], [-122.07068456896019, 37.08749235394405], [-122.070667569147, 37.08749754779818], [-122.07064248662238, 37.08750302615546], [-122.07061770388485, 37.08750931117342], [-122.0703897019831, 37.08755741161232], [-122.0703648407906, 37.08756162347022], [-122.07034022243246, 37.08756666191467], [-122.07032165903254, 37.08756893907002], [-122.07030328378478, 37.087572052120684], [-122.07027802643452, 37.08757429148243], [-122.07025291081013, 37.087577372412476], [-122.06999410837336, 37.08759877261677], [-122.06996917059746, 37.08759984774079], [-122.06994431220119, 37.08760177449096], [-122.06992509498035, 37.0876017478941], [-122.06990590670557, 37.08760257514403], [-122.06988095792953, 37.08760168683055], [-122.06985598308067, 37.08760165229078], [-122.06983686215996, 37.08760011686552], [-122.069817664558, 37.08759943328677], [-122.06979294355448, 37.087596589988976], [-122.06976809416244, 37.0875945945244], [-122.06962589286793, 37.08757749440372], [-122.06962538013286, 37.087577411959494], [-122.06962486184149, 37.08757736985428], [-122.0695821479022, 37.08757046030433], [-122.06953929085397, 37.08756356899616], [-122.06953879098262, 37.08756344672063], [-122.06953828005, 37.087563364109904], [-122.06949655922546, 37.08755311949099], [-122.06945480951475, 37.08754291014582], [-122.06945432811378, 37.08754274961536], [-122.06945382869715, 37.087542626982476], [-122.06936532792656, 37.08751702670936], [-122.06934915527886, 37.08751161598146], [-122.06933261162405, 37.08750698213818], [-122.06930842570996, 37.08749798964318], [-122.06928382049769, 37.08748975769618], [-122.0692683876676, 37.08748310306705], [-122.06925249073282, 37.087477192411896], [-122.06922952131588, 37.08746634391774], [-122.0692060420218, 37.08745621956549], [-122.06919149798438, 37.08744838521355], [-122.06917640032285, 37.08744125456153], [-122.06915486924208, 37.087428654841545], [-122.06913274128546, 37.087416735313745], [-122.06911922542997, 37.087407796339534], [-122.06910507336879, 37.08739951471609], [-122.06908518663084, 37.08738528419417], [-122.06906462451563, 37.087371685113816], [-122.06905226843121, 37.087361728725696], [-122.06903919670096, 37.08735237489063], [-122.06902114637697, 37.08733665091793], [-122.0690023475436, 37.08732150300797], [-122.06899126866283, 37.087310623875005], [-122.0689794047531, 37.08730028897073], [-122.06896336562683, 37.0872832239063], [-122.06894651012458, 37.08726667217559], [-122.06893681573592, 37.08725497552375], [-122.06892627331052, 37.08724375869673], [-122.06885917374224, 37.08716455828999], [-122.06885584012593, 37.08716017494209], [-122.0688520597079, 37.08715603137282], [-122.06883286835216, 37.087129970025856], [-122.0688286847512, 37.0871244692115], [-122.06881979088278, 37.087123840508504], [-122.06877738750401, 37.08712096568804], [-122.06877580223602, 37.08712073113527], [-122.06877419635929, 37.087120617658535], [-122.06873238419145, 37.08711430809451], [-122.06869052727566, 37.08710811597692], [-122.06868897772347, 37.087107757941695], [-122.06868739408515, 37.0871075189837], [-122.06864469370029, 37.08709931894443], [-122.06855991206127, 37.08707946700597], [-122.06847796759718, 37.087053053130035], [-122.06839964931147, 37.08702033167537], [-122.06832571170682, 37.08698161766586], [-122.06825686671606, 37.08693728411272], [-122.06819377733868, 37.08688775790775], [-122.06813705116294, 37.08683351589605], [-122.06808723467898, 37.086775080684404], [-122.06806394276666, 37.086741007643546], [-122.06804923725196, 37.086751546318546], [-122.06802252382698, 37.08677136569104], [-122.06801633192661, 37.08677512786456], [-122.06801053895678, 37.08677927942155], [-122.0679811536031, 37.08679650222416], [-122.06795214653604, 37.08681412695081], [-122.067945523685, 37.086817385097625], [-122.06793925103055, 37.08682106145032], [-122.06790790118018, 37.08683589334285], [-122.06787687627194, 37.086851155854504], [-122.06786988676902, 37.08685387811907], [-122.06786319449095, 37.08685704431387], [-122.06783017891898, 37.086869343688114], [-122.06779743806419, 37.086882095730786], [-122.06779014996525, 37.08688425587591], [-122.06778310178254, 37.086886881494976], [-122.06774873946657, 37.08689652934698], [-122.06771459695776, 37.08690664863491], [-122.06770707914951, 37.08690822610887], [-122.06769974412306, 37.086910285554], [-122.06766437084035, 37.08691718771086], [-122.06762915066534, 37.08692457808563], [-122.06762147478112, 37.08692555776685], [-122.06761392437879, 37.08692703104752], [-122.0675778793819, 37.086931122029], [-122.06754192233764, 37.086935711352275], [-122.06753416399484, 37.086936083559074], [-122.06752646915854, 37.086936956900544], [-122.06749009598887, 37.086938197762116], [-122.06745375176271, 37.08693994136886], [-122.06744598526626, 37.08693970253899], [-122.06743822069913, 37.08693996742433], [-122.06740187157085, 37.086938346062176], [-122.06736548827072, 37.08693722721931], [-122.06735778785375, 37.08693637964922], [-122.06735002886111, 37.086936033515705], [-122.06731405463351, 37.08693156575969], [-122.06727798194409, 37.086927595149966], [-122.06727042255542, 37.08692614700106], [-122.06726274290712, 37.08692519322331], [-122.06722748657229, 37.08691792170408], [-122.0671920754115, 37.086911137874175], [-122.06718473001548, 37.08690910315149], [-122.0671772036356, 37.086907550874535], [-122.06714300436794, 37.086897545055244], [-122.0671085960918, 37.08688801388003], [-122.06710153533176, 37.08688541233954], [-122.06709423483694, 37.08688327637706], [-122.06706142595237, 37.08687063379932], [-122.06705127556933, 37.08686689382293], [-122.06703297459974, 37.08687681952864], [-122.06700252046583, 37.086891644976824], [-122.06697242048432, 37.08690693174405], [-122.0669647908493, 37.086910012271616], [-122.06695748945873, 37.08691356663156], [-122.06692536731157, 37.08692592957016], [-122.06689354275478, 37.08693877880152], [-122.06688568173657, 37.08694121165246], [-122.06677451455681, 37.08707492794226], [-122.06675914856775, 37.08709157795586], [-122.06674464285433, 37.087108714370814], [-122.06661974336288, 37.08724171507636], [-122.06660286828345, 37.08725795973132], [-122.06658680598375, 37.08727472872387], [-122.06657463136283, 37.087285141829035], [-122.06656324083423, 37.08729610681035], [-122.06654445905149, 37.08731094856785], [-122.0665264229252, 37.08732637497867], [-122.06651303389123, 37.08733578121253], [-122.06650035575, 37.087345799680925], [-122.06647984735069, 37.087359095732175], [-122.06646001170512, 37.08737303093806], [-122.06644553616333, 37.08738134053494], [-122.0664316934573, 37.087390315114654], [-122.0664096577135, 37.0874019364132], [-122.06638821197019, 37.08741424723377], [-122.06637278940903, 37.08742138016423], [-122.06635791540367, 37.087429224467066], [-122.0663345636375, 37.08743905954864], [-122.06631171527373, 37.08744962691764], [-122.06629549472204, 37.08745551431477], [-122.0662797321118, 37.08746215302395], [-122.0662552891688, 37.087470107116886], [-122.06623125827765, 37.0874788292844], [-122.06617037775825, 37.08749810111015], [-122.06611919056252, 37.08752672758704], [-122.0659815919653, 37.08760404792646], [-122.06588531914441, 37.08767822569413], [-122.06587423017675, 37.087685967425315], [-122.06586379629825, 37.08769427516474], [-122.06569639606685, 37.08781507598019], [-122.0656631556445, 37.08783679382932], [-122.06562998443336, 37.08785859144704], [-122.06562892783948, 37.08785915668051], [-122.06562794421714, 37.08785979937807], [-122.0655921984608, 37.08787880688802], [-122.06555652826464, 37.087897890339185], [-122.06540482745767, 37.08797069095323], [-122.06540476355063, 37.08797071830273], [-122.06540470408953, 37.087970750104084], [-122.0653660245673, 37.08798729641611], [-122.06532691671634, 37.088004032328335], [-122.06532684994721, 37.08800405451725], [-122.06532678671957, 37.0880040815115], [-122.06528610972786, 37.08801756362046], [-122.06524530182173, 37.08803109516162], [-122.06524523309501, 37.08803111183655], [-122.06524516643944, 37.08803113393619], [-122.06520305848798, 37.08804135141651], [-122.06516076887341, 37.08805161891942], [-122.06516069784935, 37.088051630257965], [-122.06516062934871, 37.08805164684449], [-122.06511771920655, 37.08805846962095], [-122.06507413178234, 37.08806540584621], [-122.06507405936436, 37.088065411585035], [-122.06507398946866, 37.08806542266199], [-122.06503025995424, 37.08806885807889], [-122.0649862250419, 37.088072323161356], [-122.06498615325731, 37.08807232313619], [-122.06498608140292, 37.08807232878928], [-122.06494172064315, 37.08807231360812], [-122.06489789527349, 37.088072304254666], [-122.06489782434505, 37.088072298647546], [-122.0648977516604, 37.08807229861523], [-122.0648534872615, 37.088068790618486], [-122.06480999322855, 37.08806534934447], [-122.06480992326884, 37.08806533815627], [-122.0648098509915, 37.08806533244833], [-122.06476649046076, 37.08805840723206], [-122.06472336534985, 37.088051525411096], [-122.06472329624634, 37.088051508640945], [-122.06472322583777, 37.08805149735901], [-122.06468130754374, 37.088041294651205], [-122.06463884601384, 37.08803096559471], [-122.06463877877916, 37.088030943250594], [-122.06463871057353, 37.08803092666776], [-122.06459797482862, 37.08801739250241], [-122.06455724922115, 37.088003867777616], [-122.06455718631818, 37.08800384087052], [-122.06455711919604, 37.08800381852723], [-122.06451793690245, 37.08798702271654], [-122.06447936062537, 37.087970493078785], [-122.06447930115851, 37.087970461241056], [-122.0644792373611, 37.087970433876144], [-122.06443527606807, 37.08794930392057], [-122.06441966871682, 37.08795681922176], [-122.06439908166988, 37.08796464461424], [-122.06437898252122, 37.08797324508736], [-122.0643592041728, 37.087979802639246], [-122.06433986624526, 37.08798715328611], [-122.06431842167595, 37.08799332423585], [-122.0642973663498, 37.08800030518312], [-122.06427688107001, 37.088005278076785], [-122.06425673670674, 37.08801107482919], [-122.06423463967373, 37.08801553228859], [-122.06421283220888, 37.08802082609105], [-122.0641918378324, 37.08802416630941], [-122.06417108068705, 37.08802835345536], [-122.06414854483124, 37.08803105421951], [-122.0641261945728, 37.08803461015671], [-122.06410489222651, 37.08803628566393], [-122.06408372296754, 37.088038822690756], [-122.0640609649813, 37.088039740796155], [-122.06403828748721, 37.08804152451251], [-122.06401688248985, 37.08804151926115], [-122.06399550507764, 37.08804238163745], [-122.06397274470578, 37.08804150827177], [-122.06394995779772, 37.0880415026469], [-122.06392865673462, 37.08803981655481], [-122.06390727650304, 37.088038996166084], [-122.06388473204115, 37.08803633972293], [-122.06386205614287, 37.08803454478416], [-122.06384106438382, 37.088031194255755], [-122.06381988703416, 37.08802869885554], [-122.06379777645331, 37.08802428494323], [-122.06377542907535, 37.08802071800233], [-122.06375494819571, 37.088015735187135], [-122.06373417821571, 37.088011588835265], [-122.06361927729999, 37.08798378853555], [-122.06359195485614, 37.08797598681633], [-122.06358854151613, 37.08797511480386], [-122.06354499002488, 37.08798680507552], [-122.06329819188025, 37.08805968387131], [-122.06328119332484, 37.08806395706742], [-122.06326453823415, 37.088069019983365], [-122.06323908066854, 37.08807454356406], [-122.06321391396966, 37.088080870147444], [-122.06319647561456, 37.088083787762486], [-122.06317928006918, 37.08808751873017], [-122.06296647809461, 37.08812481902337], [-122.06296033875464, 37.08812564459582], [-122.06295430764996, 37.08812688178952], [-122.06291679253074, 37.08813150065945], [-122.0628793670479, 37.088136533516064], [-122.06287315673013, 37.08813687303099], [-122.06286700280968, 37.08813763069836], [-122.06282910567175, 37.08813928128812], [-122.06279124218568, 37.08814135128101], [-122.06278501910225, 37.088141201502644], [-122.06277880333039, 37.08814147219299], [-122.06274088847448, 37.088140139082746], [-122.06270295224813, 37.08813922575201], [-122.06269677815473, 37.088138588069825], [-122.06269055839606, 37.08813836935597], [-122.06265298449453, 37.08813406475533], [-122.06261534762491, 37.088130177442274], [-122.06260928185458, 37.08812905809435], [-122.06260311816943, 37.08812835198346], [-122.06256625398974, 37.08812111801913], [-122.06252927180691, 37.08811429360641], [-122.06252337094035, 37.08811270304579], [-122.06251732456542, 37.088111516512186], [-122.06248152760713, 37.08810142397739], [-122.06244555386074, 37.08809172709919], [-122.06243987576745, 37.088089680746904], [-122.06243400405866, 37.08808802524142], [-122.06239961384374, 37.08807517020749], [-122.06236500011458, 37.088062695317966], [-122.06235960024453, 37.08806021317324], [-122.06235395881775, 37.08805810436961], [-122.06232130653896, 37.08804261042564], [-122.06228838631068, 37.088027477796906], [-122.06228331568376, 37.088024583249315], [-122.06227795986742, 37.08802204186695], [-122.06224735840841, 37.08800405733642], [-122.06221645032194, 37.087986413715065], [-122.06221175943872, 37.08798313573887], [-122.06220673912517, 37.08798018533878], [-122.06208713886258, 37.08790238479043], [-122.06207150434587, 37.0878911509734], [-122.0620551703914, 37.08788057838504], [-122.06195657030416, 37.08781007790375], [-122.0619393127832, 37.087796462361425], [-122.06192131923072, 37.087783473774444], [-122.06190134606916, 37.08776756603692], [-122.06188012838186, 37.087770262465426], [-122.06188008267408, 37.087770264627736], [-122.06188003793551, 37.08777027031317], [-122.06183615652785, 37.08777234846179], [-122.06179195342945, 37.08777444550229], [-122.06179190787861, 37.08777444406022], [-122.06179186250834, 37.08777444622519], [-122.061785273359, 37.08777423959486], [-122.06178220385199, 37.087779833352634], [-122.06173980440522, 37.08784783364977], [-122.06172476700164, 37.08786925227486], [-122.0617105382809, 37.08789102325237], [-122.06170312703223, 37.08790007538505], [-122.06169650271413, 37.08790951079783], [-122.0616789171145, 37.08792964558681], [-122.06166209330823, 37.08795019419262], [-122.06165361005984, 37.08795862101411], [-122.06164586327638, 37.08796749065943], [-122.06162590009515, 37.08798614636471], [-122.06160664204336, 37.08800527619214], [-122.06154414210076, 37.088061476542414], [-122.06153815825797, 37.08806635279445], [-122.06153267534833, 37.08807159284786], [-122.061507209518, 37.08809157330489], [-122.0614822184665, 37.08811193889459], [-122.06147566652979, 37.088116322000424], [-122.06146956916196, 37.088121106039004], [-122.06144178150612, 37.08813899056773], [-122.06141441902358, 37.0881572956212], [-122.06140736275323, 37.08816114290769], [-122.06140070898417, 37.088165425418744], [-122.0613708676197, 37.088181041446894], [-122.06134139657568, 37.08819711010525], [-122.06133390280598, 37.08820038514326], [-122.06132675785109, 37.08820412409619], [-122.06129514805077, 37.08821732226333], [-122.06126385436083, 37.08823099868124], [-122.06125599752903, 37.08823366897798], [-122.06124842809156, 37.08823682947505], [-122.06121535319485, 37.08824748273871], [-122.06118253935763, 37.08825863508967], [-122.06117439302058, 37.08826067571725], [-122.06116647386115, 37.08826322644012], [-122.0611322561641, 37.08827123089414], [-122.06109823448742, 37.088279753209946], [-122.06108987810381, 37.088281144245045], [-122.06108168468428, 37.088283060912], [-122.06104665030792, 37.08828834017392], [-122.06101175183186, 37.088294149530945], [-122.06100326590462, 37.08829487763894], [-122.06099487699113, 37.08829614176355], [-122.06095936581264, 37.0882986445294], [-122.06092392416421, 37.08830168551802], [-122.06091538945499, 37.08830174376646], [-122.06090688688845, 37.08830234301639], [-122.06087124193743, 37.088302045230314], [-122.06083559751077, 37.08830228854578], [-122.06082709684108, 37.08830167632855], [-122.06081856170509, 37.08830160503599], [-122.06078312534028, 37.0882985096797], [-122.06074762224947, 37.088295952819244], [-122.06073923689809, 37.08829467600829], [-122.0607307522236, 37.08829393483091], [-122.06069586613225, 37.08828807192369], [-122.06066084590847, 37.08828273931679], [-122.0606526574126, 37.08828081018626], [-122.06064430401166, 37.08827940634456], [-122.06061030134836, 37.088270831709174], [-122.06057610405773, 37.08826277526727], [-122.06056819128672, 37.088260212560485], [-122.06056004955796, 37.0882581594014], [-122.06053650994332, 37.088250116528485], [-122.06050203761527, 37.08825435238926], [-122.06049518984292, 37.088254649050896], [-122.06048839599363, 37.08825539918105], [-122.06045110114789, 37.08825655873495], [-122.06041383646875, 37.088258172909924], [-122.06040698567544, 37.08825793041747], [-122.06040013252121, 37.088258143471535], [-122.06036287693436, 37.088256368993825], [-122.06032559267085, 37.08825504912167], [-122.06031880397758, 37.088254269703825], [-122.06031195837932, 37.08825394368763], [-122.06027510066113, 37.08824925244256], [-122.06023815604455, 37.08824501101522], [-122.06023149551807, 37.0882437023167], [-122.06022472258667, 37.08824284027023], [-122.06018861380909, 37.0882352767757], [-122.06015236861302, 37.08822815522522], [-122.06014590079383, 37.088226330016866], [-122.06013926546422, 37.08822494011683], [-122.06010425466006, 37.08821457726948], [-122.06006905662049, 37.0882046441557], [-122.05995445583184, 37.08816714384798], [-122.05992309321333, 37.08815541144102], [-122.05989142805551, 37.08814421602282], [-122.05988309353643, 37.08814044791524], [-122.05987442163708, 37.08813720381814], [-122.05984464653966, 37.08812306562037], [-122.05981450263079, 37.088109437205254], [-122.05980666880114, 37.08810503252985], [-122.05979843617222, 37.08810112334441], [-122.05977053328253, 37.08808471457205], [-122.05974220288684, 37.08806878519125], [-122.05973494651268, 37.08806378710353], [-122.05972723089724, 37.08805924977331], [-122.05970146998594, 37.08804072887092], [-122.05967522507714, 37.0880226516683], [-122.05966861432572, 37.08801710713167], [-122.05966149190685, 37.08801198643013], [-122.05963812234033, 37.0879915330439], [-122.0596142141692, 37.087971480829914], [-122.05960831396575, 37.08796544417364], [-122.05960185199127, 37.0879597885893], [-122.05958109717204, 37.08793759820455], [-122.05955975781588, 37.08791576554175], [-122.05955462438098, 37.08790929436118], [-122.05954888574286, 37.087903158838124], [-122.05953094666178, 37.087879446683246], [-122.05951238045405, 37.087856042336455], [-122.05950806330983, 37.08784919904135], [-122.05950310319788, 37.087842642608955], [-122.05948815078521, 37.087817634400444], [-122.05947253841698, 37.08779288632678], [-122.05943963890408, 37.08773368615988], [-122.059427131105, 37.08770783451636], [-122.05941393979413, 37.087682200725915], [-122.05941117581776, 37.08767485721253], [-122.05940771570249, 37.08766770567339], [-122.05939843072282, 37.087640995409615], [-122.05938843959214, 37.08761445017823], [-122.05938658743256, 37.087606925234404], [-122.0593840188994, 37.087599536217674], [-122.0593809517022, 37.0875855101414], [-122.05937679486159, 37.08758106582673], [-122.0593587692171, 37.087557239743354], [-122.05934012724842, 37.08753372155284], [-122.05933588745418, 37.08752699505483], [-122.05933101151248, 37.08752054997423], [-122.05931598777474, 37.0874954230947], [-122.05930031299721, 37.08747055434662], [-122.05929691640448, 37.08746352661904], [-122.05929285277736, 37.08745673039675], [-122.059280976226, 37.087430546171824], [-122.05926841893607, 37.08740456494821], [-122.05926589845187, 37.087397304398344], [-122.05926268594345, 37.08739022170265], [-122.05925406993232, 37.08736323027001], [-122.05924475212186, 37.08733638876011], [-122.05924313219283, 37.087328965530816], [-122.05924080157682, 37.08732166439139], [-122.0592210113331, 37.087243961356755], [-122.0591976482844, 37.087191432381125], [-122.05919642999895, 37.08718819950327], [-122.05919485865174, 37.087185066132854], [-122.05918366780043, 37.08715433357379], [-122.05917211942851, 37.087123688767434], [-122.05917130267994, 37.08712037623665], [-122.05917012208971, 37.0871171341929], [-122.05916274592848, 37.08708567391198], [-122.05915500164537, 37.08705426677672], [-122.05915459393243, 37.08705090502972], [-122.05915381595993, 37.087047586857196], [-122.05915032495601, 37.08701570480821], [-122.05914645992164, 37.08698383484476], [-122.05914646544693, 37.08698045699625], [-122.05914609724324, 37.08697709394015], [-122.05914652382387, 37.08694508775179], [-122.0591465765349, 37.08691307129573], [-122.05914699521695, 37.08690971114746], [-122.05914704022058, 37.08690633442338], [-122.05915314838829, 37.08682454989405], [-122.05914600670005, 37.086720976612824], [-122.05914577044453, 37.086689945613045], [-122.05914506640848, 37.08665891964534], [-122.05914550120282, 37.086654574488726], [-122.05914546801401, 37.086650214351764], [-122.0591490294923, 37.08661931416816], [-122.05915212465337, 37.08658838234135], [-122.05915308916641, 37.08658409123454], [-122.0591535895007, 37.08657975047384], [-122.05916091323667, 37.08654928342303], [-122.05916777886894, 37.08651873900296], [-122.059184496023, 37.086460824229846], [-122.05918365785114, 37.086448741032605], [-122.05918482298063, 37.086426872125], [-122.05918496468526, 37.08640498545302], [-122.05918670511566, 37.086391543666736], [-122.05918742444534, 37.08637804176894], [-122.05919125919273, 37.08635637107456], [-122.05919407817944, 37.08633459956783], [-122.05919745487351, 37.08632135870347], [-122.05919982258195, 37.08630797877134], [-122.05920629029069, 37.08628671322966], [-122.05921175929967, 37.08626526822885], [-122.05921673972983, 37.08625235629647], [-122.05922073296118, 37.08623922668714], [-122.05922935081288, 37.08621592824569], [-122.05923230316705, 37.08618401131725], [-122.05923231478823, 37.08618393587242], [-122.05923231718653, 37.08618386017416], [-122.05923772222573, 37.08614890994355], [-122.0592431453102, 37.08611378282138], [-122.05924316614202, 37.08611370862143], [-122.05924317775876, 37.086113633537124], [-122.05925289685074, 37.08607904789037], [-122.05926252750491, 37.086044743948506], [-122.05926255685115, 37.08604467270057], [-122.05926257791465, 37.08604459796162], [-122.05930757927709, 37.085914598325694], [-122.05931405791932, 37.08589891566191], [-122.05931950295538, 37.08588298340485], [-122.05936879957487, 37.085762327434914], [-122.05936438934624, 37.08575555208108], [-122.05935182084013, 37.08573052480968], [-122.05933852756857, 37.08570574102407], [-122.05933534443166, 37.085697715971456], [-122.05933142071163, 37.08568990273154], [-122.05932197446158, 37.08566400829136], [-122.05931177759291, 37.085638300614754], [-122.05930959157122, 37.085630063800544], [-122.05930664273511, 37.08562198048253], [-122.05928064367147, 37.085535080274994], [-122.05927501578464, 37.08551114168338], [-122.05926847628933, 37.08548735216205], [-122.05926684579538, 37.08547638942378], [-122.05926429502551, 37.085465539451185], [-122.05926162304046, 37.08544127420471], [-122.0592580254892, 37.085417085625934], [-122.05925774404886, 37.08540604705514], [-122.05925653309247, 37.08539504960579], [-122.05925684268664, 37.08537069173111], [-122.05925622177476, 37.08534633675071], [-122.05925729222339, 37.085335329455916], [-122.05925743249155, 37.085324289633185], [-122.05926072065236, 37.08530007310892], [-122.05926308235392, 37.085275786858446], [-122.05926549426418, 37.08526491685113], [-122.0592669845512, 37.08525394101011], [-122.05927321993397, 37.085230098147306], [-122.0592785413107, 37.08520611552832], [-122.05928227133234, 37.08519548754532], [-122.0592850973904, 37.0851846813064], [-122.05929421952347, 37.08516144337316], [-122.05930244958044, 37.08513799356551], [-122.05930746190835, 37.08512770963062], [-122.05931159645445, 37.085117177338645], [-122.05931818238975, 37.08510479706838], [-122.05929804170556, 37.0850898903676], [-122.05927196717735, 37.08507138004214], [-122.05926561547645, 37.08506589062928], [-122.0592587530795, 37.085060811627], [-122.0592356057363, 37.085039955373674], [-122.05921191943574, 37.08501948487447], [-122.05920626924488, 37.08501352247223], [-122.05920006205818, 37.08500792964032], [-122.05917957795276, 37.084985356251075], [-122.05915850998548, 37.084963124092], [-122.05915361705824, 37.084956747463984], [-122.05914812338632, 37.08495069345687], [-122.05913049821191, 37.08492661820895], [-122.05911225314723, 37.084902840639], [-122.05904365397339, 37.08480274016766], [-122.05904351095597, 37.08480250485004], [-122.05904334022017, 37.084802281932056], [-122.0590241800134, 37.08477068928014], [-122.05900499529842, 37.08473911454867], [-122.05900488188203, 37.084738869280116], [-122.05900473909098, 37.08473863387411], [-122.05898954015343, 37.08470569693714], [-122.05897430703229, 37.08467275945647], [-122.05897422409234, 37.08467250622701], [-122.05897411090113, 37.084672260960204], [-122.05896300381238, 37.08463825570343], [-122.05895188469661, 37.08460431398866], [-122.05895183331567, 37.08460405623221], [-122.05895175038256, 37.08460380246194], [-122.05894485375633, 37.08456907163858], [-122.05893794413021, 37.08453443725107], [-122.05893792440735, 37.08453417605011], [-122.05893787314571, 37.084533917753745], [-122.05893526458645, 37.08449889041496], [-122.05893261953977, 37.08446380230268], [-122.05893263189033, 37.08446354045482], [-122.0589326124994, 37.08446327970719], [-122.05893430002033, 37.084428253197814], [-122.0589359623469, 37.08439308938585], [-122.05893600673737, 37.08439282959504], [-122.05893601930063, 37.084392568740405], [-122.0589445949788, 37.08431439907952], [-122.05894462021415, 37.08431416888279], [-122.05895062550772, 37.084279206832065], [-122.05895660825865, 37.08424429309705], [-122.0589566417103, 37.08424418095834], [-122.05895666147163, 37.08424406591666], [-122.0589669593342, 37.08420959574654], [-122.05897714055682, 37.0841754679917], [-122.05897722103553, 37.0841752467966], [-122.05897722126944, 37.084175246077336], [-122.05897722161585, 37.08417524535896], [-122.05900525812629, 37.084098204161236], [-122.05905629212081, 37.0837494423561], [-122.05906074817273, 37.083728106136306], [-122.05906418458262, 37.083706649151516], [-122.05913748828108, 37.083377749672465], [-122.05914612973316, 37.083347609629584], [-122.0591543040321, 37.08331738853987], [-122.05915601350434, 37.083313135971196], [-122.05915726181728, 37.08330878221276], [-122.0591695490373, 37.0832794655825], [-122.05918138124393, 37.08325003221571], [-122.05928278316688, 37.083034632895355], [-122.05928715186921, 37.0830265744481], [-122.0592907661812, 37.08301828115192], [-122.05935186721472, 37.082897481599744], [-122.05935300615269, 37.08289551323925], [-122.05935391391287, 37.08289346994181], [-122.05937157494617, 37.0828634229638], [-122.0593890160552, 37.082833281484845], [-122.05939039037243, 37.08283141207132], [-122.05939154363222, 37.082829449953515], [-122.0594127965495, 37.082800933275124], [-122.05943384017995, 37.08277230784687], [-122.05943543637532, 37.08277055557133], [-122.05943682432908, 37.082768693206134], [-122.05946146855486, 37.08274197745451], [-122.05948590794344, 37.08271514784913], [-122.05948771039314, 37.08271352971394], [-122.0594893198818, 37.082711784934524], [-122.05949281531872, 37.08270868462796], [-122.05950380114452, 37.08266383350971], [-122.059570086971, 37.08224648082605], [-122.05957461449034, 37.082226042848276], [-122.05957810282044, 37.082205474219904], [-122.0596635051574, 37.08183809081853], [-122.05964007760184, 37.08177884624232], [-122.05952779219933, 37.08158263301446], [-122.05952192878385, 37.08157089891131], [-122.05951515227619, 37.08155948324149], [-122.05946095320928, 37.08145528286632], [-122.05944856877998, 37.081427738638055], [-122.05943560524767, 37.081400371086524], [-122.05943360833913, 37.081394464979496], [-122.05943101950587, 37.0813887072351], [-122.05942206527429, 37.08136032576901], [-122.05941251131333, 37.08133206925665], [-122.05937724893522, 37.08120297956967], [-122.05933078286999, 37.08110681197095], [-122.05904916481916, 37.0805424124368], [-122.0590486131861, 37.08054201387904], [-122.0590321811268, 37.080531310203696], [-122.05901583544173, 37.08051833370739], [-122.05899874741725, 37.080505988606475], [-122.05898448636592, 37.08049344653434], [-122.05896944231087, 37.080481503445554], [-122.0589547626316, 37.08046730560673], [-122.05893926733984, 37.08045367809818], [-122.05892660920418, 37.080440076346115], [-122.05891309876807, 37.08042700938887], [-122.05890022695259, 37.08041172744661], [-122.05888647319401, 37.08039694833452], [-122.05887553944123, 37.08038241721914], [-122.05886369325128, 37.08036835290667], [-122.05885275347697, 37.080352134506064], [-122.05884087337593, 37.080336345639445], [-122.0588317700404, 37.08032102608138], [-122.05882170140974, 37.08030609899216], [-122.0587358026863, 37.08016229836681], [-122.05872127391598, 37.08013455658062], [-122.0587062360932, 37.080106986344376], [-122.05866141326528, 37.08001241238805], [-122.05859278841724, 37.07998955961452], [-122.05858345769423, 37.07998601264357], [-122.05857382276756, 37.0799830384387], [-122.05854358105722, 37.07997085422691], [-122.05851299360992, 37.07995922685018], [-122.05850414256666, 37.07995496463644], [-122.05849491700744, 37.07995124767867], [-122.05846630929554, 37.07993674594682], [-122.05843729386113, 37.07992277351655], [-122.05842900682345, 37.07991783675249], [-122.05842028052658, 37.07991341318131], [-122.05839358520572, 37.07989673504814], [-122.05836641824865, 37.07988055082566], [-122.05835877518233, 37.07987498701989], [-122.05835063188734, 37.079869899416124], [-122.05832610450864, 37.07985120429812], [-122.05830104937182, 37.07983296532802], [-122.0582941239758, 37.07982682833939], [-122.05828664205751, 37.079821125461024], [-122.05826452124019, 37.079800595355735], [-122.05824181664518, 37.07978047534344], [-122.05823567457952, 37.07977382311347], [-122.0582289272597, 37.079767560978965], [-122.0582094251048, 37.07974539326759], [-122.0581892906193, 37.0797235862283], [-122.05818399227626, 37.07971648413824], [-122.05817804317513, 37.079709721844694], [-122.05816134595727, 37.079686127945386], [-122.05814397718355, 37.07966284609236], [-122.05813957346865, 37.0796553624227], [-122.05813447994296, 37.07964816514695], [-122.05812074887233, 37.07962337259389], [-122.05810631257815, 37.07959883980962], [-122.0581028456865, 37.079591046647586], [-122.05809865705311, 37.07958348373909], [-122.05805575784159, 37.0794944834763], [-122.0580520596573, 37.07948552612387], [-122.05804756675064, 37.079476805475906], [-122.05803819746048, 37.079451950025316], [-122.05802802045059, 37.079427300167104], [-122.05802543595618, 37.0794180957528], [-122.05802203143124, 37.07940906402289], [-122.05801574796205, 37.07938359272762], [-122.05800863541285, 37.07935826204485], [-122.05800718938788, 37.07934889892274], [-122.05800490613824, 37.07933964335764], [-122.05800176911329, 37.07931380233138], [-122.05799778944788, 37.07928803393484], [-122.05799749574548, 37.07927860154379], [-122.0579963559431, 37.07926921209919], [-122.05799639524595, 37.07924324955444], [-122.05799558711541, 37.07921729226704], [-122.05799644875373, 37.07920788284409], [-122.05799646299498, 37.07919844848205], [-122.05800506459116, 37.07906154857649], [-122.05800781123487, 37.07903947921682], [-122.0580095463938, 37.079017344313755], [-122.05801219035736, 37.07900429198786], [-122.05801382794563, 37.07899113404707], [-122.05801926108555, 37.07896938673125], [-122.05802369575798, 37.078947494652446], [-122.05802792365499, 37.07893471324719], [-122.05803116303431, 37.07892174686573], [-122.05803923092549, 37.07890052967494], [-122.0580463219792, 37.078879092536006], [-122.0580520929073, 37.078866705127034], [-122.05805690305317, 37.07885405517164], [-122.05806752731011, 37.078833574442534], [-122.05807720695718, 37.07881279677135], [-122.0581287078548, 37.07871689715937], [-122.05813549048514, 37.07870580100996], [-122.05814137567464, 37.078694378548086], [-122.05815490437243, 37.078674040672226], [-122.05816755422585, 37.07865334607318], [-122.05817566207111, 37.078642835356725], [-122.05818141150408, 37.078634192265085], [-122.0579434308465, 37.078384106591265], [-122.05792821230901, 37.07836637221779], [-122.05791215416912, 37.078349120811964], [-122.05724109219967, 37.077549071819604], [-122.05527513974143, 37.07526910170615], [-122.05477375781352, 37.07569798070309], [-122.05453432228386, 37.075961412271745], [-122.05450728604342, 37.07599535312554], [-122.05450725341117, 37.075995390002966], [-122.05450722455983, 37.07599543042599], [-122.05442169883233, 37.07610276763684], [-122.05431346028348, 37.076265731540815], [-122.05417282629958, 37.07650260235059], [-122.0538372669297, 37.07714918132459], [-122.05317656942199, 37.078426316394484], [-122.05316976404822, 37.07843783762451], [-122.05316387483795, 37.078449679043395], [-122.05291497849491, 37.07888648076367], [-122.05289909992389, 37.07891107522335], [-122.05288387975266, 37.07893593706503], [-122.0526056825172, 37.07933903890653], [-122.05260001788533, 37.079346372309786], [-122.05259504795322, 37.07935402233446], [-122.05257678865235, 37.07937644474279], [-122.0525592031182, 37.07939921073489], [-122.0525526685052, 37.07940606413251], [-122.05254678676081, 37.079413286819715], [-122.05252587243442, 37.07943416708194], [-122.05250558645548, 37.079455442575096], [-122.05249824512664, 37.07946174949763], [-122.052491507892, 37.07946847579851], [-122.05246813994444, 37.079487612886155], [-122.05244534878756, 37.079507192836694], [-122.05243727033894, 37.07951289344544], [-122.05242974345819, 37.079519057632176], [-122.05240414863732, 37.07953626631345], [-122.05237907019078, 37.079553963255364], [-122.05237033339185, 37.079559001931365], [-122.05236208858432, 37.07956454535405], [-122.05233451115359, 37.07957966144967], [-122.05230738899115, 37.07959530335601], [-122.05229807803661, 37.079599631554636], [-122.05228919460664, 37.079604500852135], [-122.0522599007691, 37.07961737829622], [-122.05223099563356, 37.079630814911056], [-122.05222119969336, 37.07963439115849], [-122.05221176361806, 37.07963853924277], [-122.05218103493785, 37.079649054357205], [-122.05215062576777, 37.07966015603224], [-122.05214044056748, 37.079662945487435], [-122.05213054144251, 37.07966633287125], [-122.05209867191537, 37.07967438470292], [-122.05206705334884, 37.07968304409031], [-122.05205657586123, 37.07968502021527], [-122.05204631006504, 37.079687613865715], [-122.0520136099461, 37.07969312394687], [-122.05198108339975, 37.079699258632246], [-122.05197041421594, 37.079700402489884], [-122.05195988095345, 37.0797021773292], [-122.05192666569455, 37.07970509265385], [-122.0518935437707, 37.07970864356911], [-122.05188278586031, 37.07970894399364], [-122.05187208637307, 37.07970988307323], [-122.0518386731384, 37.07971017579891], [-122.05180527747271, 37.07971110837696], [-122.05179453516465, 37.07971056250662], [-122.05178377172055, 37.079710656818605], [-122.0517504818645, 37.079708324015876], [-122.05171713478424, 37.079706629476014], [-122.05170651174167, 37.07970524273688], [-122.05169578785973, 37.07970449121605], [-122.05166294388464, 37.07969955520468], [-122.05162996436535, 37.07969524997949], [-122.05161956111866, 37.07969303543472], [-122.05160898189966, 37.07969144550191], [-122.05157690204791, 37.07968395443863], [-122.05154460594684, 37.07967707945464], [-122.05153452382163, 37.079674058557096], [-122.05152418988132, 37.079671645439724], [-122.05149317860905, 37.0796616703575], [-122.0514618814559, 37.07965229277011], [-122.0514522181902, 37.07964849496661], [-122.0514422284725, 37.07964528163102], [-122.0514125872148, 37.079632919229226], [-122.05138258760496, 37.07962112886455], [-122.05137343489235, 37.079616590134016], [-122.0513638869978, 37.07961260800914], [-122.05133590071088, 37.07959797721069], [-122.05130748816633, 37.07958388770992], [-122.05129893523417, 37.079578652304555], [-122.05128991993234, 37.07957393925499], [-122.05126385833181, 37.07955718112589], [-122.05123730623619, 37.079540928085905], [-122.05122943470126, 37.07953504605626], [-122.05122103973761, 37.07952964785484], [-122.05119715405624, 37.07951092395566], [-122.0511727177592, 37.07949266356153], [-122.05116560353216, 37.079486191402694], [-122.0511579095972, 37.07948016016583], [-122.05113643112811, 37.07945965208911], [-122.0511143448191, 37.07943955919609], [-122.05110805631247, 37.07943255920224], [-122.05110113760878, 37.07942595303386], [-122.0510011380763, 37.0793203524336], [-122.05098351865996, 37.07929971647313], [-122.05096516494065, 37.079279496397525], [-122.05095859801472, 37.07927052912268], [-122.05095127105191, 37.079261947692714], [-122.05093626174116, 37.079240028291025], [-122.05092046927892, 37.07921846335915], [-122.05091503058806, 37.079209022683145], [-122.05090878918163, 37.07919990792797], [-122.05089653349255, 37.079176915270374], [-122.05088345538756, 37.07915421394137], [-122.05087919800307, 37.07914439232264], [-122.0508741014868, 37.07913483071147], [-122.0508647179217, 37.079110986951584], [-122.05085447959091, 37.079087367197786], [-122.0508514439767, 37.07907725762466], [-122.05084754203433, 37.07906734258021], [-122.05084112043838, 37.079042876312215], [-122.05083382106592, 37.079018566622175], [-122.05076488270544, 37.07872665356226], [-122.05071523227903, 37.07870448228157], [-122.05064267173036, 37.07866414003321], [-122.0505753959148, 37.07861829357239], [-122.05051405262705, 37.07856738437035], [-122.05049328042622, 37.07854636145463], [-122.050432400426, 37.078522079578185], [-122.05035757477214, 37.07848448757048], [-122.05028770830137, 37.07844120009085], [-122.05022347386318, 37.07839263411433], [-122.05016549000537, 37.07833925738104], [-122.05011431518064, 37.07828158384234], [-122.05007044217966, 37.07822016901882], [-122.0500342934766, 37.07815560437379], [-122.05000621724992, 37.07808851169236], [-122.04998648397009, 37.07801953710462], [-122.04997528344087, 37.07794934484203], [-122.04997272364075, 37.07787861100821], [-122.04997882923453, 37.077808016716425], [-122.04999354131465, 37.07773824186774], [-122.0500167181617, 37.0776699583968], [-122.05004813656144, 37.077603823972645], [-122.05008749391402, 37.077540475345664], [-122.05013441122901, 37.07748052278307], [-122.05018843669558, 37.07742454351778], [-122.05024904990778, 37.07737307673478], [-122.0503156671092, 37.077326618024934], [-122.0503876468747, 37.077285614833876], [-122.05046429590325, 37.07725046200175], [-122.05054487603918, 37.07722149803411], [-122.05059586186762, 37.07720553042667], [-122.0506438717816, 37.07717914658805], [-122.05066543243376, 37.07716850520411], [-122.05068641777785, 37.07715714945108], [-122.05070300814283, 37.07714995947683], [-122.05071906734918, 37.07714203331429], [-122.05074182560952, 37.077133136511286], [-122.0507640994214, 37.07712348343027], [-122.05078148961705, 37.07711763093972], [-122.05079844092734, 37.07711100423942], [-122.05082217838539, 37.07710393752229], [-122.05084552530873, 37.07709608030448], [-122.05086354678281, 37.077091621997084], [-122.05088122797339, 37.07708635817943], [-122.05090571642526, 37.07708118957824], [-122.05092991131029, 37.07707520393997], [-122.0509483919768, 37.07707218224529], [-122.05096663141386, 37.077068332577035], [-122.05099163331867, 37.0770651121099], [-122.05101644483399, 37.07706105533017], [-122.05103520534504, 37.077059499639944], [-122.05105382853914, 37.07705710085297], [-122.0510791060336, 37.0770558593364], [-122.05110429238339, 37.077053770853546], [-122.05112315177256, 37.077053696034625], [-122.05114197990363, 37.07705277130568], [-122.05116728781839, 37.077053521019714], [-122.05119260801574, 37.077053420538675], [-122.0512113865055, 37.07705482731601], [-122.05123023631806, 37.07705538563497], [-122.0512553293923, 37.07705811911906], [-122.05128054121943, 37.07706000776686], [-122.0512990576348, 37.077062882612665], [-122.05131774796527, 37.07706491856432], [-122.05134238477463, 37.07706960936985], [-122.05136724535168, 37.07707346915928], [-122.05154384383704, 37.07710816883235], [-122.05156458013167, 37.07711311909913], [-122.051585599793, 37.07711723116559], [-122.05160687490225, 37.077123216030785], [-122.0516284837419, 37.077128374636004], [-122.05164851460252, 37.0771349295932], [-122.05166893008881, 37.077140672669366], [-122.05168936981826, 37.077148299315155], [-122.05171024437078, 37.07715513034558], [-122.05172937764694, 37.07716322725344], [-122.05174899154464, 37.07717054567843], [-122.05176839993777, 37.07717974078856], [-122.05178833830414, 37.07718817836199], [-122.05180638834237, 37.07719773857841], [-122.05182501320193, 37.07720656243924], [-122.0518432037114, 37.07721723780991], [-122.05185140762018, 37.07722158296083], [-122.051878459551, 37.07716929320222], [-122.05167370074315, 37.07708104895887], [-122.05164963672598, 37.07706942375656], [-122.05162506815991, 37.07705849381869], [-122.05161184000586, 37.07705116424157], [-122.0515980677107, 37.077044510866486], [-122.05157554136507, 37.07703105143344], [-122.05155242853692, 37.07701824487516], [-122.05154016103747, 37.07700991196549], [-122.05152726875079, 37.077002208821796], [-122.05150649716018, 37.07698704498543], [-122.05148506241204, 37.07697248491581], [-122.05147387370573, 37.076963228852854], [-122.05146198549095, 37.07695455012784], [-122.0514431679959, 37.076937827078], [-122.05142361870658, 37.07692165460463], [-122.05141361646652, 37.07691156476855], [-122.05140284682247, 37.076901993767336], [-122.05138616623546, 37.07688387386864], [-122.05136868891582, 37.07686624345338], [-122.05135996847096, 37.07685541570573], [-122.05135042231852, 37.07684504593286], [-122.05133603957626, 37.076825704535274], [-122.0513208022169, 37.07680678518456], [-122.05131344831709, 37.07679532467681], [-122.05130521667057, 37.0767842551142], [-122.05129326918826, 37.07676387720462], [-122.05128041968707, 37.07674385227654], [-122.05127450295856, 37.0767318690047], [-122.05126766536908, 37.07672020665499], [-122.05125826836584, 37.07669898885087], [-122.05124793031645, 37.07667805097347], [-122.05124350814394, 37.07666566122739], [-122.05123812993223, 37.07665351748624], [-122.05123137346033, 37.07663166269331], [-122.05122364692636, 37.0766100148524], [-122.05122076181078, 37.0765973375969], [-122.05121689494699, 37.07658482988239], [-122.05121284442538, 37.076562549642595], [-122.05120780331517, 37.076540399211375], [-122.05120648286263, 37.07652755698762], [-122.05120416466049, 37.07651480521439], [-122.05120285916188, 37.07649231275126], [-122.05120055209035, 37.07646987456197], [-122.05120080904375, 37.07645699096364], [-122.05120006181775, 37.076444117990725], [-122.0512015140183, 37.07642163226532], [-122.05120196295302, 37.076399119944874], [-122.0512037948806, 37.07638631754258], [-122.05120462594832, 37.07637344899321], [-122.05120882178824, 37.07635118586761], [-122.05121202254914, 37.07632881688942], [-122.05121541169638, 37.07631622011389], [-122.05121781300069, 37.076303478603485], [-122.05122471176783, 37.07628165318511], [-122.05123063365858, 37.07625964237618], [-122.05123554769395, 37.076247371845476], [-122.05123949586631, 37.07623488094829], [-122.05124903150461, 37.076213701921674], [-122.05125761729839, 37.07619226263419], [-122.05126400826867, 37.07618043775945], [-122.0512694658249, 37.07616831633941], [-122.05128154611594, 37.07614798848354], [-122.05129271336945, 37.07612732647606], [-122.05130052069755, 37.07611605962643], [-122.05130743418434, 37.076104426149044], [-122.05132194260908, 37.07608514539474], [-122.05133558399353, 37.07606545937572], [-122.05144778484575, 37.07592076013253], [-122.05147026673394, 37.075894711078924], [-122.05149241011577, 37.075868480296094], [-122.0514933339134, 37.07586758872063], [-122.05149414874859, 37.07586663011116], [-122.0516166326828, 37.07573672725945], [-122.05215384086503, 37.075161216923306], [-122.05216511809817, 37.075150296749314], [-122.0521755741937, 37.07513886333635], [-122.05219325303813, 37.07512305249764], [-122.05221014239653, 37.075106697753604], [-122.05222270141962, 37.07509671562574], [-122.05223450554443, 37.07508615868212], [-122.05225403278078, 37.07507181277332], [-122.05227284192677, 37.075056862865495], [-122.05228656150655, 37.075047915164006], [-122.05229960023946, 37.075038336090024], [-122.05232078876304, 37.07502559260865], [-122.05234133567755, 37.075012192196176], [-122.05235608345785, 37.075004365206986], [-122.0523702313438, 37.074995856202754], [-122.05239287679468, 37.074984838176384], [-122.05241496402235, 37.074973115930675], [-122.05243059844872, 37.07496648486934], [-122.0524457187971, 37.074959128039865], [-122.05246960274003, 37.07494994161797], [-122.0524930177231, 37.07494001049588], [-122.05250938815959, 37.07493463914808], [-122.05252533553366, 37.07492850535137], [-122.0525330460049, 37.074926254593095], [-122.05253053231068, 37.0748986770754], [-122.05253093155571, 37.07488601986545], [-122.05244388052824, 37.074913092951114], [-122.05240505075797, 37.074948183843446], [-122.05234026582016, 37.0749962756936], [-122.05226990993947, 37.07503904783193], [-122.05219466041416, 37.07507608831429], [-122.05211524223292, 37.07510704047385], [-122.05203242004643, 37.07513160619258], [-122.0519469916055, 37.07514954882372], [-122.05185977963086, 37.07516069556085], [-122.05177162402833, 37.07516493917879], [-122.05168337377978, 37.075162238689835], [-122.05159587883178, 37.07515262018058], [-122.05150998188975, 37.075136176205206], [-122.0514265100998, 37.0751130651782], [-122.05134626753133, 37.07508350969134], [-122.0512700267656, 37.07504779437304], [-122.05119852217837, 37.075006263220146], [-122.0511324424457, 37.074959316112334], [-122.05107242383812, 37.074907405242534], [-122.05101904442647, 37.074851030653285], [-122.05097281829677, 37.07479073505202], [-122.05093419054371, 37.07472709935376], [-122.05090353330164, 37.074660736248966], [-122.05088114164843, 37.07459228494238], [-122.05086723121259, 37.07452240464343], [-122.05086193600214, 37.074451768329055], [-122.05086530702428, 37.074381056242494], [-122.0508773118051, 37.074310949399205], [-122.05089783447256, 37.07424212300752], [-122.05092667764065, 37.07417523981341], [-122.05096356338548, 37.07411094406916], [-122.05100813647995, 37.074049854799114], [-122.05105996772397, 37.07399256041823], [-122.05118406810809, 37.07386866113081], [-122.05118569828429, 37.073867187947776], [-122.05118715181787, 37.07386559950507], [-122.05121498592547, 37.07384072059327], [-122.05124265793411, 37.07381571337108], [-122.05124446170153, 37.073814374441874], [-122.05124610145688, 37.07381290872608], [-122.0512768398163, 37.07379033933674], [-122.05130744253125, 37.073767622106686], [-122.05130940070175, 37.07376643160976], [-122.0513112124578, 37.073765101396845], [-122.05133061238907, 37.07375220145109], [-122.05134067169378, 37.0737461550225], [-122.05135017526348, 37.0737395587122], [-122.05137597621193, 37.07372493429454], [-122.05140125791266, 37.07370973810802], [-122.0514120070449, 37.07370451151326], [-122.05142227296666, 37.07369869262042], [-122.05144973923335, 37.0736861648159], [-122.05147675748064, 37.07367302759253], [-122.05148809537259, 37.07366866995948], [-122.05149902247514, 37.07366368590392], [-122.05152788751633, 37.073653376069345], [-122.05155638403649, 37.07364242355874], [-122.05156819968971, 37.073638977536156], [-122.05157968456831, 37.073634875444114], [-122.05212870890634, 37.07346412735861], [-122.0523019919368, 37.07340783319833], [-122.05244699892641, 37.07334401209882], [-122.05257862784913, 37.07327418520673], [-122.05273933872496, 37.07316429246014], [-122.05275198839841, 37.07315646867072], [-122.05276400141166, 37.07314802549252], [-122.05277176219927, 37.07314308913346], [-122.05279771820597, 37.073115743491385], [-122.052857812054, 37.073063889687425], [-122.05292395959489, 37.07301700537426], [-122.0529955234561, 37.07297554192058], [-122.05307181472, 37.07293989872437], [-122.05315209859907, 37.07291041911215], [-122.05323560179036, 37.07288738688275], [-122.0533215202663, 37.072871023935974], [-122.05340902661756, 37.07286148771751], [-122.05349727816521, 37.072858870112015], [-122.05358542484682, 37.07286319642455], [-122.05360304072752, 37.072865464922266], [-122.05368172104306, 37.072711543357606], [-122.05389549371583, 37.07225949298641], [-122.05393080049839, 37.07219463076505], [-122.05397387121653, 37.07213285392961], [-122.05402429124719, 37.07207475733241], [-122.05408157497929, 37.07202090046498], [-122.05414517060544, 37.07197180208835], [-122.05421446569957, 37.07192793495969], [-122.05428879311978, 37.07188972155315], [-122.05436743679586, 37.071857529960006], [-122.0544496395394, 37.071831669985244], [-122.05453460959585, 37.07181239085651], [-122.05462152878046, 37.071799878224496], [-122.05470955992325, 37.07179425241977], [-122.05479785542433, 37.07179556789013], [-122.05482782911716, 37.071798385116864], [-122.05481725329386, 37.07179211760544], [-122.05475174007884, 37.071744665734855], [-122.05469234687124, 37.0716922968937], [-122.05463964561514, 37.07163551529487], [-122.05459414382345, 37.07157486790468], [-122.05455627969978, 37.071510938724785], [-122.0545264178181, 37.07144434343909], [-122.05450484593555, 37.0713757234387], [-122.0544917715848, 37.071305739484814], [-122.05448732068662, 37.071235065748084], [-122.05449153606472, 37.07116438267572], [-122.05450437729576, 37.07109437104093], [-122.05452572045711, 37.07102570518055], [-122.05455536001135, 37.07095904624965], [-122.0545930106821, 37.0708950361974], [-122.05463830966912, 37.07083429156534], [-122.05469082077545, 37.070777397300986], [-122.05475003818698, 37.07072490138001], [-122.05481539182855, 37.07067730926067], [-122.05488625203277, 37.07063507932429], [-122.05496193668418, 37.07059861824549], [-122.05504171666604, 37.07056827715996], [-122.05512482377674, 37.07054434821243], [-122.05543802110287, 37.07046784883465], [-122.05544897812295, 37.07046563698742], [-122.05545970442977, 37.07046278997929], [-122.05572140238083, 37.0704045782326], [-122.05574100134427, 37.07027171245953], [-122.05566255070005, 37.0702821836302], [-122.05566189604247, 37.070282244760776], [-122.05566125099561, 37.070282356356046], [-122.05561800336812, 37.07028634178974], [-122.05557483494468, 37.07029037128573], [-122.05557417620443, 37.070290380643044], [-122.0555735202048, 37.07029044113146], [-122.05553001312576, 37.07029101033022], [-122.05548653995346, 37.07029163008107], [-122.05548588230585, 37.070291587616175], [-122.05548522301213, 37.07029159624746], [-122.05544186520565, 37.070288746065835], [-122.05539851609676, 37.0702859476779], [-122.05539786740981, 37.070285853904174], [-122.0553972096599, 37.070285810626714], [-122.05535438656122, 37.0702795654079], [-122.05531161122344, 37.07027337896468], [-122.0553109772248, 37.070273234648866], [-122.05531032787442, 37.07027313996799], [-122.05526848999425, 37.07026356477704], [-122.05522666234984, 37.070254044908644], [-122.05522604853543, 37.070253851356526], [-122.05522541443474, 37.0702537062282], [-122.05518494909208, 37.07024089104746], [-122.05514448745664, 37.0702281317692], [-122.05514390077452, 37.07022789110939], [-122.0551432869706, 37.07022769674568], [-122.05510459496163, 37.07021176943445], [-122.05506587797537, 37.070195889144934], [-122.0550653227899, 37.07019560321505], [-122.05506473645468, 37.07019536183648], [-122.05502818832005, 37.070176476965734], [-122.0549915910579, 37.07015762738769], [-122.05499107396513, 37.07015729948538], [-122.05499051957429, 37.07015701302065], [-122.05495645052218, 37.07013534399016], [-122.05492234207001, 37.070113715108754], [-122.05492186742195, 37.0701133480631], [-122.05492135090002, 37.07011301953407], [-122.0548106507291, 37.070035218999436], [-122.05479499294493, 37.07002307497266], [-122.05477859933373, 37.07001156885854], [-122.05476328331238, 37.06999848126312], [-122.05474719659101, 37.06998600453078], [-122.05473309974583, 37.06997268930965], [-122.05471819235284, 37.06995995083169], [-122.05470455183584, 37.06994572414433], [-122.05469006785941, 37.06993204320006], [-122.05467766649195, 37.06991768342398], [-122.05466439034781, 37.06990383678125], [-122.05465255581451, 37.0698886074343], [-122.05463981490176, 37.0698738544621], [-122.05462923021618, 37.069858590635796], [-122.05461771113939, 37.0698437670854], [-122.05460779640951, 37.06982768138381], [-122.05459692153788, 37.06981199897577], [-122.05458825465011, 37.069795976761995], [-122.0545786045758, 37.06978032034022], [-122.05451891802197, 37.06967017951946], [-122.0544328828829, 37.06964271373712], [-122.05418503449887, 37.069583985425915], [-122.05415146054044, 37.06957457147057], [-122.05411767162177, 37.06956567409559], [-122.05410980142925, 37.06956289045985], [-122.05410168185446, 37.069560613764345], [-122.0540694207843, 37.06954860800894], [-122.05403688323713, 37.069537099684894], [-122.05402939277764, 37.06953371189043], [-122.05402158932962, 37.069530807903654], [-122.05399095153862, 37.06951632568162], [-122.05395997906925, 37.06950231744177], [-122.05395293780931, 37.06949835687122], [-122.05394552853322, 37.06949485461045], [-122.05391681171791, 37.06947803693464], [-122.05388769975451, 37.06946166220199], [-122.05388117751164, 37.06945716817329], [-122.05387423163198, 37.0694531003714], [-122.05384770850787, 37.06943410689513], [-122.05382074157244, 37.069415525687596], [-122.05381480047147, 37.06941054097279], [-122.05380838555247, 37.069405947200195], [-122.05378431301224, 37.069384961518196], [-122.05375974918904, 37.06936435203166], [-122.05367054939418, 37.06928175156171], [-122.05365011579788, 37.069260837973225], [-122.05364054013098, 37.06925151700747], [-122.05345688445752, 37.06929531764974], [-122.05336612387201, 37.06935136518072], [-122.05302612201348, 37.06963464196772], [-122.05291538508244, 37.069797959840585], [-122.05290932168546, 37.06980594180144], [-122.05290399368579, 37.06981425350668], [-122.05288637407939, 37.06983615073753], [-122.05286946847865, 37.06985840566335], [-122.05286245824817, 37.069865872663634], [-122.05285613895201, 37.06987372611194], [-122.05283592551463, 37.06989413424374], [-122.05281637929197, 37.06991495396053], [-122.05280848960008, 37.06992183424489], [-122.05280123990391, 37.0699291537532], [-122.05277862630089, 37.06994787683274], [-122.05275662868775, 37.06996706012371], [-122.05274793583935, 37.069973287326405], [-122.05273982534968, 37.06998000241915], [-122.05271503037422, 37.06999685929658], [-122.05269079221054, 37.07001422233425], [-122.05268137917584, 37.07001973690329], [-122.0526724866569, 37.07002578249631], [-122.05264575093341, 37.07004060959323], [-122.05261950387484, 37.070055986383956], [-122.05260946051425, 37.07006073558293], [-122.05259987229985, 37.070066053052535], [-122.05257145362646, 37.07007870802079], [-122.05254345014858, 37.070091950044365], [-122.052532874117, 37.070095887599216], [-122.05252268172954, 37.070100426295575], [-122.05224657995318, 37.07020952717974], [-122.05221826995542, 37.070219361103554], [-122.05219033264058, 37.070229862779954], [-122.05217777668588, 37.07023342698624], [-122.0521655562498, 37.07023767190422], [-122.05213617952653, 37.07024523486415], [-122.05210709237008, 37.07025349168369], [-122.05209416125977, 37.07025605242096], [-122.05208148011108, 37.07025931716347], [-122.05205131676685, 37.07026453685042], [-122.0520213625581, 37.07027046868328], [-122.05200818214044, 37.07027200126675], [-122.0519951610352, 37.070274254528044], [-122.05196450260628, 37.07027708017828], [-122.05193396890415, 37.07028063046006], [-122.05192066467598, 37.07028112038834], [-122.05190743055495, 37.07028234010667], [-122.05187657526474, 37.07028274408659], [-122.05184575316922, 37.07028387908735], [-122.05183245174254, 37.07028332169353], [-122.05181913344451, 37.070283496008564], [-122.05178838090428, 37.07028147476379], [-122.05175756483439, 37.070280183315965], [-122.0512973604857, 37.070242682865846], [-122.05126158324832, 37.070238337240355], [-122.05122571328491, 37.07023450042272], [-122.0512179412056, 37.07023303639636], [-122.05121004899084, 37.07023207781397], [-122.05117497638159, 37.070224943284444], [-122.05113974761947, 37.07021830732064], [-122.05113219273836, 37.07021624009797], [-122.05112445510471, 37.07021466610008], [-122.0510904231871, 37.07020481088842], [-122.05105617679949, 37.07019544016527], [-122.05104891075361, 37.07019278942956], [-122.05104140332992, 37.07019061531445], [-122.05100874253623, 37.070178135181145], [-122.05097580543443, 37.07016611912129], [-122.05096889843884, 37.07016291031354], [-122.05096169329502, 37.07016015712014], [-122.05093071430859, 37.07014517083441], [-122.05089940776999, 37.07013062657921], [-122.05089292759988, 37.07012689134071], [-122.05088609280801, 37.070123584943694], [-122.05085709329263, 37.070106235869446], [-122.05082771951012, 37.0700893043854], [-122.05082172736932, 37.07008507809084], [-122.05081533002044, 37.07008125084719], [-122.05078859581693, 37.07006171019764], [-122.0507614308834, 37.07004255054116], [-122.05075598353247, 37.07003787303675], [-122.05075008626423, 37.07003356258619], [-122.05072587074693, 37.07001201600779], [-122.05070118061825, 37.06999081518798], [-122.05069633248118, 37.06998573324203], [-122.05069098991558, 37.06998097950379], [-122.05066952450022, 37.0699576323883], [-122.05064754867884, 37.069934596763005], [-122.05064334572317, 37.06992915869868], [-122.0506386101513, 37.06992400806343], [-122.05062010415439, 37.06989908780008], [-122.05060105160878, 37.06987443655297], [-122.05059753379642, 37.069868694160746], [-122.05059345138788, 37.06986319675601], [-122.0505780834739, 37.06983694400949], [-122.0505621373032, 37.06981091396464], [-122.05055933881206, 37.06980492277451], [-122.05055594850494, 37.069799131283936], [-122.05054386592062, 37.06977179827535], [-122.05053118035725, 37.06974464071814], [-122.05052912813599, 37.06973845863592], [-122.05052646264355, 37.069732428758], [-122.05051778135534, 37.069704277282845], [-122.05050847909956, 37.06967625523438], [-122.05050719298582, 37.06966994209187], [-122.05050527779761, 37.06966373145019], [-122.0505000814877, 37.06963503223917], [-122.05049425196455, 37.0696064159351], [-122.05049374436096, 37.069600032405894], [-122.05049259796141, 37.06959370109176], [-122.05049093724963, 37.069564733083354], [-122.05048863599065, 37.069535795461974], [-122.0504889116536, 37.069529401977974], [-122.05048854530472, 37.06952301191762], [-122.05049043571097, 37.0694940543094], [-122.05049168521748, 37.06946507399304], [-122.05049274144721, 37.069458733540344], [-122.05049315855898, 37.06945234488434], [-122.05049858235155, 37.069423673271785], [-122.05050337032118, 37.069394932479405], [-122.05050519702608, 37.069388705460845], [-122.05050639355808, 37.06938238046334], [-122.05051529763297, 37.069354274574806], [-122.05052357857866, 37.06932604660554], [-122.05052615836293, 37.069319992824504], [-122.0505281226422, 37.06931379241638], [-122.05054042255449, 37.06928651955981], [-122.05055211564549, 37.069259079592506], [-122.05055542313568, 37.06925325815739], [-122.05055813665196, 37.069247241321705], [-122.05057371369531, 37.069221065104806], [-122.05058870641511, 37.06919467652621], [-122.05059271021271, 37.06918914262102], [-122.05059614647139, 37.06918336818671], [-122.05061484829595, 37.0691585441052], [-122.0506329984796, 37.069133457534754], [-122.05063766046482, 37.0691282641263], [-122.05064178603408, 37.06912278798213], [-122.05066343409581, 37.069099552392345], [-122.05068456546272, 37.069076012136705], [-122.05068983955069, 37.06907121050543], [-122.05069461565421, 37.06906608417064], [-122.05071900437731, 37.06904465833923], [-122.05074291068965, 37.06902289368215], [-122.05074874647791, 37.06901852957538], [-122.05075412682413, 37.06901380288651], [-122.05078101657034, 37.06899439753152], [-122.05080747209553, 37.068974613623475], [-122.05081381462679, 37.06897072824515], [-122.05081974621767, 37.06896644764985], [-122.05084887808457, 37.06894924890741], [-122.05087762813176, 37.06893163696601], [-122.0508844151742, 37.06892826857741], [-122.05089084193924, 37.06892447436932], [-122.05092193852062, 37.06890964596315], [-122.05095270299806, 37.06889437762302], [-122.05132930077237, 37.068727378904896], [-122.05135306193084, 37.068718031707164], [-122.05132801324851, 37.068712839146166], [-122.05128749907253, 37.068704623168244], [-122.05128526368097, 37.06870397728368], [-122.05128296453763, 37.0687035007126], [-122.05124372870566, 37.06869197698753], [-122.0512044266695, 37.06868062173214], [-122.051202282734, 37.06867980404996], [-122.05120005117462, 37.06867914863964], [-122.05099484973127, 37.06860954801372], [-122.05098139745868, 37.06860434747794], [-122.05096755330425, 37.06859985852386], [-122.05095798575667, 37.06859584096567], [-122.0509480716244, 37.068592402305896], [-122.05093193496515, 37.06858522578305], [-122.05091531459169, 37.06857880048887], [-122.05090256393544, 37.06857256876999], [-122.0508893347679, 37.068567013686334], [-122.0508803040304, 37.06856226370459], [-122.05087085902088, 37.06855806314455], [-122.05085567890846, 37.06854965430225], [-122.05083992337532, 37.0685419539495], [-122.05082799620553, 37.068534750615036], [-122.05081551048944, 37.0685281833432], [-122.05080710373473, 37.06852274652619], [-122.05079821845791, 37.068517824633815], [-122.05078414056926, 37.06850826432327], [-122.05076940227141, 37.068499363236675], [-122.05075841358521, 37.068491257714726], [-122.05074679134547, 37.06848374141324], [-122.05073909036717, 37.06847767069776], [-122.05073084961651, 37.06847207439445], [-122.05071800836082, 37.06846145392331], [-122.05070443031879, 37.06845143843154], [-122.05069448589408, 37.06844250872998], [-122.05068383916456, 37.06843411586805], [-122.05067691848303, 37.06842747008204], [-122.05066940123187, 37.06842125291309], [-122.05065792042008, 37.06840967450132], [-122.05064563337662, 37.06839864120096], [-122.05063682899149, 37.06838897336027], [-122.05063379877156, 37.06838606354924], [-122.05059078719124, 37.06835490036626], [-122.05053140504626, 37.068302525387274], [-122.05047871523084, 37.06824573833635], [-122.05043322520444, 37.06818508628735], [-122.05039537300695, 37.06812115325598], [-122.05036552316285, 37.06805455493858], [-122.05034396315803, 37.06798593264414], [-122.05033090058821, 37.067915947502264], [-122.05032646122545, 37.06784527323626], [-122.05033068785049, 37.06777459065519], [-122.05033610202982, 37.06774509643873], [-122.05033260899432, 37.06773356897014], [-122.05032854320993, 37.067710455747886], [-122.05032351530014, 37.067687463090905], [-122.05032238334594, 37.06767543856604], [-122.05032028285997, 37.067663497958556], [-122.05031906366105, 37.06764017505706], [-122.05031687255774, 37.06761689989976], [-122.05031721678954, 37.06760484500882], [-122.05031658693522, 37.06759279629021], [-122.05031822633745, 37.06756949023734], [-122.05031889266056, 37.06754615466941], [-122.05034019549664, 37.06730935495384], [-122.05034173325996, 37.06729922472966], [-122.05034238476043, 37.06728903098196], [-122.05034706272572, 37.06726411655271], [-122.05035085895607, 37.067239109070094], [-122.05035362867967, 37.06722914771602], [-122.05035552367319, 37.06721905496537], [-122.05036322656237, 37.067194627892604], [-122.05037006330801, 37.067170039024305], [-122.05037403790956, 37.067160343403586], [-122.05037715843305, 37.06715044786516], [-122.05057856382103, 37.06662234942361], [-122.05058829679012, 37.06660069298675], [-122.05059709673712, 37.066578781015835], [-122.05060324921199, 37.06656742279177], [-122.05060848544127, 37.06655577194078], [-122.05062082136601, 37.06653498265889], [-122.05063225819549, 37.06651386906711], [-122.05063977040635, 37.06650304868205], [-122.05064640639299, 37.066491865320906], [-122.05066122496746, 37.06647214621518], [-122.05067518987951, 37.06645203141166], [-122.05068398989049, 37.06644185267042], [-122.05069196129276, 37.066431244991406], [-122.05070912000242, 37.066412785113656], [-122.05072547828594, 37.06639386380121], [-122.05073548084086, 37.06638442535406], [-122.05074471136638, 37.06637449478336], [-122.05076404534769, 37.0663574714684], [-122.05078263916091, 37.066339926176], [-122.05079374773906, 37.06633131901123], [-122.05080414868395, 37.066322161106676], [-122.05082547300532, 37.06630673746684], [-122.05084612205631, 37.06629073810442], [-122.05096467579403, 37.06620750042586], [-122.05115937308852, 37.066054730954306], [-122.05129171648318, 37.06594394986877], [-122.05131254773873, 37.06592814378814], [-122.05133268988514, 37.06591177125171], [-122.0513445919389, 37.06590382957325], [-122.05135583759348, 37.06589529664434], [-122.05137850290701, 37.06588120219392], [-122.05140054958491, 37.06586649137269], [-122.0514133653487, 37.0658595229336], [-122.0514256007989, 37.06585191427582], [-122.05144988025236, 37.06583966823875], [-122.05147362072152, 37.06582675959485], [-122.05148722709404, 37.065820831374566], [-122.05150033421994, 37.06581422040704], [-122.05152599588115, 37.065803939910396], [-122.05155119956945, 37.06579295878444], [-122.05156546491007, 37.06578812804936], [-122.05157530356477, 37.065784186481366], [-122.05158518198408, 37.06576756552315], [-122.05163078400014, 37.065706968181004], [-122.0516835782022, 37.065650244485354], [-122.0517430561096, 37.06559794084584], [-122.05180864476621, 37.06555056079081], [-122.05187971275416, 37.06550856077927], [-122.05195557554156, 37.06547234528643], [-122.05203550261723, 37.065442262894926], [-122.05211872416182, 37.065418603464174], [-122.0522044387376, 37.06540159476682], [-122.0522918208467, 37.065391400656445], [-122.05238002916295, 37.06538811933082], [-122.05246821396716, 37.065391782309746], [-122.05255552614597, 37.06540235432668], [-122.0526411249489, 37.065419733570955], [-122.0528831229253, 37.065479133063874], [-122.05291771490356, 37.06548913609248], [-122.05295250984766, 37.06549868363217], [-122.05295923237388, 37.065501141699194], [-122.05296618408225, 37.065503151977886], [-122.05299939140257, 37.065515826039935], [-122.05303284560854, 37.06552805866564], [-122.05303923462598, 37.06553103282062], [-122.05304590746347, 37.06553357954427], [-122.05307740479657, 37.065548800987486], [-122.05310920161686, 37.06556360241763], [-122.05311519651465, 37.065567064233996], [-122.05312152532457, 37.065570122725575], [-122.0531510053144, 37.0655877425322], [-122.05318084268254, 37.0656049725349], [-122.05318638627729, 37.06560888928682], [-122.05319230945646, 37.06561242948936], [-122.0532194921992, 37.06563227984179], [-122.05324707873667, 37.06565177068814], [-122.05334647871477, 37.065729270223095], [-122.05336973634085, 37.06574927526305], [-122.05339354765042, 37.065768861330135], [-122.05339982134909, 37.065775152955716], [-122.05340667209265, 37.065781045629784], [-122.05342737119675, 37.06580278156793], [-122.05344867202061, 37.06582414326607], [-122.05345414640934, 37.06583089795864], [-122.05346024293752, 37.06583729985048], [-122.0534781837675, 37.06586055696326], [-122.05349676923717, 37.06588348894485], [-122.05358897011033, 37.0660104883021], [-122.05359544896153, 37.06602051397694], [-122.05360274947662, 37.066030170504355], [-122.0536102365405, 37.066042701909275], [-122.05361864203806, 37.06605485240923], [-122.05362370679461, 37.06606424167944], [-122.05362957734413, 37.066073326035465], [-122.05363479877194, 37.06608381238595], [-122.05364088299726, 37.06609399580935], [-122.05364680145928, 37.06610705544577], [-122.05365368007949, 37.06611980716279], [-122.05365757210207, 37.06612954907659], [-122.05366230319626, 37.066139050791605], [-122.0536662168242, 37.066149896730636], [-122.05367102624628, 37.0661605090529], [-122.05367531873877, 37.06617396999809], [-122.05368060472503, 37.06618720126079], [-122.05368328647836, 37.06619720231489], [-122.05368683257421, 37.06620702962455], [-122.05368940077716, 37.066218130741234], [-122.05369288897127, 37.066229069644606], [-122.0536955143476, 37.06624280303176], [-122.05369915653216, 37.06625638579477], [-122.0537006022124, 37.06626654978494], [-122.05370292905391, 37.066276607769716], [-122.05370412706623, 37.06628785669072], [-122.05370626057285, 37.06629901743676], [-122.05370719347457, 37.066312891099386], [-122.05370915681185, 37.06632669429078], [-122.0537146964718, 37.06639552649228], [-122.05391455221961, 37.06708423128702], [-122.05449930755283, 37.06727912532648], [-122.05451648671075, 37.0672762858503], [-122.0546043036731, 37.06726885287872], [-122.0546926068909, 37.06726835331129], [-122.05478054605597, 37.06727479199889], [-122.05486727427656, 37.06728810693831], [-122.05495195628102, 37.067308169788255], [-122.05503377660845, 37.06733478746683], [-122.05511194723799, 37.067367703654256], [-122.05518571543205, 37.067406601198726], [-122.05525437066548, 37.067451105686686], [-122.05531725190018, 37.067500788384805], [-122.0553737534878, 37.06755517097385], [-122.05542333130664, 37.06761372956322], [-122.05546550775388, 37.06767590031898], [-122.05549987685838, 37.06774108446185], [-122.05552610735575, 37.06780865433062], [-122.05554394689273, 37.067877959094176], [-122.0555532234098, 37.067948331252346], [-122.05555384753413, 37.06801909332509], [-122.05554581352126, 37.06808956362886], [-122.05552919837974, 37.068159063480834], [-122.05550416235401, 37.06822692369295], [-122.05547094637502, 37.068292490681245], [-122.05542987029374, 37.068355132942145], [-122.05539508950643, 37.06839749021907], [-122.05549102752792, 37.068428117035886], [-122.05550197063019, 37.0684321195838], [-122.0555132426593, 37.06843548592866], [-122.05554211841556, 37.0684468040608], [-122.05554503937734, 37.06844787240157], [-122.05593340576374, 37.06796274862351], [-122.05593443448959, 37.06796159256487], [-122.05593532282872, 37.067960364268444], [-122.05595474917527, 37.06793871504355], [-122.05595540296406, 37.067930273238595], [-122.0559574154454, 37.067920290399556], [-122.05595854983028, 37.06791021944558], [-122.05596445355047, 37.067885378271356], [-122.05596948600237, 37.067860415143635], [-122.05597270963874, 37.06785063889964], [-122.05597507055072, 37.06784070507513], [-122.05597673827, 37.067836166644966], [-122.0559736013004, 37.06765196731667], [-122.05596517692412, 37.067478771822216], [-122.05595935706407, 37.06747097572353], [-122.05595582193446, 37.06746497284409], [-122.05595170054484, 37.06745921408444], [-122.05593698503213, 37.067432986496385], [-122.05592166971644, 37.06740698020315], [-122.05591888548584, 37.067400727752805], [-122.05591548878985, 37.067394673783], [-122.05590405271711, 37.06736741819776], [-122.05589199160322, 37.06734033268784], [-122.05579930077283, 37.06709471450421], [-122.05579919415185, 37.06709443205841], [-122.05578857652623, 37.067060340727316], [-122.05577788258482, 37.06702606373041], [-122.05577785549373, 37.06702591712756], [-122.05577781103369, 37.06702577426243], [-122.05577140890533, 37.066990982929376], [-122.05576496464273, 37.0669560611885], [-122.05576495567435, 37.06695591355808], [-122.05576492880154, 37.06695576749781], [-122.05576281243232, 37.06692063241559], [-122.05576067107154, 37.06688538112412], [-122.05576068021695, 37.066885233187215], [-122.0557606713555, 37.06688508600835], [-122.05576286163733, 37.06684997159917], [-122.05576504346537, 37.066814704155014], [-122.0557870455272, 37.06663650433943], [-122.05579344679727, 37.0666020286494], [-122.05579979274742, 37.06656751438926], [-122.05579994761695, 37.06656701696815], [-122.05580004151217, 37.06656651112933], [-122.05581063087762, 37.066532697503], [-122.05582116581675, 37.066498854597455], [-122.05582138033478, 37.06649837270447], [-122.05582153598685, 37.06649787565013], [-122.05583621912446, 37.06646503675094], [-122.05585083377989, 37.066432204245324], [-122.0558511064439, 37.06643174111354], [-122.05585132197602, 37.0664312590483], [-122.05586995347625, 37.06639972732365], [-122.05588851116634, 37.06636820510396], [-122.05588883887357, 37.066367766026886], [-122.05588911255049, 37.06636730281293], [-122.05591152023761, 37.066337374170146], [-122.05593383498486, 37.06630747362788], [-122.05593421476402, 37.066307062367656], [-122.05593454382485, 37.066306622940644], [-122.05596049105682, 37.06627861269439], [-122.05598636862737, 37.06625059458647], [-122.05598679728338, 37.06625021481332], [-122.05598717818556, 37.066249803652006], [-122.0560164416153, 37.06622395294723], [-122.05604560643448, 37.06619811578248], [-122.05604607862304, 37.06619777214112], [-122.05604650874282, 37.06619739219914], [-122.05607879650165, 37.06617396209712], [-122.05611097758786, 37.06615054258498], [-122.05611149035788, 37.06615023721522], [-122.05611196412269, 37.06614989340585], [-122.05614692338641, 37.066129135288655], [-122.05618185280541, 37.066108333205634], [-122.05618240082946, 37.066108069400144], [-122.05618291404099, 37.066107764664544], [-122.05622024514896, 37.06608985173567], [-122.05625754934808, 37.066071894051674], [-122.05644154830823, 37.06599289469889], [-122.05645032379464, 37.06598956019367], [-122.05645875600885, 37.06598569690056], [-122.05646547919947, 37.06598328316298], [-122.05597670456943, 37.06502914105036], [-122.05597593002946, 37.06502738878533], [-122.05597495559043, 37.06502570163285], [-122.05541974595701, 37.063925747229966], [-122.05522743927963, 37.063548503075396], [-122.05521362248248, 37.06351707543091], [-122.05519958271697, 37.06348571496576], [-122.0551198849207, 37.06327581446462], [-122.05511375016006, 37.06325625858909], [-122.05510659094085, 37.06323692981756], [-122.05510299275757, 37.06322196640675], [-122.05509835615052, 37.06320718609068], [-122.05509464292331, 37.063187242792836], [-122.05508988207296, 37.0631674444773], [-122.05504808472205, 37.062931944212146], [-122.05504641824011, 37.062917499709776], [-122.0550437106258, 37.06290315769511], [-122.05504235576512, 37.062882288876764], [-122.0550399551157, 37.06286148086431], [-122.05504006328057, 37.06284697586375], [-122.05503912280561, 37.06283248946089], [-122.05503822570464, 37.062583989530324], [-122.05503940800718, 37.06256349273971], [-122.05503953406082, 37.06254297536544], [-122.05506881117483, 37.0621089950284], [-122.05506493469764, 37.06210465680884], [-122.05502080968174, 37.06204336210531], [-122.0549843938712, 37.06197889647574], [-122.05495603790081, 37.06191188072027], [-122.05493601504949, 37.061842960260584], [-122.05492451805809, 37.06177279880464], [-122.05492165752054, 37.06170207211385], [-122.05492746106795, 37.06163146132613], [-122.05494187266419, 37.061561646370144], [-122.05496475358508, 37.0614932996633], [-122.05499588351536, 37.061427079360136], [-122.05503496253662, 37.06136362332903], [-122.0550816142474, 37.06130354250707], [-122.05523751519667, 37.06112314353131], [-122.05524215492048, 37.06111830093816], [-122.05524628958536, 37.06111317155305], [-122.05526903550347, 37.06109024452068], [-122.05529129013442, 37.061067016559726], [-122.05529649968001, 37.061062561777845], [-122.055301241872, 37.06105778183441], [-122.0553266812922, 37.06103675286661], [-122.05535167062436, 37.06101538399651], [-122.05535740065221, 37.061011359358474], [-122.05536270401565, 37.06100697544964], [-122.05554060379593, 37.06087367641464], [-122.05557228992765, 37.06085216945092], [-122.05560382303086, 37.06083051180808], [-122.05571893276387, 37.060758994701075], [-122.05586703278672, 37.060629426525885], [-122.05587693123584, 37.06062157722908], [-122.05588614906685, 37.06061321304292], [-122.05590829726428, 37.06059670486306], [-122.05592979868868, 37.060579654747656], [-122.05594060942626, 37.060572620901404], [-122.05595080586566, 37.060565020953504], [-122.05709172807832, 37.05979473193781], [-122.05724306830234, 37.05968356829569], [-122.0573663498195, 37.05957896650316], [-122.05777082852183, 37.059189326347244], [-122.05777557820662, 37.05918518256959], [-122.05777988610596, 37.05918073800073], [-122.05778084702969, 37.05917984116852], [-122.05783188816406, 37.05912444477259], [-122.05788433377936, 37.05906156274253], [-122.05791240687677, 37.05902247356442], [-122.05814248547516, 37.05864601338482], [-122.05814500460416, 37.05864235738608], [-122.058147119928, 37.058638540075414], [-122.05847621522773, 37.05811547151646], [-122.05842095750734, 37.05811491960187], [-122.0583332024526, 37.0581071064358], [-122.05824682557876, 37.05809243709745], [-122.05816265868464, 37.05807105295371], [-122.05808151241095, 37.058043159926235], [-122.05800416827614, 37.05800902671529], [-122.05793137117622, 37.057968981855375], [-122.0578638221045, 37.057923411223285], [-122.05780217168297, 37.05787275356933], [-122.0577470135728, 37.057817496768976], [-122.05769887902173, 37.057758173091635], [-122.0576582315332, 37.057695353749594], [-122.0576254626558, 37.05762964381622], [-122.05760088778624, 37.05756167606282], [-122.05758474376852, 37.05749210508005], [-122.05757718593775, 37.05742160085434], [-122.05757828696223, 37.057350842448656], [-122.05758803647815, 37.0572805112391], [-122.05760634026947, 37.05721128459855], [-122.05763302226411, 37.05714382915212], [-122.05766782539934, 37.05707879456462], [-122.05771041451321, 37.05701680716381], [-122.05812350866806, 37.05647973328269], [-122.05791095424604, 37.05646420996553], [-122.05789150596352, 37.0564620140151], [-122.05787193579552, 37.056460670719915], [-122.05784781581416, 37.05645708087017], [-122.05782352464367, 37.056454338054166], [-122.05780443759731, 37.05645062465626], [-122.05778512693352, 37.05644775057609], [-122.05761612550894, 37.056415650308026], [-122.05757812498048, 37.05640683359969], [-122.05754000883546, 37.05639832667345], [-122.05753572639914, 37.056396996344965], [-122.05753131487806, 37.056395972819054], [-122.05749457275462, 37.056384212282325], [-122.05745768340745, 37.056372752894234], [-122.05745358433097, 37.05637109257469], [-122.05744931919897, 37.05636972740623], [-122.05741419273672, 37.0563551373858], [-122.05737888199191, 37.05634083505996], [-122.05737500589093, 37.056338860839034], [-122.05737092803868, 37.056337167063056], [-122.05733775292866, 37.05631988670185], [-122.05730436367746, 37.05630288036809], [-122.05730074777011, 37.05630061120099], [-122.05729689658484, 37.05629860517582], [-122.05726599467096, 37.056278801811374], [-122.05723484588755, 37.05625925436761], [-122.05723152488302, 37.05625671198398], [-122.05722793768845, 37.05625441320652], [-122.05719960734501, 37.05623227832812], [-122.05717099835181, 37.05621037730506], [-122.05716800411311, 37.056207586206334], [-122.05716471539, 37.05620501667485], [-122.05713923030225, 37.05618076447142], [-122.05711343573617, 37.056156719828955], [-122.05711079695033, 37.05615370665467], [-122.05710783866724, 37.05615089141227], [-122.05708544348919, 37.056124755222214], [-122.05706271263448, 37.05609879871296], [-122.05706045503207, 37.05609559269322], [-122.05705785531025, 37.056092558645375], [-122.05703876511238, 37.056064790140674], [-122.05701931733364, 37.056037171757986], [-122.05701746257756, 37.056033803622924], [-122.0570152465829, 37.05603058017549], [-122.05699964420138, 37.05600144546444], [-122.05698366783027, 37.05597243253203], [-122.05698223406912, 37.055968935237274], [-122.05698042279182, 37.05596555293471], [-122.05696845740145, 37.05593532975608], [-122.0569561074066, 37.05590520438533], [-122.05695510839288, 37.055901611662776], [-122.05695371931223, 37.05589810300465], [-122.05694931180628, 37.0558814547895], [-122.05693692416914, 37.055874873163134], [-122.05690345920596, 37.05585745525661], [-122.05690014149367, 37.05585533068913], [-122.0568966003353, 37.05585344925562], [-122.05686565685127, 37.05583324730794], [-122.0568344811202, 37.055813283007794], [-122.05683143813195, 37.055810907148825], [-122.05682814525392, 37.05580875735728], [-122.05679982550618, 37.055786225220416], [-122.05677123728344, 37.055763904574], [-122.05676849987641, 37.055761301376194], [-122.05676548540006, 37.05575890302696], [-122.05674005612104, 37.055734253032696], [-122.05671433689575, 37.055709795520066], [-122.05671193096758, 37.05570698979804], [-122.05670922440831, 37.05570436620209], [-122.05668693142923, 37.05567783629621], [-122.05666432785496, 37.05565147698509], [-122.05666227690914, 37.05564849614851], [-122.05665990393838, 37.05564567220882], [-122.0566409608427, 37.05561751585499], [-122.05662169187028, 37.055589510685444], [-122.05662001534817, 37.05558638319329], [-122.05661799913186, 37.05558338631678], [-122.05660259254961, 37.05555388092161], [-122.05658683935869, 37.05552449328506], [-122.05655434011808, 37.05545459313362], [-122.0565526332066, 37.05545028708772], [-122.0565361160403, 37.05545179464767], [-122.05652774608566, 37.05545189672966], [-122.05651941148069, 37.05545253191018], [-122.05648361895368, 37.05545243507848], [-122.05644783444372, 37.05545287156844], [-122.056197432094, 37.05544607149003], [-122.0561094439782, 37.055440207725326], [-122.05602259666296, 37.05542745987224], [-122.05593772664345, 37.05540795069102], [-122.0558556512724, 37.05538186814336], [-122.05577716079837, 37.055349463435924], [-122.05570301142147, 37.055311048621014], [-122.05563391711928, 37.05526699364676], [-122.05557054327986, 37.055217722790495], [-122.05551350022832, 37.055163710640585], [-122.05546333743818, 37.05510547727256], [-122.05542053785464, 37.05504358351606], [-122.05538551368842, 37.05497862551262], [-122.05535860232727, 37.054911228913724], [-122.05534006270274, 37.05484204263183], [-122.05533556438739, 37.0548103807135], [-122.05533526430168, 37.0548102648374], [-122.05532270954757, 37.054804134215495], [-122.05531089914268, 37.05479979618649], [-122.0553005013681, 37.05479493685863], [-122.05528969838063, 37.0547906851821], [-122.05526238548545, 37.05477712377621], [-122.05523462724324, 37.05476415121775], [-122.05522487396148, 37.05475849855547], [-122.05521464290895, 37.05475341862312], [-122.0551891188638, 37.05473777614169], [-122.0551630819951, 37.05472268600487], [-122.05515406733869, 37.054716294662875], [-122.05514450636461, 37.05471043512189], [-122.05512101840833, 37.05469286289956], [-122.0550969521462, 37.05467579986451], [-122.05508876229578, 37.05466873083425], [-122.05507996426608, 37.054662148672996], [-122.05505873827266, 37.054642815722204], [-122.05503687484429, 37.05462394434499], [-122.05502958913854, 37.054616266135206], [-122.05502163818447, 37.05460902431191], [-122.0550028790016, 37.05458811723534], [-122.0549834283809, 37.05456761884115], [-122.0549786300821, 37.05456137456152], [-122.05491842726306, 37.05450189772029], [-122.05489608660814, 37.054477467362396], [-122.05487332121753, 37.054453297275984], [-122.0548700001511, 37.054448940847024], [-122.05486623403091, 37.054444822357304], [-122.05484699074766, 37.054418757279464], [-122.05482728869714, 37.05439291245111], [-122.05482451596897, 37.05438831520887], [-122.05482127218416, 37.05438392153545], [-122.05480530865019, 37.05435646954725], [-122.0547888627239, 37.05432920201575], [-122.05478666598894, 37.054324410152574], [-122.05478397462645, 37.0543197818284], [-122.05477144380603, 37.05429120447635], [-122.05476069645437, 37.05426776038925], [-122.05475068693424, 37.054249688670104], [-122.05474771359216, 37.054242488114326], [-122.05474405617447, 37.05423549195358], [-122.05473384833088, 37.05420891123187], [-122.05472294561085, 37.05418250858736], [-122.0547208669373, 37.05417510846893], [-122.05471808303317, 37.05416785930404], [-122.0547111750854, 37.05414060502829], [-122.0547035537254, 37.05411347261524], [-122.0547023900786, 37.05410594511877], [-122.05470050604778, 37.05409851184705], [-122.05469696424608, 37.054070845592385], [-122.05469269779896, 37.054043245584836], [-122.05469246031234, 37.05403566309171], [-122.05469149438073, 37.05402811752009], [-122.05469135318087, 37.05400030718784], [-122.05469048244343, 37.053972504022056], [-122.05469117348225, 37.0539649385731], [-122.0546911349705, 37.05395735415002], [-122.0546943953156, 37.053929667463876], [-122.05469692899028, 37.05390192892524], [-122.05469854178308, 37.053894454741865], [-122.05469943103449, 37.0538869033116], [-122.05470606197674, 37.05385960404465], [-122.05471197533609, 37.053832200175314], [-122.05471449425673, 37.05382488906446], [-122.05471630283103, 37.05381744339272], [-122.05472624069132, 37.05379079568747], [-122.05473547648516, 37.0537639891487], [-122.0547388773814, 37.053756911226685], [-122.05474158773644, 37.053749643465565], [-122.05475473664625, 37.053723904446905], [-122.05476720608522, 37.05369795287056], [-122.05477145594254, 37.05369117647028], [-122.05477504224395, 37.05368415636201], [-122.05479127597516, 37.05365957371806], [-122.05480685864879, 37.05363472727229], [-122.05481191696234, 37.05362831715134], [-122.05481634428645, 37.05362161283318], [-122.05483550455375, 37.053598425703335], [-122.05485405210192, 37.053574921262864], [-122.05485987042333, 37.053568938870434], [-122.05486509590298, 37.05356261517122], [-122.05488699888129, 37.05354104554467], [-122.0549083321329, 37.053519110724416], [-122.05491485406934, 37.05351361429143], [-122.05492082769676, 37.05350773147605], [-122.05494526355031, 37.05348798590101], [-122.05496917597077, 37.053467833134505], [-122.05497633833407, 37.05346287569975], [-122.05498300295089, 37.05345749028033], [-122.05500973561176, 37.05343975959189], [-122.05503599751096, 37.0534215823791], [-122.05504373201103, 37.05341721126196], [-122.05505102275049, 37.053412375632945], [-122.05507979650694, 37.053396829687536], [-122.05510815344903, 37.05338080384433], [-122.05511638397833, 37.05337706197521], [-122.05512423212227, 37.053372821739934], [-122.05515476946631, 37.05335961066037], [-122.05518494861853, 37.05334589022278], [-122.05519359793036, 37.053342812681024], [-122.05520192603444, 37.053339209767806], [-122.05523393083948, 37.053328461625], [-122.05526564368432, 37.053317177789374], [-122.05527462739678, 37.05331479463992], [-122.05528335631415, 37.053311863211654], [-122.05531651993842, 37.053303681549565], [-122.0553494613703, 37.053294942935906], [-122.0553586941816, 37.05329327684508], [-122.05536773864895, 37.053291045517554], [-122.05540174264318, 37.053285508653715], [-122.05543559458339, 37.053279399982536], [-122.05546139437538, 37.05327579996688], [-122.0554720125811, 37.05327474550162], [-122.0554825043118, 37.05327306112092], [-122.05551580262978, 37.05327039659867], [-122.0555490135418, 37.05326709840738], [-122.05555971075373, 37.05326688313661], [-122.05557035681167, 37.053266031248796], [-122.05560382059522, 37.053265995512916], [-122.05563727496012, 37.053265322221804], [-122.05564794588834, 37.05326594828184], [-122.05565864597246, 37.053265936831764], [-122.05569195369195, 37.05326853020693], [-122.05572532855469, 37.053270488258924], [-122.0557358718332, 37.05327194970496], [-122.0557465215778, 37.0532727788534], [-122.05577935201615, 37.053277976428475], [-122.05581232653353, 37.05328254704505], [-122.055822640448, 37.05328482972703], [-122.05583313727452, 37.05328649153669], [-122.05586517391251, 37.05329424319965], [-122.05589743081562, 37.053301382302216], [-122.05590741543763, 37.05330446406221], [-122.0559176591147, 37.05330694268238], [-122.05594859315887, 37.053317173775305], [-122.05597982200611, 37.05332681264211], [-122.05598938255433, 37.05333066433239], [-122.05599927284274, 37.05333393543945], [-122.05602880681575, 37.05334654741795], [-122.0560587065721, 37.05335859324531], [-122.05606774904781, 37.05336317698107], [-122.0560771927614, 37.05336720972749], [-122.05610383856, 37.053381438444376], [-122.05611147682959, 37.053381934868256], [-122.05615233981682, 37.05338435846318], [-122.05615546172446, 37.05338479325978], [-122.05615862156304, 37.05338499859098], [-122.05619895209347, 37.05339085001781], [-122.05623932583737, 37.05339647272875], [-122.05624238051483, 37.05339715090731], [-122.05624549905613, 37.05339760334223], [-122.05628491014568, 37.05340659268369], [-122.05632441157587, 37.0534153622481], [-122.05632736907702, 37.053416277260744], [-122.05633041679799, 37.05341697241819], [-122.05633738952453, 37.053419175023286], [-122.05635641039204, 37.05341756679683], [-122.0563870839188, 37.05341424106565], [-122.05640029040795, 37.053413856835746], [-122.05641343324733, 37.05341274556884], [-122.05644438419307, 37.05341257377824], [-122.05647531513938, 37.053411673758866], [-122.05648850538537, 37.053412328885614], [-122.05650172050858, 37.053412255516164], [-122.05653254428314, 37.05341451611335], [-122.05656343553352, 37.05341605034936], [-122.05663173493046, 37.053422150204014], [-122.05663715153102, 37.05342285112168], [-122.05664262114144, 37.05342317639614], [-122.0566807147507, 37.05342848795938], [-122.05671889584566, 37.05343342837814], [-122.05672419993398, 37.05343455124442], [-122.05672960418858, 37.053435304791655], [-122.0567668693249, 37.053443584363094], [-122.05680425785401, 37.05345149956609], [-122.05680939850599, 37.0534530336102], [-122.05681468520014, 37.05345420816468], [-122.05685076038519, 37.053465376162904], [-122.05688245746919, 37.053474834629796], [-122.05694966500921, 37.05344520228544], [-122.05696886491621, 37.05343769571402], [-122.05698756691747, 37.05342941844961], [-122.05700851846287, 37.0534221924307], [-122.0570290170804, 37.05341417813804], [-122.05704904246694, 37.05340821608586], [-122.05706866665604, 37.05340144787314], [-122.05709040072102, 37.05339590268266], [-122.05711178088448, 37.0533895372847], [-122.05712261947677, 37.05338724968414], [-122.0570658660462, 37.05335495009257], [-122.05699923566809, 37.05330852254127], [-122.05693860391067, 37.05325708397805], [-122.05688455474116, 37.05320112977747], [-122.05683760860346, 37.053141198797405], [-122.05679821775777, 37.0530778682937], [-122.05676676129103, 37.053011748201335], [-122.05674354238, 37.05294347516298], [-122.056728784539, 37.05287370681997], [-122.05672262979401, 37.05280311494716], [-122.05672513740674, 37.05273237958325], [-122.05673628329168, 37.05266218172488], [-122.05675595997592, 37.052593197557364], [-122.05678397803686, 37.05252609143533], [-122.05680208110205, 37.052493696142086], [-122.05679593334773, 37.052454938930325], [-122.05679343662239, 37.05238420325223], [-122.05679960212227, 37.05231361207417], [-122.05681437057781, 37.052243845120756], [-122.05683759970718, 37.05217557433377], [-122.0568690657608, 37.052109457304304], [-122.05690846562884, 37.05204613061938], [-122.05695542006221, 37.05198620411894], [-122.05700947655701, 37.051930255060014], [-122.05707011482623, 37.05187882221139], [-122.05713675068586, 37.051832400837135], [-122.05720874241013, 37.05179143806018], [-122.05728539674928, 37.05175632822347], [-122.05736597538007, 37.05172740960634], [-122.05744970248621, 37.05170496069935], [-122.05753577165056, 37.0516891975551], [-122.05762335397291, 37.05168027205031], [-122.05767438463576, 37.051679114575315], [-122.05773270286791, 37.05163127288489], [-122.05774878462209, 37.051619314631814], [-122.05776410852442, 37.05160673524073], [-122.0577811260903, 37.05159526585459], [-122.05779742655287, 37.05158314500639], [-122.05781489311286, 37.05157250783972], [-122.05783168158247, 37.051561192839465], [-122.05785001942053, 37.05155111577745], [-122.05786772392698, 37.051540333654366], [-122.05788640600505, 37.05153112042932], [-122.05790449845726, 37.051521178242695], [-122.05792398219126, 37.05151258955915], [-122.05792506301282, 37.05151205649028], [-122.05794910810629, 37.05146256904329], [-122.05798905663309, 37.05139946367009], [-122.05802610822755, 37.05135289799019], [-122.05801698616763, 37.051344517338485], [-122.0579657458822, 37.051286891105654], [-122.0579217994457, 37.05122551678687], [-122.05788557004048, 37.05116098546459], [-122.05785740658266, 37.05109391854863], [-122.05783758030937, 37.05102496188954], [-122.05782628215555, 37.05095477971812], [-122.05782362081459, 37.05088404786937], [-122.05782962191654, 37.05081344755609], [-122.05784422777559, 37.050743658606464], [-122.05786729746815, 37.05067535324492], [-122.05789860905612, 37.05060918916931], [-122.05793786078492, 37.05054580370146], [-122.05798467465263, 37.05048580714546], [-122.05803859996466, 37.05042977731776], [-122.0580991171151, 37.05037825389871], [-122.0581656435024, 37.05033173298147], [-122.05823753842037, 37.050290662604304], [-122.05828073824952, 37.050268462752925], [-122.05828222125004, 37.050267780536316], [-122.05828401681772, 37.05026675817817], [-122.05831832768128, 37.050251031204226], [-122.05835243599167, 37.05023502200607], [-122.0583566388815, 37.05023347061306], [-122.05836065597123, 37.05023162929654], [-122.05851513683122, 37.0501686719141], [-122.05910744521249, 37.04991231046353], [-122.05910751560813, 37.04991228343897], [-122.05910758337626, 37.049912250624594], [-122.05914328832694, 37.04989680317387], [-122.0591339184982, 37.049878489267186], [-122.05912327211283, 37.0498599142849], [-122.05911718079068, 37.04984577426955], [-122.05911009874266, 37.04983193197132], [-122.05910278102118, 37.0498123475869], [-122.05909445726918, 37.04979302546299], [-122.0590901243717, 37.049778475012964], [-122.0590847692269, 37.0497641429771], [-122.05907988161555, 37.04974407794805], [-122.05907396084945, 37.04972419491998], [-122.0590714280579, 37.04970937363347], [-122.05906785140868, 37.04969469027474], [-122.05906544120737, 37.04967433904916], [-122.05906198011145, 37.04965408549299], [-122.05906127197677, 37.04963913589665], [-122.05905950816711, 37.04962424300816], [-122.05905959815273, 37.04960380056027], [-122.05905863051268, 37.04958337243884], [-122.05905975389679, 37.04956843971299], [-122.05905981972292, 37.04955347939902], [-122.0590624091506, 37.04953314213838], [-122.05906394422045, 37.04951273666174], [-122.05906688824413, 37.0494979637724], [-122.0590687832611, 37.04948308097467], [-122.05907384732566, 37.04946304484911], [-122.05907787019007, 37.049442858494174], [-122.05908260654493, 37.04942838826874], [-122.05908631234084, 37.049413725802985], [-122.059093801862, 37.049394184493266], [-122.05910027402429, 37.04937441093534], [-122.05910675701645, 37.049360382547455], [-122.05911223799092, 37.049346081830784], [-122.05915213892266, 37.04925768204753], [-122.05918621155921, 37.04919240061301], [-122.05922810296697, 37.04913011036812], [-122.05927740987559, 37.04907141123473], [-122.05933365724806, 37.04901686858208], [-122.05939630352384, 37.048967007589916], [-122.0594647451758, 37.04892230850767], [-122.05953832329341, 37.04888320174945], [-122.05961632925364, 37.04885006397319], [-122.05969801162762, 37.048823214259876], [-122.0597825840879, 37.04880291120193], [-122.05986923196183, 37.04878935034141], [-122.05995712091449, 37.04878266216586], [-122.06004540449263, 37.04878291126688], [-122.06013323246013, 37.04879009514427], [-122.06021975911469, 37.048804144542316], [-122.06026212649583, 37.04881457667634], [-122.06032050090414, 37.048752133924225], [-122.0603177885259, 37.048750757992806], [-122.06024817599342, 37.04870723610561], [-122.06018422089538, 37.048658454606546], [-122.0601265389912, 37.04860488332623], [-122.06007568597738, 37.048547038132014], [-122.06003215136073, 37.048485476191615], [-122.05999635447971, 37.04842079035258], [-122.05996864007614, 37.04835360351803], [-122.05994927510613, 37.048284562852125], [-122.05993844589865, 37.04821433317707], [-122.05993625677031, 37.04814359083232], [-122.05994272886849, 37.04807301726547], [-122.05995779969824, 37.04800329190737], [-122.05998132420739, 37.04793508632165], [-122.06001307588339, 37.04786905745309], [-122.06005274874553, 37.04780584115357], [-122.06009996068148, 37.04774604616935], [-122.06015425723064, 37.04769024831239], [-122.06021511536213, 37.047638985082294], [-122.0602819489413, 37.04759275012121], [-122.06035411440979, 37.047551988572216], [-122.0604309166824, 37.04751709307005], [-122.06050483190573, 37.04749081188999], [-122.06051600518786, 37.04746564587889], [-122.06052763161244, 37.04743796538798], [-122.06055899737646, 37.047373876009765], [-122.06035677821728, 37.047320142342095], [-122.06011380518012, 37.04726345796301], [-122.06010592320223, 37.04726127758219], [-122.06009785197077, 37.04725960724718], [-122.06006421436919, 37.04724973963452], [-122.06003035277998, 37.04724037240881], [-122.06002277721184, 37.04723758393054], [-122.06001494716953, 37.04723528695317], [-122.05992994663158, 37.04720648670145], [-122.05992640306793, 37.04720511814639], [-122.0599227216984, 37.04720400882415], [-122.05988664468312, 37.047189762469465], [-122.05985041521295, 37.0471757697221], [-122.05984705661677, 37.04717412959577], [-122.05984352809426, 37.04717273618859], [-122.05980936805432, 37.04715572444692], [-122.05977502289969, 37.047138952082996], [-122.05977188045885, 37.047137055596245], [-122.05976853992355, 37.0471353919941], [-122.05973662344995, 37.04711577763677], [-122.05970449595024, 37.04709638830093], [-122.05970160125443, 37.04709425454381], [-122.05969847944317, 37.04709233604412], [-122.05963107928358, 37.047046535728605], [-122.05962088735753, 37.04703889019244], [-122.0596100797259, 37.04703181117366], [-122.05958867666918, 37.047014727421505], [-122.05956662136981, 37.04699818258139], [-122.05955741419325, 37.046989773876795], [-122.05954752336311, 37.04698187904971], [-122.05952831124723, 37.04696319472823], [-122.05950838657233, 37.04694499791182], [-122.05950025188224, 37.046935906239504], [-122.05949137417983, 37.04692727235742], [-122.05947453968811, 37.046907168959805], [-122.05945693578987, 37.0468874939357], [-122.05944995190058, 37.04687780663285], [-122.05944217288571, 37.046868517124246], [-122.05942787803347, 37.046847188387375], [-122.05941276451536, 37.0468262245357], [-122.05940699886679, 37.04681603525318], [-122.05940039323269, 37.046806179229264], [-122.05925068849518, 37.04655383835565], [-122.05922807317751, 37.04653049451192], [-122.05922585544064, 37.04652767230218], [-122.05922333334655, 37.04652501867483], [-122.05920233222888, 37.04649773741175], [-122.05918102189699, 37.04647061855919], [-122.05917916003872, 37.046467635746616], [-122.05917697445065, 37.04646479666425], [-122.0591594121405, 37.04643599946407], [-122.05914151883707, 37.04640733421557], [-122.05914003039032, 37.04640421888303], [-122.05913820289035, 37.046401222370555], [-122.05912424680014, 37.04637118459072], [-122.05910994465256, 37.04634125088073], [-122.05910884441475, 37.04633803406401], [-122.05910739197677, 37.046334907929385], [-122.05909717596133, 37.046303917640834], [-122.05908660319041, 37.04627300510716], [-122.05908590158238, 37.04626971708613], [-122.0590848384448, 37.046266492090226], [-122.05907846039031, 37.04623484501036], [-122.05907171932299, 37.04620325400256], [-122.05907142324858, 37.04619992755304], [-122.05907075938575, 37.046196633701726], [-122.05906828222784, 37.04616464185576], [-122.05906543621023, 37.04613266934867], [-122.05906554834048, 37.04612933396779], [-122.0590652906373, 37.04612600556906], [-122.05906673707211, 37.046093979400325], [-122.0590678145961, 37.04606193092528], [-122.05906833394376, 37.04605862094863], [-122.05906848450567, 37.04605528776547], [-122.05907384083788, 37.04602352507857], [-122.05907883142794, 37.045991720009035], [-122.05907975299239, 37.04598846694595], [-122.05908031040465, 37.04598516150769], [-122.05908952453754, 37.04595397368345], [-122.05909838050121, 37.04592271279836], [-122.05909969557905, 37.045919547497746], [-122.05910065438238, 37.04591630203116], [-122.05911363794009, 37.04588598790278], [-122.05912627366723, 37.04585557375285], [-122.05912796916549, 37.04585252738927], [-122.05912932043393, 37.04584937256116], [-122.05914595030386, 37.04582022104066], [-122.0591622422581, 37.045790949565315], [-122.059164301959, 37.04578805139554], [-122.0591660326097, 37.045785017569216], [-122.05918614819869, 37.04575731132153], [-122.05920593975613, 37.045729462512824], [-122.05920834386284, 37.04572674023283], [-122.05921043722617, 37.04572385684174], [-122.05923384176556, 37.04569786679668], [-122.05925694535148, 37.0456717047164], [-122.05925967128307, 37.04566918383666], [-122.05926210665163, 37.045666479470896], [-122.05947230727328, 37.045455680689514], [-122.05949680548586, 37.04543344404719], [-122.05952085674609, 37.04541090170635], [-122.05952601171576, 37.04540693403545], [-122.05953074351625, 37.045402639045655], [-122.05955784159285, 37.04538243520114], [-122.05958453465055, 37.0453618901138], [-122.05965393459593, 37.04531349046279], [-122.0596782805661, 37.04529812694086], [-122.05970205492689, 37.045282198571485], [-122.05977535470993, 37.045237798903294], [-122.0597900563287, 37.045229770705], [-122.05980414521571, 37.0452210659238], [-122.0598265143063, 37.045209861820005], [-122.05984831356905, 37.04519795776419], [-122.05986392604387, 37.04519112329096], [-122.05987901146618, 37.0451835673931], [-122.0600503104381, 37.045106867946345], [-122.06007855761337, 37.04509564059767], [-122.06010639759776, 37.04508378345133], [-122.06011808151698, 37.04507993120883], [-122.06012940119538, 37.04507543202744], [-122.06015888461285, 37.04506647832583], [-122.06018804093208, 37.045056865353864], [-122.06026324038153, 37.04503546547238], [-122.06026435392786, 37.045035197111694], [-122.06026542903301, 37.04503484524705], [-122.06030660247512, 37.0450250155495], [-122.06034778212889, 37.04501509160007], [-122.06034892269275, 37.045014912060445], [-122.06035003598141, 37.04501464631098], [-122.06053783439584, 37.04497774657097], [-122.06056986438765, 37.044972774326446], [-122.0606017267053, 37.04496714542586], [-122.06061539234697, 37.04496528947787], [-122.06062289008241, 37.04495795202678], [-122.06068525442944, 37.04490786721927], [-122.06075344275735, 37.044862923484914], [-122.06082679830556, 37.04482355360617], [-122.0609046145994, 37.044790136880195], [-122.06102091378318, 37.04474593716936], [-122.06104394925507, 37.04473826827064], [-122.06106655172711, 37.04472981884123], [-122.0612286504763, 37.044676819264616], [-122.06125671627332, 37.04466890663804], [-122.06128365996416, 37.04466052405859], [-122.06129141198086, 37.0446423279359], [-122.06130162726797, 37.04461643132981], [-122.06130567128052, 37.04460885783251], [-122.06130899226368, 37.04460106245784], [-122.06132303153754, 37.044576345484856], [-122.06133636434608, 37.04455137584596], [-122.06134131495853, 37.04454415647032], [-122.06134557313803, 37.04453665966273], [-122.06136256717606, 37.044513164748125], [-122.06137888892643, 37.04448936290261], [-122.06138469827263, 37.044482567488295], [-122.06138985284262, 37.04447544103625], [-122.0614096388487, 37.04445339341136], [-122.06142879151776, 37.04443098967614], [-122.06143540357836, 37.04442468358133], [-122.06144140488625, 37.04441799631871], [-122.06146379199237, 37.044397608913776], [-122.06148559143328, 37.04437681834541], [-122.06149294237309, 37.04437106244956], [-122.06149973272672, 37.044364878639584], [-122.06154093275725, 37.04433087886687], [-122.0615611425455, 37.04431576139744], [-122.06158064783223, 37.044300058389325], [-122.06159339685733, 37.0442916343974], [-122.06160547486874, 37.04428259971441], [-122.06162743494527, 37.04426914348154], [-122.0616487673112, 37.044255047962565], [-122.06166248530168, 37.04424766607687], [-122.0616756094657, 37.0442396240829], [-122.06169910885939, 37.04422795820856], [-122.06172206230565, 37.044215606461066], [-122.06173661670626, 37.04420933792402], [-122.06175066125418, 37.044202365774254], [-122.0617754741372, 37.04419260231686], [-122.06179982713236, 37.04418211364442], [-122.06181507821331, 37.04417701882512], [-122.06182990737877, 37.04417118377058], [-122.06185579600647, 37.04416341639627], [-122.06188131284796, 37.04415489214309], [-122.0618971113425, 37.044151020608815], [-122.06191258466923, 37.0441463781455], [-122.06193930028273, 37.04414068186498], [-122.06196573471352, 37.04413420391216], [-122.0619819307282, 37.04413159224542], [-122.06199789697489, 37.04412818795912], [-122.062025179586, 37.04412461831478], [-122.06205227975168, 37.04412024830839], [-122.06206871779891, 37.04411892169019], [-122.06208502273395, 37.04411678834352], [-122.06211260946974, 37.04411537949242], [-122.06214011453395, 37.044113159718236], [-122.06215663579155, 37.04411313104458], [-122.06216249736345, 37.044112831693084], [-122.06212981240805, 37.04347824988926], [-122.06213002005818, 37.043456974906384], [-122.0621291882893, 37.04343571288945], [-122.06213036509513, 37.0434216168592], [-122.06213050304652, 37.04340748791799], [-122.06213331096558, 37.043386332825385], [-122.06213508308473, 37.04336510671657], [-122.06213797806633, 37.04335117011569], [-122.06213984282098, 37.04333712089793], [-122.06214522364363, 37.043316289466254], [-122.06214958296044, 37.04329530366136], [-122.06215416848556, 37.04328166076021], [-122.06215774184379, 37.04326782660236], [-122.06216564385704, 37.04324751826276], [-122.06217254828272, 37.04322697596478], [-122.06217877930042, 37.043213760174524], [-122.06218402748279, 37.043200272323375], [-122.06219437542325, 37.04318068136268], [-122.06220375773016, 37.04316078178949], [-122.06227345884412, 37.0430323822595], [-122.06228284303175, 37.04301718089676], [-122.06229124540852, 37.04300161508791], [-122.06229472192696, 37.04299659236557], [-122.0620666016361, 37.04271678118435], [-122.06206439710232, 37.042713763435735], [-122.06206186789606, 37.042710912944614], [-122.0620420936662, 37.04268323263004], [-122.06202199278741, 37.04265571684973], [-122.06202016803215, 37.042652540751746], [-122.06201799936984, 37.04264950498738], [-122.06190080087828, 37.04246500417931], [-122.0618851047604, 37.04243697172622], [-122.06186895839542, 37.04240910508434], [-122.06186703596747, 37.04240470185273], [-122.0618646525009, 37.0424004449689], [-122.0618524587632, 37.04237131210037], [-122.06183979841488, 37.04234231309482], [-122.06183842363708, 37.042337779884306], [-122.06183657219174, 37.04233335639106], [-122.06182800000327, 37.04230340781369], [-122.06181894574611, 37.04227355151302], [-122.06181344604471, 37.04225055153916], [-122.06181123987211, 37.04223802883787], [-122.06180805292989, 37.04222564323612], [-122.06174195676125, 37.04188504286578], [-122.06173268414774, 37.04181467018452], [-122.06173206083042, 37.0417439077223], [-122.06174009278996, 37.04167343707733], [-122.06175670283262, 37.04160393693465], [-122.0617817306723, 37.041536076486715], [-122.06181493559414, 37.04147050923483], [-122.061855997544, 37.04140786677842], [-122.06190452125676, 37.041348752357926], [-122.06196003925018, 37.04129373519991], [-122.06202201695154, 37.041243345149674], [-122.0620898573719, 37.04119806748053], [-122.06216290734794, 37.041158338256274], [-122.06224046321539, 37.04112454013992], [-122.06232177816578, 37.04109699848608], [-122.0624060690263, 37.04107597860063], [-122.06249252416366, 37.04106168300908], [-122.06258031093294, 37.04105424917214], [-122.06266858389293, 37.04105374882958], [-122.06275649302943, 37.04106018671335], [-122.06284319173268, 37.04107350097097], [-122.06292784500386, 37.04109356323044], [-122.06300963764188, 37.0411201802872], [-122.06308778197835, 37.041153095967786], [-122.0631615254991, 37.04119199308261], [-122.06323015788145, 37.04123649717699], [-122.0632930182645, 37.04128617965283], [-122.06334950115708, 37.0413405619613], [-122.06339906278662, 37.04139912052016], [-122.0634412257665, 37.04146129125704], [-122.06347558385905, 37.041526475505876], [-122.06350180640737, 37.04159404544985], [-122.06351964073217, 37.04166335044982], [-122.06356767315285, 37.04191083730131], [-122.0635991573218, 37.04196039968345], [-122.06387359286413, 37.042297012001704], [-122.06388745189747, 37.04231598267763], [-122.06390217946934, 37.04233452428635], [-122.06390974248441, 37.04234649465197], [-122.06391820300746, 37.04235807566144], [-122.06392967580716, 37.04237804419723], [-122.06394206520298, 37.04239765345327], [-122.06397546574418, 37.042457653148595], [-122.06398020416705, 37.04246742785116], [-122.06398577326765, 37.04247691687231], [-122.06405687457412, 37.04261531642274], [-122.06406297973524, 37.04262908295123], [-122.06407006447348, 37.042642544239996], [-122.06407775595541, 37.04266240135353], [-122.0640864443005, 37.042681992574416], [-122.064090836865, 37.04269617258576], [-122.06409624144375, 37.04271012558459], [-122.06410146756838, 37.04273049038854], [-122.0641077190142, 37.04275067101126], [-122.06410942414394, 37.04276001732032], [-122.0641165739541, 37.042765211810185], [-122.06413268719079, 37.04277946291486], [-122.06414958102816, 37.04279312056154], [-122.0641623116476, 37.04280566359189], [-122.06417585779415, 37.04281764417825], [-122.06419015065727, 37.04283309231165], [-122.06420529349116, 37.042848011984674], [-122.0642164289785, 37.04286149466943], [-122.06422844517529, 37.04287448212812], [-122.06424078049554, 37.042890979101806], [-122.0642540258881, 37.042907016505744], [-122.06426345931648, 37.04292130946347], [-122.06427382948056, 37.04293517830699], [-122.06428408843497, 37.04295256526022], [-122.0642953089627, 37.04296956597349], [-122.06430294870377, 37.042984530117955], [-122.0643115738144, 37.04299914805241], [-122.06431965780028, 37.04301725853167], [-122.06432874505629, 37.043035057826195], [-122.06433451830765, 37.043050550163095], [-122.0643413144157, 37.04306577536821], [-122.06434714474453, 37.04308443280072], [-122.0643540121913, 37.043102861433304], [-122.0643849132621, 37.04320356119253], [-122.0643853090817, 37.04320519224811], [-122.06438589336183, 37.04320678702116], [-122.06439373662644, 37.04323992442037], [-122.06440176804527, 37.043273023550846], [-122.06440196252024, 37.04327467789725], [-122.0644023489838, 37.04327631086207], [-122.06440610169746, 37.04330989653934], [-122.06441004824313, 37.04334347581256], [-122.0644100394235, 37.04334513820077], [-122.06441022433597, 37.04334679292243], [-122.06441321229973, 37.0434062802453], [-122.0644234836558, 37.04341747815974], [-122.06444046452188, 37.043434606402215], [-122.06444961723412, 37.04344596946373], [-122.06445961129855, 37.04345686511129], [-122.0644735447337, 37.04347567522324], [-122.0644883495406, 37.04349405529462], [-122.06449606848183, 37.043506082287635], [-122.06450468246321, 37.04351771115712], [-122.0645162493385, 37.04353752632638], [-122.06452873486958, 37.04355698024463], [-122.06453494578166, 37.04356955520552], [-122.06454209671216, 37.04358180550123], [-122.0645511851221, 37.04360243438127], [-122.06456123165714, 37.04362277533532], [-122.06456587506588, 37.043635777909834], [-122.06457149355693, 37.043648530821855], [-122.06457801564275, 37.043669774232875], [-122.06458552673001, 37.04369080685115], [-122.06458855805894, 37.04370411220507], [-122.0645925899536, 37.04371724471662], [-122.06472809632102, 37.04427534379566], [-122.06472926952752, 37.04428186910652], [-122.0647310883841, 37.044288297107954], [-122.06473556316516, 37.04431687350728], [-122.0647406892833, 37.044345384280966], [-122.06474105896477, 37.04435196987082], [-122.06474208310256, 37.044358510321715], [-122.06474304214954, 37.044387303465065], [-122.06474465725346, 37.04441607690149], [-122.06474421991452, 37.044422659194005], [-122.06474443941917, 37.044429249278714], [-122.06474187310394, 37.04445797992597], [-122.06473996211741, 37.04448674088841], [-122.06473872201006, 37.04449325726952], [-122.06473813463185, 37.04449983270027], [-122.06473206773305, 37.04452822188181], [-122.06472664885906, 37.04455669576549], [-122.0647246176519, 37.04456308404005], [-122.06472322923254, 37.04456958095321], [-122.0647137205235, 37.04459735609623], [-122.0647048457076, 37.04462526775044], [-122.06470204339892, 37.044631465067624], [-122.06469986705783, 37.044637822180746], [-122.06468700658415, 37.04466471907091], [-122.06467476270757, 37.044691796414014], [-122.06467121633885, 37.04469774331361], [-122.0646682729563, 37.04470389922496], [-122.06465218674587, 37.04472965393101], [-122.06463668961642, 37.044755641153856], [-122.0646324322547, 37.04476128200892], [-122.06462875102753, 37.0447671757428], [-122.06460959379699, 37.04479154168584], [-122.06459099279746, 37.044816187029355], [-122.06458606685277, 37.04482146547527], [-122.06458168207304, 37.04482704240585], [-122.0645596357995, 37.04484978764404], [-122.0645381126717, 37.04487285087153], [-122.06453256497592, 37.04487771679814], [-122.0645275193681, 37.04488292245616], [-122.06450279873955, 37.04490382540107], [-122.06447855824833, 37.044925087189476], [-122.06447244199974, 37.044929494052326], [-122.06446678442548, 37.044934277892914], [-122.06443962488761, 37.04495313920419], [-122.0644129031341, 37.044972392646464], [-122.06440627857775, 37.04497629702143], [-122.06440006221584, 37.04498061412249], [-122.06439275177264, 37.044984760071934], [-122.064398559851, 37.0450065160741], [-122.06440698871334, 37.04503100443432], [-122.06448201633579, 37.04520895738297], [-122.0644828533025, 37.04520831722643], [-122.06455238745146, 37.04516471824072], [-122.0646269178756, 37.04512679237404], [-122.06470572693172, 37.045094904886724], [-122.06478805563835, 37.045069362844536], [-122.0648731111326, 37.04505041220327], [-122.06496007411805, 37.04503823561422], [-122.0660543639863, 37.04492903644439], [-122.06605996494704, 37.04492870014496], [-122.06606550931495, 37.044927980754174], [-122.06610397183753, 37.04492605761049], [-122.0661423971206, 37.044923750253645], [-122.06614801156253, 37.044923855563354], [-122.06615361779626, 37.04492357527813], [-122.0668617110801, 37.04491607532881], [-122.06688771832756, 37.04491682343328], [-122.06691374486432, 37.044916730674714], [-122.06718464238612, 37.04492643053663], [-122.06721822350491, 37.044928960882025], [-122.06725186815547, 37.044930866774656], [-122.06726215066608, 37.04493227078756], [-122.06727253467932, 37.04493305326891], [-122.0673056446595, 37.04493820981905], [-122.06733889431648, 37.044942749996935], [-122.06767089148013, 37.04500164936623], [-122.06769094727895, 37.04500604501448], [-122.06771125862764, 37.04500959931484], [-122.06782985759617, 37.04503529901575], [-122.06785263455068, 37.04504121009353], [-122.06787571737098, 37.045046294099045], [-122.06789460172371, 37.04505210148074], [-122.06791384541253, 37.045057095552266], [-122.06793578838764, 37.04506476717247], [-122.06795813999236, 37.04507164074173], [-122.06797622377736, 37.04507890407707], [-122.06799476366852, 37.04508538587075], [-122.06801566327867, 37.04509474481877], [-122.06803706644335, 37.045103341255825], [-122.0680541749841, 37.04511199039719], [-122.06807183304332, 37.045119897671285], [-122.06809148686422, 37.0451308531202], [-122.06811173658517, 37.04514109023125], [-122.06819353628656, 37.0451870899038], [-122.0682090478587, 37.04519675678352], [-122.06822519335054, 37.04520573185548], [-122.06824387475137, 37.04521846099457], [-122.0682632311441, 37.04523052388665], [-122.06827748569889, 37.04524136271475], [-122.06829245628357, 37.04525156329225], [-122.06830949164039, 37.04526569920368], [-122.06832727935152, 37.04527922446136], [-122.06834013951365, 37.04529113067998], [-122.06835379121398, 37.045302458733545], [-122.06836901543382, 37.04531786446226], [-122.06838506432935, 37.045332722752796], [-122.06839640800436, 37.04534558354112], [-122.06840860734413, 37.04535792823371], [-122.06847730777265, 37.04543492776137], [-122.06848738186453, 37.045447477593754], [-122.06849832903576, 37.04545954941578], [-122.06851125347325, 37.04547721572562], [-122.06852507746675, 37.04549443695317], [-122.06853356841674, 37.04550771773855], [-122.0685429867917, 37.04552059161018], [-122.06855368850424, 37.04553918774825], [-122.06856534048475, 37.04555741275683], [-122.06857216674395, 37.04557129711932], [-122.06857996540369, 37.04558484865589], [-122.06858834164932, 37.04560419615115], [-122.06859770895133, 37.04562324873538], [-122.06860280468197, 37.04563760266173], [-122.06860890863476, 37.045651701564], [-122.0686148785909, 37.04567161337353], [-122.06862187134256, 37.045691310836304], [-122.06862518728904, 37.04570599602627], [-122.06862953791482, 37.04572050653453], [-122.06871643375598, 37.04608909688324], [-122.06898139745505, 37.046000449888005], [-122.06898847023736, 37.04599840404256], [-122.06899531117907, 37.04599590387297], [-122.06916777250058, 37.04594089702725], [-122.06931763556157, 37.04588552804206], [-122.06933456374233, 37.04588006402936], [-122.06935106895703, 37.04587382852052], [-122.06937548356964, 37.045866856050644], [-122.069399526582, 37.045859095538724], [-122.06941703970092, 37.04585498820717], [-122.06943422951994, 37.04585007906298], [-122.06952974422705, 37.04582696728432], [-122.06971224166111, 37.04576815610173], [-122.06971321971582, 37.045767884786954], [-122.06971416122593, 37.04576753954098], [-122.06975495403013, 37.04575630766204], [-122.0697956680771, 37.0457450135856], [-122.06979667385154, 37.045744820549004], [-122.06979765368605, 37.045744550779865], [-122.07003834941659, 37.04568869823852], [-122.07026348431401, 37.045628063634574], [-122.07027919144153, 37.045624510446395], [-122.07029459367644, 37.045620185338876], [-122.07048846795527, 37.04557416946069], [-122.07063916885218, 37.04552087191378], [-122.07066824810009, 37.04551192657986], [-122.07069699783666, 37.045502309365716], [-122.07074775803098, 37.045487629200814], [-122.07087548293225, 37.04543086261178], [-122.07088327330933, 37.04542779061654], [-122.07089073805926, 37.04542423589306], [-122.07092286654515, 37.04541217803413], [-122.07093074765307, 37.04540907032958], [-122.07093658287802, 37.045395917590064], [-122.07094979691149, 37.04536532549603], [-122.07095137067864, 37.04536258565592], [-122.07095263161291, 37.045359743490486], [-122.07096982940419, 37.04533044996406], [-122.07098671825486, 37.04530104737966], [-122.0709886192713, 37.04529844468115], [-122.07099022181232, 37.04529571498125], [-122.07101091912894, 37.0452679132721], [-122.07101844004826, 37.0452576162132], [-122.07101839733743, 37.0452573745731], [-122.0710169434297, 37.04522998865201], [-122.07101473377946, 37.045202635663415], [-122.07101213540659, 37.04506893558412], [-122.07101260136368, 37.04505779256957], [-122.07101213194576, 37.04504664944171], [-122.0710140794683, 37.04502244885229], [-122.07101509307863, 37.04499821111326], [-122.07101691950875, 37.044987157894994], [-122.07101781482288, 37.0449760319437], [-122.07102271215521, 37.04495210098613], [-122.07102668467773, 37.04492805948577], [-122.07102985374013, 37.0449172032809], [-122.07103210528692, 37.04490620107532], [-122.07103988511481, 37.0448828307354], [-122.07103026462255, 37.044880155936475], [-122.0710018091217, 37.04486963845788], [-122.07097299400581, 37.04485977627096], [-122.07096174668938, 37.044854830801796], [-122.07095009676176, 37.04485052487929], [-122.07092306490013, 37.04483782253167], [-122.07089559397221, 37.04482574357524], [-122.0708850056549, 37.044819938273164], [-122.07087393834526, 37.04481473775623], [-122.0708485903109, 37.04479997291747], [-122.07082272810632, 37.04478579347391], [-122.07081290066444, 37.04477918421381], [-122.07080252253077, 37.0447731391548], [-122.0707791018552, 37.044756453633234], [-122.07075509837374, 37.04474031069395], [-122.07074612627966, 37.044732961044936], [-122.07073653737005, 37.04472612964816], [-122.0707152693616, 37.04470768403917], [-122.07069335582102, 37.04468973310778], [-122.07068532580813, 37.04468171415021], [-122.07067661831918, 37.04467416213039], [-122.07065770939163, 37.04465413554051], [-122.0706410495619, 37.044637498445816], [-122.07062412065694, 37.0446319931047], [-122.07059290459033, 37.04462038069187], [-122.07056137706365, 37.04460931072907], [-122.07055287946167, 37.04460549134314], [-122.07054404397236, 37.04460220456273], [-122.07051439662095, 37.04458819478792], [-122.0704843761645, 37.044574701651364], [-122.07047638745135, 37.044570233540945], [-122.07046799532192, 37.044566267866315], [-122.07044020370455, 37.04454999593849], [-122.07041197796723, 37.044534209253364], [-122.07040457308813, 37.0445291342909], [-122.07039670739275, 37.04452452895392], [-122.07037103970315, 37.04450615210951], [-122.07034487975982, 37.044488223365825], [-122.07024877974736, 37.04441552287122], [-122.07023933820038, 37.044407643085336], [-122.07022925200776, 37.044400295212554], [-122.0702087785287, 37.04438213851006], [-122.0701876279079, 37.04436448651099], [-122.07017919576725, 37.044355903334136], [-122.07017005621874, 37.04434779794477], [-122.07015190050984, 37.044328118899905], [-122.07013301129713, 37.04430889120475], [-122.07012566931117, 37.04429968684822], [-122.07011756484854, 37.044290902337885], [-122.07010190326191, 37.044269891991284], [-122.07008545572242, 37.04424927227979], [-122.07007927444322, 37.044239535094654], [-122.07007228330755, 37.04423015635914], [-122.07005926630623, 37.044208016906055], [-122.07004541926518, 37.04418620401368], [-122.07004045837839, 37.04417602812482], [-122.07003464772703, 37.044166145201125], [-122.07002440078575, 37.044143089908204], [-122.07001328740547, 37.04412029373642], [-122.07000959463342, 37.04410977678035], [-122.07000502053586, 37.04409948520712], [-122.06996642157421, 37.043996984932896], [-122.06995726534667, 37.043967513341336], [-122.06994759812297, 37.043938145460736], [-122.06994660155567, 37.04393318930405], [-122.06994508814249, 37.04392831806406], [-122.06993957946426, 37.04389826733952], [-122.06993355012325, 37.04386828293246], [-122.06993316437273, 37.04386327270251], [-122.06993225385177, 37.04385830568224], [-122.06993044617688, 37.043827966677256], [-122.06992811226428, 37.04379765302249], [-122.06992834102091, 37.04379263634241], [-122.06992804224608, 37.04378762192667], [-122.06992995276417, 37.04375728998607], [-122.0699313369448, 37.04372693607124], [-122.06994133807768, 37.043633536143936], [-122.06994620272498, 37.04360476452439], [-122.06995043453595, 37.043575925476155], [-122.06995212892501, 37.043569713576716], [-122.06995319422656, 37.04356341300519], [-122.06996155411039, 37.04353516014009], [-122.06996929138101, 37.04350679440529], [-122.0699717369602, 37.04350074604969], [-122.06997356766773, 37.04349455910567], [-122.06998534149746, 37.04346709991512], [-122.06999651030183, 37.04343947787425], [-122.07001496662392, 37.04340047162393], [-122.07001266214542, 37.043390621771294], [-122.07000943046604, 37.04337173375917], [-122.07000513492214, 37.043352982443196], [-122.07000343640935, 37.04333670086873], [-122.07000066678687, 37.04332051383812], [-122.06999976019466, 37.04330146286969], [-122.06999777817161, 37.04328246431566], [-122.06999186115773, 37.04314441485644], [-122.06998987763988, 37.043132268128765], [-122.06995833120935, 37.0430478774251], [-122.06987311988578, 37.04287625551073], [-122.06987053065218, 37.042870189948125], [-122.0698673423722, 37.042864311327314], [-122.06981515361824, 37.042753509151666], [-122.06980727227096, 37.04274659173296], [-122.06979301438945, 37.042735354008315], [-122.06977752400803, 37.042720481623725], [-122.06976122518213, 37.04270617610067], [-122.06969302537011, 37.04264007566849], [-122.06968419707593, 37.04263060912843], [-122.06967461556147, 37.04262162524198], [-122.06961171573928, 37.04255642482035], [-122.06958978856404, 37.0425312317006], [-122.06956727048923, 37.04253447151323], [-122.06953735036875, 37.042539527918], [-122.0693510486949, 37.0425634280835], [-122.06935041639123, 37.042563483878055], [-122.06934979282467, 37.042563588507086], [-122.06930654576529, 37.04256735379348], [-122.06926330135967, 37.04257116848179], [-122.06926266415607, 37.042571174299695], [-122.06926203186111, 37.04257122937273], [-122.06893522879705, 37.04258672950669], [-122.06893357035787, 37.0425867428124], [-122.06893192095774, 37.04258688148413], [-122.06888943734171, 37.042587096933275], [-122.06884695612976, 37.0425874377713], [-122.06884530423082, 37.04258732069403], [-122.0688436456262, 37.042587329129624], [-122.06859872723179, 37.042578928208414], [-122.06838923247665, 37.04257936278553], [-122.06828069785081, 37.04258173659182], [-122.06810719880956, 37.0426260529783], [-122.06808895507386, 37.04262993372006], [-122.0680710136398, 37.042634629719274], [-122.06804631945838, 37.042639002880456], [-122.06802187458707, 37.04264420268897], [-122.06800324468168, 37.04264663119755], [-122.0679848149546, 37.04264989498383], [-122.06795970428023, 37.04265230691653], [-122.06793474208733, 37.04265556083958], [-122.06791590554467, 37.04265651382618], [-122.06789716479607, 37.042658313890136], [-122.06787188024828, 37.04265874117027], [-122.06784664018626, 37.042660018096875], [-122.06782777681578, 37.0426594864275], [-122.06780890731874, 37.04265980527128], [-122.06751950456628, 37.04265330518888], [-122.06751869015594, 37.04265325479927], [-122.0675178720516, 37.04265326738871], [-122.06747464213913, 37.04265052698294], [-122.067431489662, 37.04264785459508], [-122.06743068547718, 37.04264774046589], [-122.06742986962182, 37.042647688712194], [-122.06738718891422, 37.04264156565846], [-122.06734456513016, 37.04263551469844], [-122.06734377846846, 37.04263533778846], [-122.06734297317605, 37.04263522229786], [-122.06729340575974, 37.04262607882343], [-122.06699298741063, 37.042606521913825], [-122.06695908175033, 37.04260296523368], [-122.06692508797984, 37.04260001116017], [-122.06691533599795, 37.04259837629613], [-122.06690545659595, 37.04259733995252], [-122.06687214839755, 37.04259113619813], [-122.0668386803532, 37.042585525472376], [-122.06682917537312, 37.04258313230046], [-122.06681947004026, 37.04258132463589], [-122.06678708052038, 37.04257253357437], [-122.06675445993802, 37.04256432028881], [-122.06674529343744, 37.04256119188396], [-122.06673585585737, 37.042558630311795], [-122.06670469894715, 37.042547337253694], [-122.06667403859086, 37.0425368730582], [-122.06664383993754, 37.04253401528379], [-122.06655678512561, 37.042522280701085], [-122.06647158446918, 37.042503762440376], [-122.06638905836405, 37.04247863885935], [-122.06631000168397, 37.0424471520264], [-122.06623517582874, 37.0424096050437], [-122.06616530144383, 37.042366359645904], [-122.06610105127127, 37.04231783226748], [-122.06604304434919, 37.04226449021056], [-122.06599183909344, 37.04220684726347], [-122.06594792875099, 37.04214545852636], [-122.06591173606618, 37.04208091523088], [-122.06588360975398, 37.042013838942964], [-122.06586382052382, 37.04194487576227], [-122.06585255902475, 37.04187468972536], [-122.06584993355825, 37.041803956838486], [-122.06585596960119, 37.04173335822276], [-122.06587060875968, 37.04166357379631], [-122.06589371020034, 37.04159527570524], [-122.06592505140868, 37.04152912156926], [-122.06596433039817, 37.041465748640235], [-122.06601116905462, 37.04140576706825], [-122.0660651161263, 37.04134975451708], [-122.066125652129, 37.04129825052451], [-122.06619219413675, 37.041251750951616], [-122.06626410123204, 37.04121070369949], [-122.06634068097169, 37.041175504073244], [-122.06642119584177, 37.04114649104743], [-122.06650487049474, 37.041123943897915], [-122.06659089897329, 37.041108079915546], [-122.06667845294916, 37.041099051857096], [-122.06676668915941, 37.041096946651905], [-122.06685475796246, 37.04110178447774], [-122.06703545631484, 37.04111888433331], [-122.06705301169902, 37.04112125065362], [-122.06707071035585, 37.04112278871649], [-122.06709651263738, 37.04112711435951], [-122.06712250961006, 37.0411306185463], [-122.06713969236539, 37.041134353139], [-122.06715711649066, 37.04113727421735], [-122.06718226476112, 37.04114360609147], [-122.06720770890718, 37.041149136324655], [-122.06722435216079, 37.04115420299426], [-122.06724133534354, 37.0411584790989], [-122.0672655894868, 37.041166756906826], [-122.06729023375216, 37.041174259324656], [-122.06730430777537, 37.041179864654936], [-122.06750420770526, 37.04119287770228], [-122.06752516117253, 37.041195075687625], [-122.06754622908991, 37.04119641120439], [-122.06756890077271, 37.04119966380752], [-122.0675917369926, 37.0412020592026], [-122.06761232176197, 37.04120589311691], [-122.0676331239371, 37.04120887745058], [-122.0676592802276, 37.041213702426965], [-122.06770657342696, 37.041214764638326], [-122.06785580355145, 37.041176647013046], [-122.06789267873161, 37.041168803005284], [-122.06792941544387, 37.04116056668896], [-122.06793532548942, 37.04115973127642], [-122.06794112616079, 37.04115849739518], [-122.06797878225072, 37.04115358860671], [-122.06801634968724, 37.041148278435905], [-122.06802233305477, 37.041147911423536], [-122.06802825705617, 37.041147139214246], [-122.06806633377413, 37.04114521275116], [-122.06810436789225, 37.041142879949014], [-122.06811534906943, 37.041142639804974], [-122.0679618560143, 37.041130274507644], [-122.06787456197303, 37.04111975239794], [-122.06778897492934, 37.04110242181373], [-122.06770591900454, 37.04107844977487], [-122.06762619426013, 37.04104806711388], [-122.06755056840105, 37.041011566427436], [-122.06747976983807, 37.04096929922715], [-122.0674144803052, 37.04092167272615], [-122.06735532861696, 37.04086914537281], [-122.06730288452844, 37.04081222319628], [-122.0672576529551, 37.04075145435234], [-122.0672200695362, 37.04068742413021], [-122.06719049620857, 37.04062074914846], [-122.06716921790608, 37.040552071469584], [-122.06715643926026, 37.04048205262447], [-122.06715228344834, 37.04041136675251], [-122.06715679057838, 37.04034069481975], [-122.06716991699275, 37.04027071731205], [-122.06719153646758, 37.04020210820518], [-122.06722144063478, 37.040135528117524], [-122.06725934152958, 37.040071618381134], [-122.06730487414646, 37.04001099439176], [-122.06735759999364, 37.03995424004836], [-122.06741701121413, 37.03990190183675], [-122.06748253559468, 37.03985448382144], [-122.0675535422484, 37.03981244273315], [-122.06762934729342, 37.039776183326545], [-122.06770922064283, 37.03974605482836], [-122.06779239324376, 37.03972234738925], [-122.06787806385589, 37.039705289432995], [-122.06796540774083, 37.03969504502097], [-122.0680535835317, 37.03969171291476], [-122.06814174213075, 37.03969532529403], [-122.068421039551, 37.039717825043084], [-122.0684278917022, 37.0397186509886], [-122.06843480566023, 37.039719019866375], [-122.06847152617316, 37.039723910393846], [-122.06850833207413, 37.0397283468221], [-122.06851504973835, 37.03972970705049], [-122.06852188579172, 37.03973061750602], [-122.06855783102304, 37.039738369736575], [-122.06859391775772, 37.03974567678206], [-122.06860043722533, 37.03974755844424], [-122.06860712869275, 37.0397490015712], [-122.06907682493592, 37.03987040041105], [-122.06909127585361, 37.039874773834136], [-122.06910604378541, 37.03987839869306], [-122.0691325448525, 37.03988726325666], [-122.0691594097645, 37.039895393590996], [-122.06917325518516, 37.03990088089583], [-122.06918751002638, 37.03990564911621], [-122.06921279992206, 37.03991655341136], [-122.06923854120555, 37.0399267553529], [-122.06925164919869, 37.03993330421584], [-122.06926525219914, 37.03993916945983], [-122.06950815099508, 37.040056568552934], [-122.06953814856841, 37.040072727026654], [-122.06956849797875, 37.040088453685236], [-122.06957476857039, 37.04009245272327], [-122.06958142059051, 37.040096035869794], [-122.06960929878964, 37.04011447412166], [-122.06963757840286, 37.040132509161865], [-122.0699033779811, 37.040319807830656], [-122.06991413843593, 37.0403281753684], [-122.0699255522664, 37.04033596590055], [-122.06994580183074, 37.04035279746053], [-122.06996673953024, 37.04036907905641], [-122.0699764245399, 37.04037825131456], [-122.06998683140827, 37.0403869015486], [-122.07000492611213, 37.04040524390624], [-122.07002377158425, 37.04042309150632], [-122.07003228833086, 37.04043298041286], [-122.07004158760422, 37.0404424069028], [-122.07027688888658, 37.04070660547871], [-122.07027914894277, 37.04070942619507], [-122.07028171211749, 37.04071207459465], [-122.07030299700632, 37.040739190121286], [-122.07032459510748, 37.04076614593585], [-122.07032649919294, 37.04076913026107], [-122.07032872644005, 37.040771967665755], [-122.07034659475956, 37.040800627288775], [-122.07036479155305, 37.0408291480526], [-122.07036632146048, 37.04083226754028], [-122.0703681911887, 37.04083526637863], [-122.07038246922355, 37.04086519182905], [-122.07039709114592, 37.040895005223476], [-122.07039823239467, 37.0408982301043], [-122.07039972629293, 37.040901361207915], [-122.07052122968688, 37.04119904054762], [-122.07052183533598, 37.04119925162386], [-122.07053190630631, 37.041152973756894], [-122.07055552759329, 37.041084790032045], [-122.0705873721554, 37.04101879055308], [-122.07062713311873, 37.040955611013274], [-122.07067442759502, 37.04089585982773], [-122.07072880023725, 37.040840112482776], [-122.07078612854974, 37.040791930398036], [-122.07054878197059, 37.040645123763426], [-122.06983083892855, 37.04024570169996], [-122.06982545029528, 37.0402423782516], [-122.06981973746177, 37.04023942526214], [-122.06979048340091, 37.04022081203634], [-122.0697608752411, 37.040202550999794], [-122.0697559189875, 37.04019882016869], [-122.06975059467574, 37.040195432500475], [-122.06957379445555, 37.040071131657925], [-122.06955600034833, 37.040057325653926], [-122.06953748140371, 37.04004414828058], [-122.06912248573694, 37.03971829701559], [-122.06885175830426, 37.039528803210864], [-122.06872853326009, 37.03946186921643], [-122.06858980010371, 37.03940997397174], [-122.06833137929861, 37.03933529583991], [-122.06829469782247, 37.03936848709986], [-122.06822996647976, 37.039416599572554], [-122.06815966391632, 37.0394593941373], [-122.06808446747904, 37.039496458484365], [-122.06800510118114, 37.03952743574739], [-122.06792232936793, 37.039552027518944], [-122.06783694936829, 37.03956999703813], [-122.06774978326072, 37.03958117119945], [-122.06766167054116, 37.03958544238837], [-122.0675734600134, 37.03958276949937], [-122.06748600101267, 37.03957317831783], [-122.06740013587692, 37.03955676101001], [-122.06731669162687, 37.039533675967476], [-122.06723647189949, 37.039504145309614], [-122.06716024909326, 37.03946845346959], [-122.0670887575434, 37.039426944345884], [-122.06693416868335, 37.039327563004676], [-122.0669126848194, 37.03933968657753], [-122.06687875500991, 37.03935905960297], [-122.06687659201754, 37.039360054056345], [-122.06687455361694, 37.03936120435079], [-122.06683830880462, 37.039377655284376], [-122.06680218144443, 37.03939426532697], [-122.06679990814857, 37.0393950847601], [-122.06679773807427, 37.03939606969158], [-122.06675965506669, 37.03940959379649], [-122.06672167199021, 37.03942328471376], [-122.0667076270631, 37.03942769657435], [-122.06625806520962, 37.0396490477178], [-122.06624899531793, 37.03965303589739], [-122.0662403257027, 37.039657558513966], [-122.0662103149502, 37.03967004427633], [-122.06618067009659, 37.039683079612324], [-122.06617115747773, 37.03968633551628], [-122.06616197527923, 37.03969015568491], [-122.06613058159496, 37.03970022343312], [-122.06609948636783, 37.03971086636437], [-122.06608962000303, 37.03971335950368], [-122.06608001643029, 37.03971643927113], [-122.06604754619458, 37.03972399099789], [-122.06601529622056, 37.03973214018742], [-122.06600517266523, 37.039733845992046], [-122.06599523859245, 37.03973615641673], [-122.06596199977368, 37.039741120629266], [-122.06592891009485, 37.03974669625696], [-122.06591862715345, 37.039747598369715], [-122.06590845798435, 37.039749117126206], [-122.06587476950708, 37.03975144594548], [-122.06584116024312, 37.039754394372814], [-122.06583081776269, 37.03975448411479], [-122.0658205106052, 37.039755196643426], [-122.06553350796828, 37.03976369660459], [-122.06552251572302, 37.03976358947333], [-122.06551154272837, 37.03976413186392], [-122.06547840080952, 37.03976315933793], [-122.06544524070145, 37.03976283603063], [-122.06543431413624, 37.03976186559341], [-122.06542332801531, 37.039761543246], [-122.06539046522735, 37.03975797135302], [-122.06535750379905, 37.039755043988784], [-122.0653467486106, 37.03975321973188], [-122.06533585468989, 37.039752035639665], [-122.06530358815999, 37.03974589896875], [-122.06527114205822, 37.0397403954625], [-122.06526066047495, 37.03973773459729], [-122.0652499650991, 37.039735700415264], [-122.06521860647574, 37.03972705848204], [-122.06518698732042, 37.0397190314986], [-122.06517688180169, 37.039715559892024], [-122.06516648638424, 37.0397126950788], [-122.0651363335433, 37.0397016300968], [-122.06510585005347, 37.039691157878806], [-122.06509621846361, 37.03968690929417], [-122.0650862225227, 37.039683241135954], [-122.06495752183785, 37.0396297406775], [-122.06492095386805, 37.03961266427962], [-122.06488428090505, 37.03959569683394], [-122.0648828090363, 37.03959485152466], [-122.06488124602107, 37.03959412168791], [-122.06484694163508, 37.03957425397401], [-122.0648125204411, 37.03955448682756], [-122.06481115956922, 37.039553530437985], [-122.06480969270224, 37.0395526808405], [-122.06477797793441, 37.03953020980348], [-122.06474614425628, 37.03950783661448], [-122.06474490675748, 37.03950677771554], [-122.06474355099877, 37.03950581712891], [-122.06471473820804, 37.03948096373576], [-122.06468579170827, 37.03945619545573], [-122.0646846897106, 37.03945504450939], [-122.06468345788052, 37.03945398195875], [-122.06465782289176, 37.039426984466054], [-122.06463204398771, 37.039400060739844], [-122.06449524486037, 37.039241659888745], [-122.06447827605614, 37.03921979144107], [-122.06446058297165, 37.03919829298482], [-122.06445497374256, 37.03918976068582], [-122.064448619857, 37.03918157216911], [-122.0644344069462, 37.039158476281266], [-122.06441942731036, 37.03913569055793], [-122.06441488850312, 37.039126758902974], [-122.06440956620557, 37.039118110239734], [-122.06439824555682, 37.039094008473164], [-122.06438612418812, 37.039070155668576], [-122.06438269916829, 37.039060910002945], [-122.06437846016215, 37.03905188516197], [-122.06437452044285, 37.03904010528699], [-122.06430954018109, 37.03900658351617], [-122.06429532854067, 37.0389984347884], [-122.06428053734855, 37.03899097511827], [-122.06425944857007, 37.038977861750176], [-122.06423774250408, 37.0389654157766], [-122.06422459488921, 37.03895618906079], [-122.06421078780079, 37.03894760353858], [-122.06419140546474, 37.038932897406575], [-122.06417132408338, 37.0389188046613], [-122.06415936725384, 37.03890858866571], [-122.06414667717225, 37.038898960188995], [-122.06412918654348, 37.03888280211423], [-122.06411092472251, 37.03886719907739], [-122.06410027485028, 37.038856093063394], [-122.0640888228729, 37.03884551354085], [-122.06403642301265, 37.0387920131735], [-122.06403584476564, 37.038791359060234], [-122.06403519060402, 37.03879075203233], [-122.06401032515052, 37.038762492285315], [-122.06398538236013, 37.03873427789453], [-122.06398488660788, 37.03873358116445], [-122.06398431006262, 37.038732925892525], [-122.06396302588782, 37.03870285723838], [-122.0639416466786, 37.038672809914964], [-122.06394123839743, 37.03867207736797], [-122.06394074490015, 37.03867138020479], [-122.06392324223347, 37.03863978862013], [-122.06390563720412, 37.038608201453314], [-122.0639053204642, 37.038607440422986], [-122.06390491454698, 37.03860670771422], [-122.06389135837992, 37.03857389169715], [-122.06387770081545, 37.038541074517816], [-122.0638774786761, 37.03854029223956], [-122.06387716429779, 37.03853953122777], [-122.06386768458691, 37.03850580360204], [-122.0638581065, 37.038472075740046], [-122.06385798111336, 37.03847128007312], [-122.06385776122414, 37.038470497722436], [-122.0638467617998, 37.038419897616166], [-122.0638460928745, 37.03841557551528], [-122.0638449621985, 37.03841131350018], [-122.06384065884458, 37.03838046631783], [-122.06383589270884, 37.03834967191145], [-122.06383575536012, 37.03834531731774], [-122.06383515140841, 37.038340987616785], [-122.06383464045153, 37.03830995266892], [-122.06383366236916, 37.038278930260276], [-122.06383405820723, 37.038274585913086], [-122.06383398643369, 37.03827022958323], [-122.06383638704342, 37.03821662960097], [-122.06384387916411, 37.038146120696425], [-122.06385995592953, 37.038076540006585], [-122.06388446280282, 37.038008557674075], [-122.0639171635827, 37.03794282832251], [-122.06395774340271, 37.03787998495064], [-122.0639836384112, 37.03784801093023], [-122.06399056108485, 37.037821878770316], [-122.06401727312023, 37.03775443238095], [-122.06405210295347, 37.03768940971865], [-122.06409471500352, 37.037627436948455], [-122.06411059958968, 37.03760890129565], [-122.06407062611659, 37.03760301232023], [-122.06404611567612, 37.03759839442561], [-122.06402138328993, 37.037594609294786], [-122.06400317583036, 37.03759030423471], [-122.0639846961657, 37.03758682253007], [-122.06396086778841, 37.037580300645054], [-122.06393671787558, 37.03757459054677], [-122.06391912434749, 37.037568875473944], [-122.06390115941446, 37.037563958455664], [-122.06387824384481, 37.03755559587807], [-122.06385490770685, 37.03754801537086], [-122.06344400500087, 37.03739531405664], [-122.06343346707679, 37.03739088186866], [-122.06342255951884, 37.037387066477066], [-122.06339440213075, 37.037374451609324], [-122.06336583853815, 37.03736243809978], [-122.06335589264091, 37.037357198954574], [-122.06334550474834, 37.03735254502606], [-122.0633190254567, 37.037337778576756], [-122.06329206820641, 37.03732357830576], [-122.0632828116448, 37.03731758336119], [-122.06327304182363, 37.0373121351214], [-122.06324849402851, 37.037295358000684], [-122.06322340431568, 37.037279108875126], [-122.06321492521455, 37.03727241543638], [-122.0632058687283, 37.037266225739785], [-122.06303646862467, 37.03713842480008], [-122.0630310064784, 37.03713387870102], [-122.06302510389423, 37.03712969942019], [-122.06300039788235, 37.03710840325248], [-122.0629752324119, 37.03708745815342], [-122.06297035176759, 37.037082504071535], [-122.0629649892892, 37.03707788168656], [-122.06294300671283, 37.0370547474197], [-122.06292052265773, 37.0370319249498], [-122.06291627138052, 37.037026611398915], [-122.06291149974155, 37.03702158975899], [-122.062904702214, 37.03701275738754], [-122.0628834283187, 37.03700658159106], [-122.06284294904906, 37.03699492021516], [-122.06284195545224, 37.03699454216032], [-122.06284092131995, 37.036994241937016], [-122.06280209128714, 37.03697937339885], [-122.0627632052887, 37.036964576878816], [-122.06276226244267, 37.036964122424614], [-122.0627612702191, 37.036963742487], [-122.06272445013413, 37.03694589686962], [-122.06268755553972, 37.03692811357024], [-122.06268667283443, 37.03692758720782], [-122.06268573180814, 37.03692713114485], [-122.06265127330907, 37.03690647961247], [-122.06261672838171, 37.03688588138137], [-122.06261591407714, 37.03688528804369], [-122.06261503352562, 37.036884760345636], [-122.06258326900539, 37.03686150275591], [-122.06255140582998, 37.036838287014604], [-122.06255066795015, 37.036837632534144], [-122.06254985624464, 37.036837038224995], [-122.06252108157742, 37.036811390552955], [-122.06249221708583, 37.03678578894702], [-122.06249156319392, 37.03678508005409], [-122.06249082757807, 37.036784424419324], [-122.06246532428517, 37.036756635788564], [-122.06243973207434, 37.03672889260152], [-122.0624391677163, 37.036728135469566], [-122.06243851619966, 37.03672742551342], [-122.06235651670573, 37.03662822503215], [-122.06231142634529, 37.03656738997292], [-122.06227399109392, 37.03650330481301], [-122.06227023709464, 37.03649479139925], [-122.06226873061516, 37.03649396074741], [-122.06212875263168, 37.03640837340123], [-122.06203928144643, 37.0363635302236], [-122.06201541300986, 37.03635021834853], [-122.06199100284228, 37.03633755606421], [-122.06181036880236, 37.03623343125094], [-122.06156188655926, 37.03612223210241], [-122.06154770779453, 37.036115133802795], [-122.06153301671829, 37.03610874247667], [-122.06151029582274, 37.03609640425973], [-122.06148701635456, 37.03608474993213], [-122.06147377368183, 37.036076571574604], [-122.06145993490343, 37.03606905671094], [-122.06143883123563, 37.036054992104475], [-122.06141708962167, 37.03604156505851], [-122.06140491148032, 37.036032386173126], [-122.06139205724716, 37.036023819399674], [-122.06117055706605, 37.03586081827124], [-122.06114114874396, 37.03583694173832], [-122.06111160110201, 37.03581319524991], [-122.060906801349, 37.03563159406918], [-122.0608946096604, 37.03561965438444], [-122.0608816121012, 37.03560827413108], [-122.06086920940125, 37.03559500843077], [-122.06084256961091, 37.03558551986404], [-122.06080337810509, 37.03557167117751], [-122.06051580899577, 37.03545622995175], [-122.06026457610463, 37.035398223766784], [-122.06025529749701, 37.03539567997829], [-122.06024580267075, 37.035393711104625], [-122.06021355200338, 37.03538423546522], [-122.06018105599126, 37.03537532656947], [-122.0601721329823, 37.035372065910295], [-122.06016292473609, 37.03536936041921], [-122.06016011900614, 37.03536840839601], [-122.06013942062823, 37.03537077620942], [-122.06011531879587, 37.03537440002648], [-122.06009575583806, 37.03537577131054], [-122.06007631358194, 37.035377995464486], [-122.06005181353665, 37.03537885159808], [-122.0600273856912, 37.03538056391129], [-122.06000774866223, 37.035380391390404], [-122.05998812871529, 37.03538107695791], [-122.05996364300636, 37.03538000382184], [-122.05993912232597, 37.035379788359926], [-122.05991960168087, 37.03537807363314], [-122.05989999178641, 37.03537721416918], [-122.05987575382854, 37.035374221905926], [-122.05985137888715, 37.03537208073956], [-122.05972707775503, 37.03535618064341], [-122.05964069926245, 37.03534161516681], [-122.05955651758806, 37.03532033220073], [-122.05947534337322, 37.03529253666511], [-122.05939795859669, 37.03525849626269], [-122.05932510828566, 37.035218538889225], [-122.05925749414678, 37.03517304933738], [-122.0591957673013, 37.03512246572337], [-122.05914052226738, 37.035067275111956], [-122.05909229105484, 37.03500800914249], [-122.05905153817403, 37.034945238490316], [-122.05901865608925, 37.034879567782404], [-122.05899396147355, 37.03481162934763], [-122.05897769201826, 37.03474207760246], [-122.05897118495169, 37.03468240785429], [-122.05895444789617, 37.03469279142682], [-122.05892110562988, 37.03471365209445], [-122.05891955112261, 37.034714441292984], [-122.0589180953907, 37.034715344401164], [-122.05874229471692, 37.034813745113425], [-122.05866752864897, 37.03485135886276], [-122.05858852374134, 37.03488291638107], [-122.05850604102487, 37.03490811361609], [-122.05842087473152, 37.034926707986074], [-122.05833384518502, 37.034938520396985], [-122.05824579045705, 37.03494343706947], [-122.05815755859408, 37.03494141064909], [-122.0580699994027, 37.03493246068204], [-122.05798395601862, 37.03491667336796], [-122.05790025727055, 37.03489420068778], [-122.05781970915048, 37.03486525907405], [-122.05774308741721, 37.03483012736864], [-122.05767112998716, 37.03478914378747], [-122.05760452988457, 37.03474270315986], [-122.0575439284355, 37.034691252637444], [-122.05748990935807, 37.03463528768065], [-122.05744299285966, 37.03457534750426], [-122.0574036306517, 37.03451200908817], [-122.05737220195849, 37.034445882638224], [-122.05734900932812, 37.03437760488221], [-122.05733427611686, 37.03430783346082], [-122.05732814421143, 37.03423724023903], [-122.05733067264558, 37.03416650507517], [-122.05734183700913, 37.03409630914586], [-122.05736152975196, 37.0340273286386], [-122.05738956128376, 37.03396022772969], [-122.05742566162266, 37.03389565264826], [-122.05746948294853, 37.03383422529688], [-122.05752060338835, 37.03377653724253], [-122.05757853057214, 37.03372314406645], [-122.0576427065356, 37.033674559904924], [-122.0577125132879, 37.033631252716596], [-122.05785057121071, 37.033553978289945], [-122.05787963661201, 37.033533878275364], [-122.05791197978078, 37.03350762830921], [-122.05791313900563, 37.03350646163193], [-122.05793797586955, 37.03345123312079], [-122.0579387733045, 37.03344970021468], [-122.05793938869209, 37.03344811394225], [-122.05795575795705, 37.03341704992038], [-122.05797195114754, 37.03338592121949], [-122.05797293256511, 37.033384457829875], [-122.0579737386174, 37.03338292805669], [-122.05799382837121, 37.03335329786561], [-122.05801374789782, 37.03332359366622], [-122.0580149028767, 37.03332221512422], [-122.05801589256744, 37.03332075540552], [-122.05803951450333, 37.033292838964776], [-122.05806296337317, 37.03326485065535], [-122.05806428118841, 37.03326356958539], [-122.05806544466625, 37.0332621946258], [-122.05816194508253, 37.03315939520514], [-122.05818166631363, 37.0331404030411], [-122.05820067677892, 37.033120951284744], [-122.05820988814962, 37.03311322473093], [-122.05821841800925, 37.0331050101551], [-122.0582403662818, 37.03308765917716], [-122.05826166325362, 37.033069794994184], [-122.05827177503397, 37.03306282933628], [-122.05828126799535, 37.0330553247741], [-122.05830523075927, 37.033039782845975], [-122.05832861030427, 37.033023677413574], [-122.05850030979573, 37.032916678225405], [-122.05850493675834, 37.03291407644041], [-122.05850926957282, 37.03291116665503], [-122.05854106061987, 37.03289376319908], [-122.05857257256142, 37.03287604338055], [-122.05857749507442, 37.032873817750094], [-122.05857856502973, 37.03287323212405], [-122.05857578068631, 37.03287102115189], [-122.05855842764096, 37.03285846013003], [-122.05854444366175, 37.03284613775843], [-122.05852967986989, 37.03283441449045], [-122.05852600811575, 37.032830862487515], [-122.05847596719516, 37.032819128807695], [-122.0583940871975, 37.032792702751905], [-122.05831583231182, 37.03275996953087], [-122.05824195623705, 37.032721244496024], [-122.05817317046886, 37.03267690053532], [-122.05811013737004, 37.03262736468266], [-122.05805346414844, 37.032573114103435], [-122.05800369639663, 37.03251467117525], [-122.05796131354066, 37.03245259876402], [-122.0579267237369, 37.03238749468442], [-122.0579002600093, 37.032319985899946], [-122.05788217717459, 37.03225072263897], [-122.0578726494502, 37.032180371885396], [-122.05787176850743, 37.032109611233516], [-122.05787954288265, 37.032039122032494], [-122.05789589760559, 37.03196958316381], [-122.0579206750699, 37.031901664377806], [-122.05795363680167, 37.031836019727706], [-122.05799446533607, 37.03177328136499], [-122.05804276732816, 37.03171405352512], [-122.05809807767409, 37.031658906611256], [-122.05815986373908, 37.03160837172974], [-122.0582275304823, 37.03156293541298], [-122.05830042613024, 37.031523035428236], [-122.05834472422737, 37.03150359369105], [-122.0582607669153, 37.03147603935807], [-122.05824041230744, 37.03146840380683], [-122.05821962131998, 37.031461563252435], [-122.0582004628835, 37.03145341779957], [-122.05818082117652, 37.03144604966466], [-122.0581614979958, 37.031436851319455], [-122.0581416435634, 37.03142840989991], [-122.05812044181816, 37.03141829712451], [-122.05811192407451, 37.03141596815546], [-122.05807441934385, 37.03140605902232], [-122.0580232189852, 37.03139025881942], [-122.05800968672484, 37.031385459125254], [-122.05799579099512, 37.031381376856146], [-122.05796934764567, 37.03137115122844], [-122.05794250131439, 37.03136162918653], [-122.0579296201948, 37.03135578875357], [-122.05791629133013, 37.03135063451883], [-122.05789122673207, 37.03133838084415], [-122.057865672581, 37.03132679428242], [-122.05785356749134, 37.031319969720286], [-122.0578409329445, 37.03131379284842], [-122.05780953279232, 37.03129669274621], [-122.05780912099331, 37.03129644393364], [-122.05780868201953, 37.03129622879807], [-122.05777388202382, 37.03127515479953], [-122.05773904148019, 37.03125410642927], [-122.05773866277684, 37.031253827051245], [-122.05773825154374, 37.03125357797249], [-122.05770618148347, 37.031229860270926], [-122.05767409618156, 37.031206185707084], [-122.05767375313731, 37.03120587758682], [-122.05767337466598, 37.0312055976696], [-122.05764438157517, 37.03117949457386], [-122.0576153222752, 37.031153392026866], [-122.05761501833722, 37.0311530582566], [-122.05761467619281, 37.03115275014332], [-122.05758901177036, 37.03112449189274], [-122.05756328586403, 37.03109623386936], [-122.05756302447274, 37.03109587808208], [-122.05756272132216, 37.031095544317914], [-122.05754062762828, 37.03106539487786], [-122.05751848799059, 37.03103526174466], [-122.05751827135538, 37.031034887112874], [-122.05751801041754, 37.03103453105867], [-122.05745881115914, 37.03094383067675], [-122.05744603566419, 37.03092167380732], [-122.05743242310508, 37.03089983713616], [-122.0574275263193, 37.030889572343625], [-122.05742177495861, 37.03087959768473], [-122.0574117700748, 37.03085654401976], [-122.05740089242946, 37.03083374230386], [-122.05739727398112, 37.03082314179649], [-122.05739276997993, 37.03081276348109], [-122.05738563135256, 37.0307890335449], [-122.05737759415365, 37.030765487837776], [-122.0573752894119, 37.030754655198315], [-122.05737207550915, 37.030743971819845], [-122.05736787225803, 37.030719794488874], [-122.05736275252582, 37.03069573120572], [-122.0573617831565, 37.030684768916245], [-122.0573598909978, 37.030673885109316], [-122.05735866384309, 37.030649494622516], [-122.0573565105523, 37.030625144191745], [-122.05735688602614, 37.03061415896391], [-122.05735633355278, 37.030603178352614], [-122.05735809422009, 37.03057880790667], [-122.057358928279, 37.03055440648233], [-122.05736064493037, 37.03054350357105], [-122.05736143757039, 37.0305325324741], [-122.05736616907816, 37.030508418282096], [-122.05736998230853, 37.03048419935276], [-122.05737302365714, 37.0304734838207], [-122.0573751536923, 37.03046262791125], [-122.05738281056158, 37.03043900136205], [-122.05738956621985, 37.03041519909013], [-122.0573939027617, 37.03040477454409], [-122.05739734990193, 37.030394137862764], [-122.05740785905957, 37.03037122525785], [-122.05741749155563, 37.03034806997036], [-122.05742308146124, 37.03033803667397], [-122.05742781250416, 37.030327721896576], [-122.05744107122602, 37.03030574713799], [-122.0574534890177, 37.03028345858915], [-122.05746027927404, 37.03027391202964], [-122.057466248004, 37.030264019565045], [-122.05748212945741, 37.03024319239112], [-122.05749721226026, 37.030221987221886], [-122.05750513650277, 37.03021302070709], [-122.05751228621637, 37.03020364448065], [-122.05753063771392, 37.03018416531985], [-122.05754823998866, 37.03016424780131], [-122.05755722227678, 37.03015594717133], [-122.05756548383077, 37.03014717794476], [-122.05758612821744, 37.030129234862045], [-122.05760608086318, 37.030110796368156], [-122.05761603498934, 37.030103241342076], [-122.0576253285225, 37.030095163842624], [-122.05764806702403, 37.03007892949748], [-122.0576701777246, 37.03006214778681], [-122.05768100699257, 37.0300554116907], [-122.0576912438571, 37.03004810300396], [-122.05771585789321, 37.030033733493084], [-122.05773991339444, 37.030018770383506], [-122.0577515143616, 37.03001291756591], [-122.05776259507931, 37.030006448742384], [-122.05778884570282, 37.02999408350531], [-122.05781461623249, 37.02998108202462], [-122.05782687802626, 37.02997616857254], [-122.0578386951293, 37.029970602216274], [-122.0578663302752, 37.029960359676146], [-122.05789356693731, 37.02994944566419], [-122.0579063699028, 37.02994551966273], [-122.05791881098646, 37.02994090851347], [-122.05794756512239, 37.029932887065996], [-122.0579760049969, 37.02992416588001], [-122.05798199461614, 37.02992285159107], [-122.05799485161236, 37.02991633438049], [-122.0580257398175, 37.02990011508568], [-122.05803214005826, 37.02989743274716], [-122.05803824418626, 37.029894338549404], [-122.05807123653197, 37.02988104748384], [-122.05810395987778, 37.02986733313737], [-122.05811065718964, 37.02986516668301], [-122.05811711025683, 37.029862567057464], [-122.05815157127445, 37.029851931898314], [-122.05818581106708, 37.02984085598903], [-122.05818717119583, 37.02984047710783], [-122.05820042464987, 37.02983594881605], [-122.05823522757068, 37.02982360863509], [-122.05827412725553, 37.02981160878865], [-122.05830854712015, 37.02980251835467], [-122.0583427624773, 37.02979294448682], [-122.05835044780257, 37.02979145217823], [-122.05835795829304, 37.029789468658315], [-122.05839332537916, 37.029783126618], [-122.0584285446741, 37.029776287982294], [-122.0584363747925, 37.029775406887794], [-122.0584440922798, 37.02977402299687], [-122.05848006562806, 37.029770490642456], [-122.0585159502101, 37.029766452786134], [-122.05852385048017, 37.02976619123709], [-122.05853169969606, 37.0297654205296], [-122.05856792833704, 37.029764732213], [-122.05857124287353, 37.02976462248947], [-122.05858042153405, 37.02975857135175], [-122.05861211968762, 37.02973739916084], [-122.05861450889734, 37.02973609873054], [-122.05861673886582, 37.02973462856423], [-122.05865100704763, 37.02971623261759], [-122.05868514347631, 37.029697651999534], [-122.05868768072322, 37.02969654528219], [-122.05869007910202, 37.02969525781316], [-122.05872642668074, 37.0296796452927], [-122.05876267471398, 37.02966383483411], [-122.05876533501497, 37.02966293289884], [-122.05876787928416, 37.02966184002697], [-122.05880596683846, 37.0296491569681], [-122.05884396691256, 37.02963627327145], [-122.0588467238511, 37.02963558492253], [-122.05884939027318, 37.02963469700568], [-122.05888885021773, 37.02962506686638], [-122.0589282371164, 37.0296152327776], [-122.05893106509299, 37.029614764392036], [-122.05893382702553, 37.029614090322895], [-122.0589742749359, 37.029607607313054], [-122.05901467369263, 37.02960091594551], [-122.05901754488175, 37.02960067207993], [-122.05902037638809, 37.02960021823284], [-122.05906142519616, 37.02959694490321], [-122.05910244444786, 37.02959346066667], [-122.05910533183877, 37.02959344363075], [-122.05910820498207, 37.02959321447138], [-122.0591494545084, 37.029593182622015], [-122.05919070395295, 37.02959293865712], [-122.05919357943745, 37.0295931485885], [-122.05919646675848, 37.02959314633285], [-122.05923752013702, 37.02959635615197], [-122.05927860220389, 37.02959935507536], [-122.05928143837495, 37.02959978995398], [-122.05928431199143, 37.0296000146514], [-122.05932477577483, 37.02960643525703], [-122.05936529283255, 37.029612648136876], [-122.059368062085, 37.02961330377779], [-122.05937089447967, 37.02961375322711], [-122.05941037594728, 37.029623322104854], [-122.05944994096937, 37.02963268962702], [-122.05945261707133, 37.02963355987318], [-122.05945538052993, 37.0296342296182], [-122.05949350148805, 37.02964685489395], [-122.05953173142653, 37.02965928676854], [-122.05953428817612, 37.0296603630294], [-122.05953695658023, 37.029661246823885], [-122.05957335435576, 37.029676808713766], [-122.05960987655295, 37.02969218336531], [-122.05961228900803, 37.02969345516745], [-122.05961483682907, 37.02969454451631], [-122.0596491533176, 37.02971288992156], [-122.05968362362086, 37.02973106247461], [-122.05975337447427, 37.02977190125459], [-122.05979254406469, 37.02979195997607], [-122.05982782711955, 37.02980603393026], [-122.05990453873758, 37.02983120240936], [-122.05994316838492, 37.029840598773475], [-122.06006148998857, 37.02986184803616], [-122.06007540968771, 37.02986493005441], [-122.06008955239496, 37.02986726828568], [-122.06029404238335, 37.02990956007639], [-122.06102367546156, 37.03004662514724], [-122.06103387837611, 37.03004897066833], [-122.06104427269584, 37.03005070033104], [-122.06121609854537, 37.03008642554831], [-122.06132008785781, 37.03010446996527], [-122.06146251253419, 37.030120138170986], [-122.06165429289399, 37.030132453632426], [-122.06178798387661, 37.03013112435609], [-122.06190023753122, 37.030126830546635], [-122.06190045305624, 37.03012683080837], [-122.06190066834003, 37.03012681412179], [-122.06198326593207, 37.030123686365464], [-122.06199791610453, 37.03012189571054], [-122.062011998702, 37.03011653280641], [-122.06205457251254, 37.03009807758865], [-122.06214726304948, 37.030057742887415], [-122.06216367160192, 37.03005141762118], [-122.06217959792164, 37.03004434407083], [-122.06224659757095, 37.030017944226216], [-122.06227300982539, 37.03000879818688], [-122.06229901367013, 37.02999893446046], [-122.06235831319421, 37.02997923459644], [-122.06239364702486, 37.0299690944719], [-122.0624287949445, 37.02995853813131], [-122.06248889444058, 37.029943138275016], [-122.06252349238278, 37.02993575158781], [-122.06255792237836, 37.02992785021343], [-122.06256612708115, 37.02992664910264], [-122.06257418447369, 37.02992492879003], [-122.0626095188023, 37.02992029654959], [-122.06264474906604, 37.0299151388588], [-122.06269094873004, 37.02991023889794], [-122.06269553464637, 37.02990993511455], [-122.06270006739932, 37.02990930983057], [-122.06273949647505, 37.02990702290273], [-122.06277891120384, 37.02990441197363], [-122.06278351189857, 37.02990447003739], [-122.06278809959967, 37.029904203943225], [-122.06285279905627, 37.02990300392185], [-122.06286823844331, 37.02990332534482], [-122.06288367169047, 37.02990285627524], [-122.06291233050668, 37.029904243175714], [-122.06294103162817, 37.02990484059232], [-122.06295635707943, 37.02990637367402], [-122.0629717737118, 37.029907119735974], [-122.0630001249956, 37.029910752110396], [-122.06302861473833, 37.029913602070195], [-122.06304367904305, 37.02991633212736], [-122.06305893018407, 37.029918286105996], [-122.06312052969908, 37.029928685978966], [-122.0631604125859, 37.02993707711278], [-122.06320034327129, 37.02994525714099], [-122.06320308204671, 37.02994605451342], [-122.06320590146849, 37.0299466477233], [-122.06324456172136, 37.02995813127112], [-122.06328330487395, 37.02996941120248], [-122.06334570453119, 37.02999041103797], [-122.06337023888806, 37.02999982833714], [-122.06339519932135, 37.030008498034036], [-122.06341002106824, 37.03001509820551], [-122.06342531375856, 37.03002096816851], [-122.06344857940287, 37.0300322684778], [-122.0634517132259, 37.03003366398014], [-122.06345367271862, 37.03003228524356], [-122.06345724524925, 37.03002929445628], [-122.06348683336137, 37.03000895288411], [-122.0635161295525, 37.029988339660555], [-122.06352032706913, 37.02998592628642], [-122.06352424764789, 37.02998323093028], [-122.0635561802652, 37.02996531243253], [-122.06358785529291, 37.02994710073931], [-122.06359232721037, 37.02994502908742], [-122.06359655876118, 37.02994265455927], [-122.06363052547009, 37.029927332996934], [-122.06366427701323, 37.02991169693926], [-122.06366898183434, 37.029909986242124], [-122.06367348224363, 37.02990795618646], [-122.06370915790612, 37.02989537781201], [-122.06374465907224, 37.029882469217284], [-122.06410928120508, 37.02976682578064], [-122.06410984932276, 37.02976640335627], [-122.064142853082, 37.02974630165119], [-122.06417570517232, 37.02972604288762], [-122.06417798878994, 37.029724901421126], [-122.0641801311769, 37.0297235965878], [-122.06421542960474, 37.02970618715868], [-122.06425060398077, 37.02968860574404], [-122.0642530159695, 37.02968764926527], [-122.0642553078802, 37.029686518949966], [-122.0642925711389, 37.029671964689435], [-122.06432971905141, 37.029657234634904], [-122.06433223579899, 37.029656472512265], [-122.06433465528974, 37.02965552753883], [-122.06437351656216, 37.02964397238948], [-122.06441228824151, 37.02963223191311], [-122.06441488695262, 37.02963167108778], [-122.0644174095097, 37.029630920997825], [-122.06445749632243, 37.02962247523612], [-122.0644975164398, 37.02961383828775], [-122.06450017028654, 37.029613484497304], [-122.0645027733417, 37.02961293605355], [-122.06454370672795, 37.02960768033957], [-122.06458342433189, 37.029602385280384], [-122.06459734343336, 37.02959271152076], [-122.06460259988499, 37.02958972811435], [-122.06460752685358, 37.029586401649524], [-122.06463861191415, 37.029569288521415], [-122.06466938151524, 37.02955182450522], [-122.06467497697568, 37.02954926869029], [-122.06468028721358, 37.02954634528723], [-122.06468862955663, 37.02954266057103], [-122.06471097708038, 37.029521940983535], [-122.06471221581117, 37.029520997692124], [-122.06471333792096, 37.029519965324006], [-122.06474420727069, 37.02949663744207], [-122.06477497507477, 37.02947320896596], [-122.06477632318455, 37.0294723675835], [-122.06477756602347, 37.02947142838009], [-122.06481114154299, 37.02945063691085], [-122.06484462253599, 37.02942974093519], [-122.06484606677027, 37.02942900964997], [-122.06484741864878, 37.02942817253298], [-122.064883382322, 37.02941011570845], [-122.06491054965039, 37.02939636001414], [-122.06491836756275, 37.02938845049901], [-122.06492426087776, 37.029383561208114], [-122.06492965323763, 37.02937831191403], [-122.06494730352385, 37.02936421024802], [-122.06496423707272, 37.029333793085485], [-122.06498118638895, 37.02930295986573], [-122.06498222283973, 37.0293014857624], [-122.06498308320319, 37.029299940232285], [-122.06500389208365, 37.02927066503445], [-122.06502452737818, 37.0292413148201], [-122.06502573914354, 37.02923992917356], [-122.06502678420345, 37.029238458833426], [-122.0650510724274, 37.02921095904835], [-122.06505377771785, 37.029207865468955], [-122.06504597015301, 37.029194672907806], [-122.06503017710925, 37.029169274051775], [-122.06502706042033, 37.02916272088516], [-122.06502330991088, 37.029156383658496], [-122.06501134183635, 37.02912967139536], [-122.0649987299801, 37.0291031537192], [-122.06499642944631, 37.029096387040184], [-122.06499347176502, 37.02908978572862], [-122.06498482693448, 37.02906226116283], [-122.06497551780598, 37.02903488045392], [-122.06494421907385, 37.028921080271644], [-122.0649294651995, 37.02885131160576], [-122.06492331184633, 37.0287807194058], [-122.06492581822522, 37.02870998352868], [-122.06493696010675, 37.028639785335315], [-122.06495663013358, 37.028570800662145], [-122.06498463879146, 37.02850369405984], [-122.0650207166347, 37.028439111599845], [-122.06506451581588, 37.02837767538816], [-122.06511561477618, 37.02831997702233], [-122.06517352134767, 37.02826657220791], [-122.06523767765721, 37.02821797511864], [-122.06530746613966, 37.0281746539373], [-122.06538221454731, 37.02813702575755], [-122.06546120296456, 37.028105452943926], [-122.06554367093271, 37.02808023967289], [-122.0656288240114, 37.028061628559456], [-122.06571584222984, 37.028049799011484], [-122.06580388764756, 37.02804486485558], [-122.06589211223132, 37.02804687367815], [-122.06597966652095, 37.02805580599231], [-122.06606570715235, 37.02807157592802], [-122.06614940573402, 37.02809403157231], [-122.06622995602076, 37.02812295664806], [-122.066306582431, 37.02815807265392], [-122.06637854698606, 37.02819904135251], [-122.0664451566882, 37.028245468163135], [-122.06650576988062, 37.028296906087526], [-122.06655980294373, 37.02835285972825], [-122.06660673551916, 37.028412790196924], [-122.0666461156185, 37.028476120291984], [-122.06667756393846, 37.02854224021105], [-122.06669462797696, 37.02859242686355], [-122.06671032263094, 37.02861192737412], [-122.06679212345354, 37.02872542680752], [-122.06679809236806, 37.028734735242345], [-122.06680484856476, 37.02874368957691], [-122.0668182590892, 37.02876618487628], [-122.06683247929978, 37.02878836086413], [-122.06683728142846, 37.02879809342629], [-122.06684291053237, 37.02880753574931], [-122.0668535065619, 37.02883097692935], [-122.06686494712675, 37.02885416334247], [-122.06686853617381, 37.02886422592273], [-122.06687298397705, 37.0288740655782], [-122.0669440857923, 37.02905926508607], [-122.06694440873878, 37.02906028098555], [-122.0669448512019, 37.02906126888974], [-122.0669553097194, 37.029094577925605], [-122.06696588116081, 37.029127838000676], [-122.06696607838064, 37.02912887490574], [-122.06696639782511, 37.02912989221986], [-122.06697273045545, 37.02916384468392], [-122.0669791883819, 37.02919779344543], [-122.0669792579736, 37.02919884133556], [-122.06697945136939, 37.0291998783908], [-122.0669816024616, 37.029234160788796], [-122.06698387918462, 37.029268457785655], [-122.06698382026731, 37.02926950592724], [-122.06698388604133, 37.02927055342678], [-122.06698183545595, 37.02930484434001], [-122.06697990857776, 37.029339150558094], [-122.06697972183551, 37.0293401889509], [-122.0669796592138, 37.02934123661264], [-122.06697342379233, 37.02937521527288], [-122.06696731454775, 37.029409190868414], [-122.06696700202258, 37.029410208801735], [-122.06696681145668, 37.029411247254586], [-122.06690371425545, 37.029667147797774], [-122.06689929079154, 37.02968137748005], [-122.06689589486366, 37.029695787230885], [-122.06688862454718, 37.02971568906259], [-122.06688236912541, 37.029735811606734], [-122.06687622720015, 37.02974962520601], [-122.06687108608922, 37.029763698618396], [-122.06686141759074, 37.02978293347769], [-122.06685273233481, 37.02980246740295], [-122.06684493170772, 37.0298157310786], [-122.06683809438981, 37.02982933350602], [-122.06682612012783, 37.02984771705935], [-122.06681508930807, 37.02986647319062], [-122.066805704949, 37.02987905971152], [-122.06679723733976, 37.02989205961499], [-122.06678307372535, 37.02990941312559], [-122.066769802511, 37.029927212637645], [-122.06675892392138, 37.02993900173743], [-122.06674890840009, 37.029951272845324], [-122.06673269182764, 37.029967429271366], [-122.06671730801082, 37.029984100637776], [-122.06670504047135, 37.02999497812334], [-122.06669357302638, 37.03000640301455], [-122.06667545953522, 37.03002120709669], [-122.06665811146672, 37.03003658940893], [-122.06664457318735, 37.03004645038317], [-122.06663176421984, 37.03005691914139], [-122.06661717752792, 37.03006670633309], [-122.06661519108924, 37.030072156467554], [-122.06660620704149, 37.03009295557886], [-122.06659819161187, 37.03011400875332], [-122.06659177324424, 37.03012637133324], [-122.06658630775993, 37.03013902454021], [-122.06657482389156, 37.03015901804818], [-122.06656427344632, 37.03017933943779], [-122.06655637497423, 37.030191137630034], [-122.06654938856246, 37.03020330085483], [-122.06653551515704, 37.03022229627343], [-122.06652253158913, 37.0302416899909], [-122.06651322848195, 37.030252810990994], [-122.06650478891683, 37.030264366320665], [-122.06648866146759, 37.03028217839287], [-122.06647336811687, 37.03030046007707], [-122.06646274926135, 37.03031079722532], [-122.06645293852226, 37.03032163280781], [-122.06643471111052, 37.03033809174655], [-122.0664172563107, 37.03035508354261], [-122.0664054255903, 37.03036453588596], [-122.06639433656444, 37.03037454896904], [-122.06637418358788, 37.03038949704553], [-122.06635473653456, 37.030405034513336], [-122.06634180737612, 37.03041351144985], [-122.06632954749789, 37.030422604984416], [-122.06630766467687, 37.03043589698701], [-122.0662864111226, 37.030449831771634], [-122.06627250718189, 37.03045725215457], [-122.06625919524421, 37.03046533810489], [-122.06623579303964, 37.030476846335226], [-122.06621293790721, 37.030489043934175], [-122.06619819453574, 37.03049533563293], [-122.06618395740679, 37.030502336843824], [-122.06615925910673, 37.03051195128223], [-122.06614109966225, 37.03051970079243], [-122.06611361703027, 37.030540469558765], [-122.06608342128742, 37.03056353636922], [-122.06608150856735, 37.03056473406464], [-122.06607974326042, 37.03056606813109], [-122.06604673629637, 37.030586507743976], [-122.06601386007297, 37.03060709413386], [-122.06601181052527, 37.0306081355291], [-122.0660098902622, 37.030609324690765], [-122.06597454349303, 37.03062707202716], [-122.06593930868483, 37.030644975726645], [-122.0659371414279, 37.03064585123682], [-122.06593508524331, 37.03064688356444], [-122.06589773477943, 37.030661769278026], [-122.06586048486315, 37.030676816221415], [-122.06585822170591, 37.030677516913805], [-122.06585604860372, 37.030678383001856], [-122.06581949856952, 37.030689518296455], [-122.06581158545708, 37.03069445707992], [-122.06578887071547, 37.03070595828417], [-122.06576672110248, 37.03071815233669], [-122.06575157668735, 37.03072484149608], [-122.06573695860071, 37.03073224312188], [-122.06571294587432, 37.03074190441913], [-122.0656894133514, 37.030752298549174], [-122.06567300040325, 37.03075872756963], [-122.06561920417367, 37.03079999221139], [-122.06562002955559, 37.03080043976872], [-122.06565692941463, 37.03082263962721], [-122.06567371857057, 37.030833813505126], [-122.06571286851938, 37.03080481106623], [-122.06578325413386, 37.03076211279195], [-122.06585852074832, 37.03072515131534], [-122.06593794355705, 37.03069428256517], [-122.06602075777818, 37.03066980374595], [-122.06610616588095, 37.030651950690945], [-122.06619334537396, 37.03064089530975], [-122.06628145658185, 37.03063674393699], [-122.06632395107779, 37.030638089619195], [-122.06632491048282, 37.03063776545164], [-122.0663290632708, 37.03063673311958], [-122.06633308683479, 37.030635410239185], [-122.06637120914428, 37.03062625627671], [-122.0664092144007, 37.03061680869467], [-122.0665742129109, 37.03058280897684], [-122.06666067288897, 37.0305685779799], [-122.06674845626546, 37.030561209900945], [-122.06683671773, 37.030560775610034], [-122.06692460727922, 37.03056727932886], [-122.06701127853792, 37.03058065842593], [-122.06709589684449, 37.03060078411095], [-122.06717764721952, 37.03062746248892], [-122.06725574254607, 37.0306604366974], [-122.06731872077302, 37.0306937277655], [-122.06734337198276, 37.03069055920465], [-122.06734863137594, 37.03069030254085], [-122.06735384349211, 37.030689682689605], [-122.06739267084673, 37.03068815342818], [-122.0674314721844, 37.030686259962124], [-122.06743673763934, 37.03068641780818], [-122.0674420004752, 37.030686210564284], [-122.06755789936028, 37.030686210551465], [-122.06758917987324, 37.030687442595145], [-122.06762049184937, 37.03068795880154], [-122.06762362545552, 37.030688258534404], [-122.06760011625583, 37.030655078759985], [-122.06756425240457, 37.03059041946967], [-122.06753646614771, 37.03052325311094], [-122.06751702523599, 37.030454226658826], [-122.0675061168136, 37.03038400475185], [-122.06750384591687, 37.03031326382092], [-122.06751023421242, 37.03024268504826], [-122.06752522041147, 37.03017294815116], [-122.06754866001432, 37.03010472479957], [-122.06758032730515, 37.03003867187151], [-122.06761991733565, 37.02997542560969], [-122.06766704870455, 37.02991559506355], [-122.06772126767572, 37.029859756352806], [-122.06778205184118, 37.029808447378485], [-122.06784881603647, 37.02976216219096], [-122.0679209172299, 37.02972134652179], [-122.06797538516001, 37.02969653899469], [-122.06799183065871, 37.02968000506321], [-122.06801640988358, 37.02965481031436], [-122.06801933803929, 37.029652349851936], [-122.06802198214228, 37.02964969155334], [-122.06804979575176, 37.029626757146545], [-122.06807733983248, 37.02960361266193], [-122.06808055419074, 37.029601394580204], [-122.06808351096407, 37.02959895642534], [-122.06811399625953, 37.029578316962066], [-122.06814423540378, 37.029557449665425], [-122.06821503518204, 37.029513249993336], [-122.06824172549273, 37.029498213937735], [-122.06826792605482, 37.029482634629254], [-122.06827781761794, 37.02947788121994], [-122.0682872520438, 37.02947256634036], [-122.06831564968851, 37.02945970118831], [-122.06834363101592, 37.029446254779344], [-122.06835405605112, 37.029442301673605], [-122.06836409485012, 37.02943775367153], [-122.06839392895645, 37.029427181957466], [-122.06842341895042, 37.02941599935588], [-122.06843427682045, 37.02941288461316], [-122.06844482344425, 37.02940914734904], [-122.06847580754483, 37.02940097066305], [-122.06850652145968, 37.029392159782304], [-122.06851770724155, 37.02938991340612], [-122.06852866063008, 37.02938702277284], [-122.06856049515193, 37.02938132042824], [-122.06859213818832, 37.02937496557694], [-122.06860354537766, 37.02937360899528], [-122.0686147987191, 37.0293715931789], [-122.06864717708255, 37.02936841991661], [-122.06867944471648, 37.02936458243206], [-122.06869096207551, 37.02936412883329], [-122.06870240833119, 37.02936300700431], [-122.06873501930474, 37.029362393462044], [-122.06876760011644, 37.02936111020025], [-122.06881079968464, 37.029361110216044], [-122.06883610234658, 37.02936210680077], [-122.06886143707777, 37.02936225396695], [-122.06888015576773, 37.02936384193713], [-122.0688989551849, 37.029364582405414], [-122.0689240154083, 37.02936756277511], [-122.0689492089229, 37.02936970001916], [-122.0689676421755, 37.02937275115073], [-122.06898626170711, 37.02937496552408], [-122.06901083700329, 37.02937990091481], [-122.06903564783669, 37.02938400768359], [-122.06905361994762, 37.02938849292547], [-122.06907187840092, 37.02939215968149], [-122.0690957321304, 37.029399002626654], [-122.06911992129794, 37.02940503936749], [-122.06913725831225, 37.02941091526034], [-122.0691549809555, 37.029415999316576], [-122.06917788322481, 37.029424683834165], [-122.06920121792692, 37.029432592384424], [-122.0692177530205, 37.02943980227463], [-122.0692347688881, 37.029446254696964], [-122.06925649957273, 37.029456697304745], [-122.0692787547618, 37.02946640144491], [-122.06929432868552, 37.02947487593869], [-122.06931047383127, 37.02948263450766], [-122.06933082257653, 37.02949473413294], [-122.06933501007646, 37.029497012829516], [-122.06933501011942, 37.02949469657826], [-122.06933532106125, 37.02948962266189], [-122.06933509935071, 37.02948454573949], [-122.06933748625606, 37.029454292920526], [-122.06933934175886, 37.029424017454495], [-122.0693402714732, 37.029418992560245], [-122.0693406715234, 37.02941392249763], [-122.06934674551553, 37.029384002641606], [-122.06935229332576, 37.02935401907517], [-122.06935383290465, 37.02934909126804], [-122.06935485085447, 37.029344077161404], [-122.0693816519278, 37.02924347741766], [-122.06938421787511, 37.029235729049326], [-122.06938604308556, 37.02922784705196], [-122.06939553817084, 37.02920154567453], [-122.06940430162413, 37.029175082705045], [-122.06940780218758, 37.0291675737781], [-122.0694105824036, 37.02915987270067], [-122.06942324731894, 37.0291344437727], [-122.06943520354366, 37.029108797364785], [-122.06943960546836, 37.02910159945979], [-122.06944331357839, 37.02909415417608], [-122.06956671542478, 37.02887785502595], [-122.06957451678007, 37.028865784362175], [-122.06958139404702, 37.02885335742748], [-122.06959480911338, 37.02883438716377], [-122.06960732300743, 37.02881502502215], [-122.06961656266445, 37.028803625372134], [-122.06962492586423, 37.02879179888419], [-122.06966464655069, 37.02874154823213], [-122.06963383005306, 37.028646978471585], [-122.06961573664533, 37.028577716995805], [-122.06960619778796, 37.02850736699237], [-122.06960530525076, 37.02843660622858], [-122.06961306767526, 37.02836611605462], [-122.06962941008851, 37.02829657527029], [-122.06965417533235, 37.02822865364612], [-122.06968712482033, 37.0281630052591], [-122.06972794108557, 37.02810026247346], [-122.06977623112179, 37.02804102938696], [-122.06983152982251, 37.027985876449776], [-122.06989330477212, 37.02793533482363], [-122.06996096080556, 37.02788989127999], [-122.07003384658647, 37.02784998347461], [-122.07011126005709, 37.027815995573825], [-122.07019245567174, 37.0277882550666], [-122.07027665163712, 37.0277670290358], [-122.07036303690869, 37.02775252195972], [-122.07045077987426, 37.02774487343685], [-122.07053903522353, 37.027744157158075], [-122.07062695328959, 37.0277503799885], [-122.07071368712872, 37.027763482113], [-122.07079840173529, 37.027783337288625], [-122.07088028121885, 37.02780975425269], [-122.07095853687387, 37.02784247867872], [-122.07103241524673, 37.027881195402735], [-122.0711012048415, 37.02792553163011], [-122.0711642431622, 37.027975060235576], [-122.07122092306425, 37.0280293044095], [-122.07127069866544, 37.02808774157982], [-122.07131309078537, 37.028149809133026], [-122.07134769093346, 37.02821490931254], [-122.07137416596112, 37.02828241502373], [-122.07150957034519, 37.028697914089925], [-122.07151199563013, 37.02870719699548], [-122.07151524675784, 37.0287163180708], [-122.071521039662, 37.02874181414183], [-122.07152766550402, 37.028767175389795], [-122.0715289442704, 37.02877660454551], [-122.07153106461647, 37.02878593680515], [-122.07153371269439, 37.028811765133746], [-122.07153720616553, 37.02883752517049], [-122.07153732603155, 37.02884700916741], [-122.07153829531757, 37.02885646339415], [-122.07153777303476, 37.028882374993195], [-122.07153810049101, 37.02890828602999], [-122.07153706030336, 37.02891773462846], [-122.07153686908022, 37.02892721862482], [-122.07153318196431, 37.02895296186503], [-122.07153033988948, 37.028978776348204], [-122.07152814941361, 37.02898809822192], [-122.07152679979686, 37.02899752105249], [-122.07151998297057, 37.029022851386216], [-122.07151399893189, 37.029048317407515], [-122.0715106796238, 37.02905742141155], [-122.0715081843924, 37.0290666935762], [-122.07149830320847, 37.029091367593075], [-122.07148923505419, 37.02911623942981], [-122.07148481877348, 37.029125038737035], [-122.07148120195608, 37.029134070192484], [-122.07146835230633, 37.02915784796563], [-122.07145628679069, 37.029181888233346], [-122.07145081582263, 37.02919029853183], [-122.07144611243454, 37.02919900184449], [-122.071430417495, 37.02922165573885], [-122.071415471223, 37.02924463170316], [-122.07140899884298, 37.02925257102032], [-122.07140325373793, 37.02926086334044], [-122.0713848639977, 37.02928217566953], [-122.07136718166339, 37.02930386545203], [-122.07135976995811, 37.029311257653156], [-122.07135303863832, 37.0293190588283], [-122.07126493530829, 37.029411153465034], [-122.07117703800215, 37.02952235547965], [-122.07114566099072, 37.0295773552949], [-122.07114834488037, 37.02958805697009], [-122.07115232823202, 37.02960928290292], [-122.07115733132865, 37.02963036961874], [-122.07118683325999, 37.0297995694017], [-122.07118985663963, 37.02982648812672], [-122.07119365812866, 37.02985334371454], [-122.07119381300234, 37.02986171276503], [-122.07119474921666, 37.029870048630464], [-122.07119446721295, 37.02989707443829], [-122.07119496715679, 37.02992410032755], [-122.0711895686009, 37.030050400424116], [-122.07118796997321, 37.03006574344391], [-122.07118743503581, 37.03008113337031], [-122.07118429824986, 37.030100981923525], [-122.07118222093459, 37.03012091917549], [-122.07117875458682, 37.03013606143422], [-122.07117634053984, 37.0301513365045], [-122.07115224176698, 37.03026053675203], [-122.07114828479158, 37.03027444862621], [-122.07114535133414, 37.03028852121073], [-122.07113847868128, 37.03030892462713], [-122.0711326177999, 37.030329529946094], [-122.07112697954216, 37.03034306259678], [-122.07112233940322, 37.03035683823764], [-122.07107134065379, 37.0304832386113], [-122.07106960100855, 37.030486922376696], [-122.07106826875132, 37.03049071263256], [-122.07105397916476, 37.03052000199149], [-122.07104008726297, 37.03054941822503], [-122.07103790596334, 37.03055294700582], [-122.07103611647676, 37.03055661487628], [-122.07094501785588, 37.03071931550847], [-122.07094164729875, 37.03072462183143], [-122.07093882799633, 37.0307301306897], [-122.07082612959745, 37.030922831500966], [-122.07081690341403, 37.03093678205313], [-122.07080863713246, 37.03095111366411], [-122.07079624245117, 37.03096802260252], [-122.07078478235384, 37.03098535107134], [-122.07077389473557, 37.030998509794294], [-122.0707639164377, 37.031012122374115], [-122.0706960373436, 37.03109511326315], [-122.07071814452497, 37.031094051662954], [-122.07080634341573, 37.031096764974706], [-122.0708937859242, 37.03110639608292], [-122.07097962996524, 37.031122852401964], [-122.07106304887225, 37.03114597530614], [-122.07114323912792, 37.03117554226319], [-122.0712194285504, 37.0312112685207], [-122.07129088356679, 37.03125280986683], [-122.07135691580065, 37.03129976637726], [-122.07141688945063, 37.031351685807785], [-122.07147022685558, 37.03140806823448], [-122.07151641451152, 37.03146837051728], [-122.07155500738732, 37.031532012012185], [-122.07158563392058, 37.03159837983804], [-122.07160799920607, 37.03166683485044], [-122.07162188762128, 37.031736717701456], [-122.07162716555679, 37.03180735553105], [-122.07162378201946, 37.03187806792105], [-122.07161176978467, 37.03194817393505], [-122.07159124430876, 37.032016998419714], [-122.0715624034265, 37.03208387849279], [-122.07152552468615, 37.03214817010258], [-122.07148096336458, 37.032209254142366], [-122.07142914846307, 37.03226654218836], [-122.07137057914802, 37.032319482601814], [-122.07130581940623, 37.032367565535544], [-122.07123549292419, 37.03241032794212], [-122.07116027685237, 37.03244735785229], [-122.07108089579143, 37.032478298835365], [-122.07106434650166, 37.032483207493485], [-122.07106135346795, 37.03248575027092], [-122.07103417598137, 37.032504713713614], [-122.07100742793513, 37.032524068296816], [-122.07100089690498, 37.03252793466787], [-122.07099477310312, 37.03253220760588], [-122.07096540652272, 37.032548944908896], [-122.07093642235763, 37.03256610336077], [-122.07092945031474, 37.032569437780765], [-122.07092283341217, 37.032573209007786], [-122.0708477330214, 37.032611709363835], [-122.0708345891225, 37.032617740405186], [-122.07082195823078, 37.032624437995295], [-122.07079630740434, 37.03263530601002], [-122.07077112684209, 37.03264686006576], [-122.07075730923813, 37.03265182910498], [-122.07074391997396, 37.0326575019792], [-122.07071706384879, 37.03266630199792], [-122.07069059201707, 37.03267582163752], [-122.07067623351553, 37.03267968085732], [-122.07066221505968, 37.03268427431921], [-122.07055720876619, 37.03271395003493], [-122.07053620703098, 37.032720969625586], [-122.0705300752748, 37.032725688852715], [-122.0705043952301, 37.03274359735993], [-122.07047922250247, 37.03276196486514], [-122.07047111049089, 37.03276680910464], [-122.07046347859176, 37.03277213133415], [-122.07043573142272, 37.03278793624801], [-122.07040843558694, 37.03280423640782], [-122.07028503505003, 37.03287063694555], [-122.07027862229472, 37.03287373287069], [-122.07027254500557, 37.03287723759727], [-122.07016787182552, 37.032931558547126], [-122.07014459579582, 37.03294802941442], [-122.06999305382658, 37.03308771948861], [-122.06996788901067, 37.03310873779674], [-122.06994318307173, 37.03313010268095], [-122.06979838297843, 37.03324360346299], [-122.06979472175395, 37.03324620415766], [-122.06979135648278, 37.03324905163352], [-122.06976169348428, 37.03326966532544], [-122.06973231802924, 37.033290531854846], [-122.06972835621254, 37.033292832456574], [-122.06972465916321, 37.03329540167955], [-122.06950826061835, 37.03343146616297], [-122.06936125012773, 37.03355376976143], [-122.0693403426792, 37.03356953620863], [-122.06932012282118, 37.03358586907991], [-122.06915922257349, 37.03370366993233], [-122.06915248954003, 37.03370813395904], [-122.06914621607899, 37.0337130083949], [-122.06911849416498, 37.03373067297115], [-122.06909120233883, 37.03374876755016], [-122.06908395589197, 37.03375268102292], [-122.06907711665588, 37.03375703901806], [-122.06904736746527, 37.0337724406493], [-122.06901799581964, 37.03378830287864], [-122.0690103062457, 37.0337916278581], [-122.06900296673271, 37.03379542764957], [-122.06883666582972, 37.03387252826407], [-122.06881015931779, 37.033883462591895], [-122.06878410142042, 37.03389506873618], [-122.06850779959326, 37.03400426959523], [-122.06848376158588, 37.034012620873504], [-122.06846015724857, 37.03402173525566], [-122.0682443565317, 37.03409483292433], [-122.06815976919793, 37.03416404831447], [-122.06815817581801, 37.03416523016168], [-122.06815672642274, 37.03416652617585], [-122.06812577902213, 37.034189258751724], [-122.06809497695005, 37.034212104415246], [-122.06809324687224, 37.034213155295475], [-122.06809164591694, 37.034214331223126], [-122.0680580742899, 37.03423451869525], [-122.0680246212328, 37.03425483761247], [-122.0680227702044, 37.03425574782386], [-122.0680210339114, 37.03425679189366], [-122.06798516119716, 37.03427424146143], [-122.06794937967436, 37.03429183641001], [-122.06794742658629, 37.03429259663601], [-122.06794557069968, 37.03429349941649], [-122.06790772730048, 37.03430804979587], [-122.06786997668289, 37.03432274439561], [-122.06786794062575, 37.03432334739444], [-122.06786598279322, 37.03432410010015], [-122.06779628224027, 37.03434760025791], [-122.06779553355504, 37.03434781873523], [-122.06779481340523, 37.03434809431536], [-122.06775406059808, 37.034359918293504], [-122.06771333631279, 37.034371799450426], [-122.06771256339593, 37.0343719582441], [-122.06771181404892, 37.034372175634], [-122.06766981096817, 37.034380740465494], [-122.06762783099619, 37.03438936405493], [-122.06762704354176, 37.03438946116787], [-122.06762627018806, 37.03438961887586], [-122.06750151945468, 37.03440988990876], [-122.06748606544727, 37.03442444277617], [-122.06746402057408, 37.034443248768014], [-122.06744260890846, 37.03446251638411], [-122.06743381242282, 37.034469018574704], [-122.06742561767935, 37.03447600936834], [-122.06740138007488, 37.03449299214914], [-122.06737771538478, 37.03451048475564], [-122.06729451518589, 37.03456618520442], [-122.06726344709656, 37.034584989453116], [-122.0672326553492, 37.034604079628195], [-122.06722823402589, 37.034606302347015], [-122.06722406923508, 37.034608823103696], [-122.0671908527291, 37.034625094893016], [-122.06715787418807, 37.03464167402988], [-122.0670246299836, 37.03470156626176], [-122.06700365726178, 37.03471181346745], [-122.0669467855366, 37.034785610515904], [-122.0669384964229, 37.03479527184529], [-122.06693101593225, 37.03480534841032], [-122.06672181726391, 37.035058049746965], [-122.06671396692411, 37.035066591090825], [-122.0667068674574, 37.035075544333175], [-122.06655396824641, 37.03524894527331], [-122.06654809797712, 37.03525495382315], [-122.06654282120031, 37.03526130750245], [-122.06652089318347, 37.03528279969706], [-122.06649954054345, 37.03530465553397], [-122.06649296408798, 37.0353101737495], [-122.06648693570851, 37.035316082348416], [-122.06634213591022, 37.03544458314423], [-122.06632760140495, 37.03545627338033], [-122.0663138517539, 37.03546855705593], [-122.06629646395403, 37.03548131751666], [-122.06627982228417, 37.03549470257062], [-122.06626392923476, 37.03550519396618], [-122.0662487431752, 37.03551633858263], [-122.06615457601171, 37.03557892210012], [-122.06615213338462, 37.03558109995773], [-122.06610527271552, 37.03564912832851], [-122.06610666352248, 37.03565119835382], [-122.06619130415257, 37.03579347814607], [-122.0662064527647, 37.035781641415284], [-122.06622043922242, 37.03577267759622], [-122.06623374874474, 37.035763075391635], [-122.06625489107296, 37.035750597513356], [-122.06627539850481, 37.035737454446206], [-122.0662904133753, 37.03572963285909], [-122.06630483299298, 37.03572112269016], [-122.06632740018286, 37.035710365705405], [-122.066349414665, 37.03569889793635], [-122.06636531208754, 37.03569229450159], [-122.06638070408181, 37.0356849576711], [-122.06640447864531, 37.03567602551044], [-122.06642778834848, 37.0356663431441], [-122.066444417681, 37.03566102031388], [-122.06646063151861, 37.035654928739504], [-122.06648538099553, 37.03564790854021], [-122.0665097647562, 37.035640103580164], [-122.06652696604709, 37.03563611282672], [-122.06654384540147, 37.035631324949954], [-122.06656933488833, 37.0356262830983], [-122.06659455464386, 37.03562043200166], [-122.06661215898677, 37.03561781237796], [-122.06662954431926, 37.03561437354507], [-122.06665552901015, 37.03561135877268], [-122.06668134121225, 37.03560751776255], [-122.06669918156206, 37.03560629409447], [-122.066716903246, 37.035604237944696], [-122.06674312980357, 37.03560327953654], [-122.06676928889537, 37.03560148526046], [-122.06678719398155, 37.03560166936088], [-122.06680508064814, 37.03560101572875], [-122.06683129901799, 37.03560212280493], [-122.06685755057033, 37.035602392731576], [-122.06695614964109, 37.03560729262493], [-122.06695664809597, 37.03560733719814], [-122.06695715028876, 37.03560734276992], [-122.06700052362174, 37.035611257558934], [-122.06704387542663, 37.0356151310588], [-122.06704436643365, 37.03561521460389], [-122.06704486510797, 37.035615259629154], [-122.06705986836042, 37.03561782689918], [-122.06706226386696, 37.03561383728002], [-122.06710816052018, 37.035553391221875], [-122.0671612263622, 37.03549684266627], [-122.06722095043814, 37.03544473636164], [-122.06728675744861, 37.035397574004264], [-122.06735801376448, 37.03535580968868], [-122.06743403309886, 37.03531984580646], [-122.0676034320868, 37.03524844643306], [-122.06763578243851, 37.03523639648358], [-122.0676678505789, 37.03522385772941], [-122.06767579623016, 37.03522149196257], [-122.06768348215616, 37.0352186291029], [-122.06771715355507, 37.03520917825534], [-122.06775059670666, 37.03519922081819], [-122.06775879251029, 37.03519749096909], [-122.06776679234076, 37.03519524559873], [-122.06780145985282, 37.03518848558434], [-122.06783595663865, 37.03518120455874], [-122.06784432391343, 37.03518012713537], [-122.06785256025117, 37.03517852109063], [-122.06788788869275, 37.03517451760057], [-122.06792310815422, 37.03516998258698], [-122.0680618068344, 37.035157682638], [-122.0680974392595, 37.03515593552537], [-122.06811513909723, 37.03515479986903], [-122.06810450188702, 37.035112298114804], [-122.06809570365776, 37.035041886190626], [-122.06809555650403, 37.03497112197938], [-122.06810406174337, 37.03490068695318], [-122.06812113764175, 37.034831259406054], [-122.06814661960637, 37.03476350796543], [-122.06818026228854, 37.03469808520883], [-122.06822174157632, 37.03463562109963], [-122.06827065803978, 37.03457671715519], [-122.06832654048716, 37.034521940706206], [-122.06838885086907, 37.034471819256886], [-122.0684569890612, 37.03442683556511], [-122.06853029877198, 37.034387422641466], [-122.06860807410604, 37.034353960285806], [-122.0686895660271, 37.034326770631246], [-122.06877398981034, 37.034306115498936], [-122.06886053226879, 37.03429219384103], [-122.06894836009813, 37.03428513964303], [-122.06903662742046, 37.0342850209916], [-122.0691241451051, 37.03429181269167], [-122.06913186702982, 37.03428068305577], [-122.06913919446109, 37.034272202347324], [-122.06914576812191, 37.03426333452063], [-122.06916431167949, 37.034243131690445], [-122.06918212791533, 37.03422251129943], [-122.06937082867113, 37.03402551238141], [-122.06938725228497, 37.03401000534133], [-122.06940285468893, 37.033993961651596], [-122.06941580113428, 37.033983049738985], [-122.06942795924527, 37.033971570156886], [-122.06944619989297, 37.03395742811464], [-122.06946368844183, 37.033942687947984], [-122.06947790627709, 37.033932846141866], [-122.06949140970235, 37.03392237694215], [-122.0695112918945, 37.033909736253335], [-122.06953049800323, 37.03389644142794], [-122.06978617070692, 37.03373632193784], [-122.06991043889094, 37.03349582787547], [-122.0699129186339, 37.03349162495299], [-122.06991494298843, 37.033487267475365], [-122.06993178563734, 37.03345964704662], [-122.06994818080592, 37.03343185878153], [-122.06995116230291, 37.03342787108057], [-122.0699537097546, 37.03342369356668], [-122.0699738481788, 37.033397529765814], [-122.0699935616921, 37.03337116360057], [-122.06999701648044, 37.03336742929735], [-122.07000006236255, 37.03336347211654], [-122.07002330336925, 37.03333901590911], [-122.07004614468572, 37.03331432670598], [-122.07005003915356, 37.0333108821335], [-122.0700535543335, 37.03330718309612], [-122.07054285541936, 37.03284158590094], [-122.07056167511237, 37.03282536480006], [-122.07057973843212, 37.03280860116478], [-122.07059171574562, 37.032799472169266], [-122.07060297089292, 37.03278977116289], [-122.07062368318866, 37.03277510700064], [-122.07064370894888, 37.03275984361155], [-122.070656743933, 37.03275170019715], [-122.07066913162676, 37.03274292983201], [-122.07069153692015, 37.03272996391465], [-122.07071333230671, 37.03271634762975], [-122.07072730033585, 37.03270926769159], [-122.07074070035941, 37.032701513108464], [-122.07076458350994, 37.03269037003496], [-122.07078793813307, 37.03267853234109], [-122.07080270458205, 37.03267258405106], [-122.07081698807812, 37.032665919866986], [-122.07084211762277, 37.03265670752301], [-122.0708668079367, 37.03264676168608], [-122.07088223055476, 37.03264200242991], [-122.07089725991291, 37.03263649273727], [-122.07092339529727, 37.032629299377234], [-122.07094918199783, 37.0326213417741], [-122.07096511147827, 37.032617817524915], [-122.07098074281699, 37.03261351518986], [-122.0710076320253, 37.032608410139716], [-122.07103426728105, 37.03260251734027], [-122.0710505519949, 37.03260026170408], [-122.07106663302201, 37.03259720862034], [-122.07109401573692, 37.03259424131072], [-122.07112124420497, 37.03259046972535], [-122.07113772603242, 37.032589504629705], [-122.07115410315065, 37.03258772988119], [-122.07118171695149, 37.03258692863414], [-122.07120927532317, 37.03258531487085], [-122.07122579618708, 37.03258564953424], [-122.07124231088424, 37.03258517035846], [-122.0712698887678, 37.03258654281875], [-122.07129751264155, 37.03258710247499], [-122.07131391348985, 37.03258873384963], [-122.07133040684768, 37.032589554681394], [-122.07135768386311, 37.03259308768818], [-122.07138510661972, 37.032595815342106], [-122.07140122889228, 37.032598727674724], [-122.07141754259247, 37.03260084060478], [-122.0714442560679, 37.03260650001307], [-122.07147121358878, 37.03261136953085], [-122.07148690258438, 37.03261553483969], [-122.07150287902185, 37.03261891952543], [-122.07152877293761, 37.03262665114166], [-122.07155500428327, 37.0326336153222], [-122.07157010691749, 37.03263899283866], [-122.07158559425167, 37.03264361717458], [-122.07161041923995, 37.03265334675662], [-122.0716356719215, 37.0326623383643], [-122.07165004535132, 37.03266887721436], [-122.07166489178879, 37.032674695935185], [-122.07168840615172, 37.03268632865932], [-122.07171243959603, 37.032697262073455], [-122.071725944278, 37.03270489887975], [-122.07174000793367, 37.032711856251645], [-122.0717619882652, 37.03272528157297], [-122.07178456788691, 37.03273805021756], [-122.0717970733988, 37.032746711127835], [-122.07181021926598, 37.032754740473884], [-122.07183045195684, 37.032769828003495], [-122.0718513622459, 37.03278430985778], [-122.07186274928955, 37.03279391227323], [-122.07187484958251, 37.03280293552533], [-122.0718931397559, 37.03281953987748], [-122.07191217946516, 37.03283559563537], [-122.07192233763652, 37.0328460466607], [-122.07193327658959, 37.03285597728156], [-122.07194944865226, 37.032873938979236], [-122.07196643370293, 37.0328914135142], [-122.07227053549525, 37.03323811169697], [-122.07229370980859, 37.033267497521514], [-122.07231696206757, 37.033296873224195], [-122.07231730179903, 37.033297413117914], [-122.07231770484539, 37.03329792412086], [-122.07233718189673, 37.03332900082004], [-122.07235672371279, 37.03336005089], [-122.07235699580454, 37.03336061477299], [-122.07235733451817, 37.03336115519948], [-122.07237293242567, 37.033393641829285], [-122.07238856987796, 37.033426048991764], [-122.07238877148139, 37.033426630712256], [-122.07238904277128, 37.03342719585087], [-122.07239000146913, 37.03342998102597], [-122.07272626198606, 37.03245796919186], [-122.07273248467035, 37.03240992568627], [-122.07273890271561, 37.03237645916028], [-122.07274514746523, 37.0323429581077], [-122.07274561005583, 37.032341484499796], [-122.07274589792543, 37.03233998311526], [-122.07275637894172, 37.03230717463623], [-122.07276668709018, 37.03227433316577], [-122.07276732723889, 37.03227290358182], [-122.07276779756822, 37.032271431476524], [-122.07278224061794, 37.03223960160452], [-122.07279651291262, 37.032207731185], [-122.07279732495364, 37.03220635847068], [-122.07279797283644, 37.032204930749785], [-122.07281623822442, 37.03217438829343], [-122.07283433760453, 37.032143793787675], [-122.07283531327217, 37.03214249194018], [-122.07283613281672, 37.032141121537734], [-122.07285804596562, 37.03211215925789], [-122.07287979691668, 37.032083136574194], [-122.07288092729708, 37.03208191742225], [-122.07288191023878, 37.03208061824526], [-122.07290724674853, 37.032053530315864], [-122.0729324530052, 37.03202634374093], [-122.07293372795677, 37.032025218382515], [-122.07293486412772, 37.032024003692165], [-122.07296338630292, 37.03199904055499], [-122.07299179888797, 37.03197396225633], [-122.07304779895969, 37.03192916255414], [-122.07306461587217, 37.03191696919749], [-122.07308068917563, 37.03190414463416], [-122.07309733020001, 37.03189324909433], [-122.07311326289245, 37.03188169684345], [-122.07313148910198, 37.03187088399155], [-122.07314905333426, 37.03185938396239], [-122.07316694593351, 37.03184984885521], [-122.07318421460802, 37.03183960397259], [-122.07320367684332, 37.031830274562175], [-122.07322256064603, 37.03182021112301], [-122.07324153066575, 37.031812128832115], [-122.0732599706558, 37.031803289364184], [-122.07328048039402, 37.03179553395401], [-122.0733005029345, 37.03178700322221], [-122.07332037045484, 37.031780450311906], [-122.07333980160757, 37.03177310273656], [-122.0733611588148, 37.031766997012824], [-122.07338212977521, 37.03176008006867], [-122.07340270458637, 37.03175511950228], [-122.07342293873045, 37.03174933482116], [-122.07344493976721, 37.03174493668469], [-122.07346665516488, 37.031739701161435], [-122.0735320546011, 37.031726701212214], [-122.07356746581083, 37.03172112488253], [-122.07360274702465, 37.03171504102755], [-122.07361075504548, 37.03171430797106], [-122.07361866427838, 37.03171306250498], [-122.073654587209, 37.031710295769074], [-122.07369044185357, 37.03170701369648], [-122.07369850110133, 37.03170691346006], [-122.07370652436208, 37.03170629553541], [-122.07374261229599, 37.03170636498122], [-122.07377869572849, 37.031705916343164], [-122.07378672838982, 37.031706449941844], [-122.07379478870536, 37.03170646544768], [-122.07383069604167, 37.03170937054059], [-122.07386665889433, 37.03171175946047], [-122.0738745868952, 37.0317129215976], [-122.0738826071398, 37.031713570472775], [-122.07391798456521, 37.03171928306717], [-122.07395348420538, 37.031724486769974], [-122.07403288353851, 37.031739386681444], [-122.07405978814228, 37.031745566202005], [-122.0740869538279, 37.03175096704658], [-122.07410219073766, 37.0317553054279], [-122.07411773469667, 37.03175887559171], [-122.07414375468487, 37.03176713981167], [-122.07417012900925, 37.0317746492496], [-122.0741847626118, 37.0317801642047], [-122.07419979478479, 37.03178493860839], [-122.07422467984237, 37.03179520796549], [-122.07425000835565, 37.03180475361351], [-122.07426389617873, 37.03181139148012], [-122.07427827343301, 37.03181732456879], [-122.07430178326065, 37.03182950010916], [-122.07432582265517, 37.03184099002088], [-122.07433883279585, 37.03184868775468], [-122.07435241473351, 37.03185572164584], [-122.0743743224113, 37.031869685771234], [-122.07439684185508, 37.031883009709354], [-122.0744088478377, 37.03189169241007], [-122.0744215048527, 37.031899760021176], [-122.07444160029667, 37.03191537885944], [-122.07446238188732, 37.03193040793864], [-122.07452078197664, 37.031977007592346], [-122.07452555335792, 37.031981208220685], [-122.07453110334461, 37.03198130370153], [-122.07454848323422, 37.03198297868194], [-122.07456595850854, 37.03198382565156], [-122.07459227587218, 37.03198719935402], [-122.07461873736256, 37.03198974956897], [-122.07463583060198, 37.031992782612036], [-122.07465311634853, 37.0319949984975], [-122.07467889399696, 37.03200042389731], [-122.07470491677323, 37.03200504138043], [-122.0747215563136, 37.03200940287994], [-122.07473848852857, 37.03201296657193], [-122.07476347896153, 37.03202039153201], [-122.07478881172159, 37.03202703168834], [-122.07484951122395, 37.03204563153494], [-122.0748781533887, 37.03205572579196], [-122.07490714469277, 37.032065159690376], [-122.07491853520611, 37.03206995744105], [-122.07493031392484, 37.03207410857436], [-122.07495758514534, 37.03208640552491], [-122.07498528238797, 37.03209807174189], [-122.07499603080349, 37.032103741096186], [-122.07500724593577, 37.03210879815761], [-122.07503288365812, 37.03212317956641], [-122.0750590200568, 37.032136965512585], [-122.07506902337302, 37.03214345203514], [-122.07507956656474, 37.032149366226385], [-122.07510332153669, 37.0321656923286], [-122.0751276478519, 37.03218146644202], [-122.07513681068738, 37.03218870845565], [-122.07514657931316, 37.03219542209932], [-122.07516822384733, 37.032213536261985], [-122.07519050458312, 37.03223114608537], [-122.07519873751207, 37.032239072855226], [-122.07520763880066, 37.03224652222133], [-122.07522696509275, 37.032266250569485], [-122.07524698497991, 37.032285525865454], [-122.07525420920786, 37.03229406142124], [-122.07526215689707, 37.032302174447466], [-122.07527897781047, 37.03232332605044], [-122.07529654525011, 37.03234408225346], [-122.07530269138618, 37.03235314465878], [-122.07530960862276, 37.03236184286602], [-122.07532376280102, 37.03238421464466], [-122.0753387078609, 37.03240625122277], [-122.07536670828522, 37.03245285097958], [-122.0753716630506, 37.03246225068745], [-122.07537742368648, 37.032471348845135], [-122.0753888333955, 37.03249482463345], [-122.07540106733397, 37.032518033807825], [-122.0754048488585, 37.032527777001484], [-122.07540946974521, 37.03253728470839], [-122.07541795456065, 37.03256154472973], [-122.07542729194087, 37.03258560280869], [-122.07542986402392, 37.032595596271946], [-122.07543330029229, 37.03260542123593], [-122.07543877838253, 37.032630231390435], [-122.07544512935468, 37.03265490718621], [-122.07544646730058, 37.032665054637405], [-122.0754486858015, 37.03267510231379], [-122.07545110428796, 37.03270022367876], [-122.07545440786251, 37.03272527955749], [-122.07545449869144, 37.03273548282291], [-122.07545547821417, 37.03274565695695], [-122.0754548136966, 37.032770848855684], [-122.07545503806453, 37.0327960421821], [-122.07545388116527, 37.032806203003865], [-122.07545361198902, 37.03281640553716], [-122.07544987079497, 37.03284142355777], [-122.07544701391852, 37.03286651364058], [-122.07544462012851, 37.03287653538212], [-122.07544310502902, 37.032886666911125], [-122.07543632370951, 37.03291126840894], [-122.07543041266456, 37.03293601514364], [-122.07542680485183, 37.0329458011718], [-122.0754240586124, 37.032955764189055], [-122.07541005910606, 37.03299686428877], [-122.07540106668316, 37.03301893904113], [-122.07539300893968, 37.03304124417422], [-122.07538737287301, 37.033052554356324], [-122.07538265653345, 37.03306413221155], [-122.07537100869416, 37.03308539384265], [-122.07536026272126, 37.03310695852225], [-122.07535327120955, 37.03311777102009], [-122.07534716190304, 37.03312892283091], [-122.07533296983311, 37.033149167856365], [-122.07533160732508, 37.033151274999824], [-122.07533443299643, 37.03316700491118], [-122.07535911662927, 37.0333012197572], [-122.07535933697929, 37.03330302987382], [-122.0753597664157, 37.033304815659406], [-122.0753636233935, 37.03333823548415], [-122.07536769159779, 37.03337164947302], [-122.07536768966564, 37.03337346876439], [-122.07536789854547, 37.033375279062035], [-122.07536765117126, 37.0334088407823], [-122.07536761458655, 37.03344241388022], [-122.07536739026163, 37.033444223596234], [-122.0753673768676, 37.03344604234758], [-122.07536302624024, 37.033479431832184], [-122.0753588863008, 37.03351283152168], [-122.07535844181157, 37.03351461473327], [-122.07535820613896, 37.03351642372984], [-122.07533211652154, 37.0336519072399], [-122.07531886246711, 37.033763696648855], [-122.0753078215698, 37.033915718687375], [-122.07530536572457, 37.033934006367616], [-122.07530398815828, 37.03395236645114], [-122.0752832898548, 37.034103766604325], [-122.07527961620137, 37.034122221287284], [-122.07527701321929, 37.03414079176214], [-122.0752597142157, 37.03422619190939], [-122.07525411683154, 37.03424723747003], [-122.07524953349521, 37.034268441558616], [-122.07523587607498, 37.03431725022595], [-122.07523313705933, 37.0343397028925], [-122.07524638477312, 37.03437241267694], [-122.07524784872987, 37.03437673974475], [-122.07524976947018, 37.03438095003515], [-122.0752593987773, 37.03441087755267], [-122.07526949181604, 37.03444070934874], [-122.07527041966084, 37.034445130581176], [-122.07527181643962, 37.034449471547575], [-122.07529591750566, 37.03454317133915], [-122.0752988474853, 37.03455827657589], [-122.07530282353923, 37.03457322726158], [-122.07530562524298, 37.03459321810594], [-122.07530948084518, 37.034613095383946], [-122.07531054989691, 37.034628357654434], [-122.07531267896049, 37.034643549223], [-122.07531302308567, 37.034663664958316], [-122.0753144297929, 37.03468374841158], [-122.07531362777588, 37.03469902070804], [-122.07531388924177, 37.03471430697158], [-122.0753104901479, 37.03479130699274], [-122.07530851343604, 37.03481002458874], [-122.07530761448004, 37.03482879385168], [-122.07530479257984, 37.03484525801803], [-122.07530304361381, 37.034861819154415], [-122.07529878808134, 37.03488029084413], [-122.07529559858804, 37.03489889956262], [-122.07527139975498, 37.03500219975112], [-122.07526313103675, 37.03502992030644], [-122.07525552433137, 37.03505776239217], [-122.07525287011264, 37.03506431943836], [-122.07525087029339, 37.03507102364637], [-122.0752392526773, 37.035097959926205], [-122.07522827820894, 37.0351250712226], [-122.07521971357909, 37.03514315425869], [-122.07523343996195, 37.03513472512008], [-122.07530843705997, 37.03509740744904], [-122.07538763565532, 37.03506616278751], [-122.07547027282693, 37.03504129184044], [-122.07555555277982, 37.03502303421357], [-122.0756076498806, 37.035016174701006], [-122.07562065972449, 37.03500844312057], [-122.07569638053988, 37.03497207704501], [-122.0757761829493, 37.034941836213484], [-122.075859298416, 37.034918011825134], [-122.07594492632457, 37.03490083326512], [-122.07603224221336, 37.034890466005685], [-122.07603420494831, 37.03489038907665], [-122.07606060938596, 37.03487962081003], [-122.07614282725761, 37.034853872574196], [-122.07622779725848, 37.03483470911021], [-122.07631470099628, 37.03482231468831], [-122.07640270163908, 37.03481680880666], [-122.07649095169214, 37.03481824453949], [-122.07657860121178, 37.03482660796997], [-122.07666480623269, 37.03484181852635], [-122.07674873651466, 37.03486372985333], [-122.07682958385004, 37.03489213077791], [-122.07690656956373, 37.03492674798156], [-122.07697895224698, 37.03496724795309], [-122.07704603479604, 37.03501324064852], [-122.07710717133747, 37.03506428324034], [-122.0771617729138, 37.03511988412751], [-122.07720931383291, 37.035179507851886], [-122.07724933610437, 37.0352425801803], [-122.07728145431916, 37.03530849373063], [-122.07730535917922, 37.035376613677904], [-122.07732082045754, 37.03544628408675], [-122.07732768906219, 37.03551683396666], [-122.07732589909395, 37.035587583868136], [-122.07731546754297, 37.03565785246045], [-122.07729649499943, 37.03572696293724], [-122.07726916399895, 37.03579424976425], [-122.07723373782407, 37.03585906488993], [-122.07719055772843, 37.03592078421422], [-122.07714003938338, 37.035978813240156], [-122.07713856913453, 37.03598033689711], [-122.077130404786, 37.03599308839846], [-122.07711464457081, 37.03601498677556], [-122.07709965632274, 37.03603723125537], [-122.0770925988924, 37.03604561882838], [-122.07708629182578, 37.036054382264574], [-122.07706792936285, 37.03607493767123], [-122.07705029421113, 37.03609589634244], [-122.07704224551699, 37.036103688665456], [-122.07703489712706, 37.036111914603076], [-122.07701411045704, 37.036130927588], [-122.07699399711957, 37.036150400205614], [-122.0769850340701, 37.03615752287871], [-122.07697671571032, 37.036165131376], [-122.07695370425789, 37.03618241951047], [-122.07693130717122, 37.03620021774779], [-122.07692151695906, 37.03620660140876], [-122.0769123078755, 37.03621352006704], [-122.0768872922291, 37.03622891758274], [-122.0768628281243, 37.03624486924145], [-122.0768523047018, 37.03625045278354], [-122.0768422938582, 37.03625661459807], [-122.07681551701432, 37.036269971766], [-122.07678921947127, 37.03628392479029], [-122.07677806355794, 37.03628865473132], [-122.07676734803884, 37.0362939999719], [-122.076739066901, 37.0363051887152], [-122.0767111900967, 37.03631700806616], [-122.0766995097414, 37.03632083855301], [-122.07668819214983, 37.0363253160959], [-122.07665867945717, 37.03633422856276], [-122.07662949147874, 37.036343800583445], [-122.07661739878061, 37.036346694898874], [-122.07660558848444, 37.03635026142528], [-122.07657512896715, 37.036356811762026], [-122.07654491046138, 37.036364044257134], [-122.07635410877872, 37.03640164459568], [-122.07634208048034, 37.03640351854312], [-122.0763352411352, 37.0364049941718], [-122.07638615010248, 37.03643214463905], [-122.0764515974737, 37.0364750257253], [-122.07646433707913, 37.03647303985055], [-122.07650035250343, 37.03646693571604], [-122.07650764483753, 37.0364662890203], [-122.07651484758884, 37.036465166225845], [-122.07655149901937, 37.036462399880904], [-122.0765880874292, 37.03645915501907], [-122.07659542405716, 37.03645908448016], [-122.076602729066, 37.03645853306557], [-122.07663953986292, 37.036458660001465], [-122.07667635120079, 37.03645830585028], [-122.07668366184124, 37.03645881218314], [-122.0766909983209, 37.036458837456514], [-122.07672761601457, 37.03646185619209], [-122.07676429381355, 37.03646439637746], [-122.07677150667993, 37.03646547460669], [-122.07677880537301, 37.03646607629952], [-122.07681487984571, 37.03647195824066], [-122.07685106820945, 37.03647736781938], [-122.07685811416643, 37.03647900758196], [-122.0768653045328, 37.036480179917405], [-122.07690048645752, 37.0364888682632], [-122.0769358390344, 37.036497095415356], [-122.07694265114695, 37.03649928104731], [-122.07694966293887, 37.036501012662264], [-122.07698361029635, 37.03651242272601], [-122.0770177896012, 37.036523389020005], [-122.0770243018979, 37.03652609954673], [-122.07703106808084, 37.03652837369486], [-122.0770634602685, 37.03654239770112], [-122.07709613085352, 37.036555995606584], [-122.07710227923337, 37.03655920411889], [-122.07710873597506, 37.03656199957191], [-122.07713926080645, 37.036578503129775], [-122.0771701083148, 37.03659460103342], [-122.07717583467779, 37.03659827715346], [-122.0771819186695, 37.036601566557714], [-122.0772102777715, 37.036620388612604], [-122.077239009579, 37.03663883352709], [-122.07724425936559, 37.03664294230745], [-122.07724991140338, 37.03664669356389], [-122.07727582893881, 37.03666765034122], [-122.07730217112794, 37.03668826707024], [-122.07730689399035, 37.0366927692696], [-122.07731205941946, 37.03669694598785], [-122.0773352908683, 37.03671983935407], [-122.07735898446231, 37.036742425775564], [-122.0773631333815, 37.036747276499646], [-122.077367764098, 37.03675183981642], [-122.07738808633324, 37.03677645044111], [-122.07740890268695, 37.03680078790281], [-122.07741243852543, 37.036805941327074], [-122.07741648908181, 37.03681084654056], [-122.07743370417782, 37.03683693509766], [-122.07745144494064, 37.036862791481376], [-122.07745433388834, 37.03686819821706], [-122.0774577649427, 37.0368733977884], [-122.07747170661558, 37.03690071167654], [-122.07748620161966, 37.03692783939847], [-122.07748836952305, 37.03693251877194], [-122.07751267040581, 37.03692356071027], [-122.07759609719281, 37.036900441269744], [-122.07768194890292, 37.036883988753125], [-122.077769398784, 37.036874361325545], [-122.0778576046842, 37.03687165186323], [-122.07794571716433, 37.036875886484225], [-122.07803288759588, 37.036887024250866], [-122.07811827647002, 37.0369049580455], [-122.07820106159711, 37.03692951517497], [-122.07828044573147, 37.03696045905208], [-122.07835566429868, 37.03699749168917], [-122.07842599289495, 37.03704025646027], [-122.07849075421589, 37.037088341579754], [-122.07854932475627, 37.037141283939924], [-122.07860114015202, 37.03719857365902], [-122.0786457016426, 37.03725965899861], [-122.07868257994213, 37.03732395171143], [-122.0788149296157, 37.037588120764475], [-122.07886310805142, 37.0375716461212], [-122.07894730528582, 37.037550395551285], [-122.07903369522484, 37.03753586316686], [-122.07912144604701, 37.037528188985334], [-122.0792097125621, 37.03752744703009], [-122.0792976447687, 37.03753364422501], [-122.07938439594163, 37.03754672099828], [-122.07946913061228, 37.03756655143428], [-122.07955103264837, 37.03759294450793], [-122.0796293133241, 37.037625646130145], [-122.07970321893947, 37.037664341279964], [-122.07977203752536, 37.037708657391214], [-122.0798036888767, 37.03773350429614], [-122.07990730431705, 37.03767674172197], [-122.07998254062348, 37.03763973124812], [-122.08006193960239, 37.037608810804684], [-122.08014473678696, 37.03758427813986], [-122.08023013472342, 37.03756636954263], [-122.08031731109557, 37.03755525738198], [-122.08040542627306, 37.0375510488135], [-122.0804936316485, 37.03755378431186], [-122.08058107795954, 37.037563437464854], [-122.08066692292854, 37.0375799153932], [-122.08075033991224, 37.03760305935826], [-122.08083052552523, 37.03763264653349], [-122.08090670759996, 37.0376683918688], [-122.08097815245601, 37.03770995130131], [-122.08104417206243, 37.03775692451469], [-122.08110413050962, 37.03780885904521], [-122.08115745047459, 37.037865254928434], [-122.08120361845565, 37.03792556888592], [-122.0812421897623, 37.03798922013229], [-122.08127279294924, 37.038055595727506], [-122.08129513323271, 37.038124056372], [-122.08130899556254, 37.038193942830034], [-122.08131424623666, 37.03826458198154], [-122.08131083484474, 37.03833529359747], [-122.08129879396839, 37.038405396647306], [-122.0812782397764, 37.038474215974105], [-122.08124937014786, 37.038541088860306], [-122.0812124631365, 37.03860537123585], [-122.08116787397131, 37.03866644405514], [-122.08111603217584, 37.03872371913417], [-122.0810574371155, 37.03877664479544], [-122.08099265286995, 37.038824711507374], [-122.08092230357143, 37.03886745617556], [-122.08084556253439, 37.03890949668311], [-122.08084403932364, 37.038927783131875], [-122.080843235622, 37.03894971773202], [-122.08084110043987, 37.03896306514907], [-122.0808399820116, 37.03897649291605], [-122.08083548957592, 37.03899814104639], [-122.08083200770233, 37.039019907337604], [-122.08082825084453, 37.03903302278864], [-122.08082549595335, 37.039046297979], [-122.08081837795255, 37.039067489487145], [-122.08081225169876, 37.039088876801536], [-122.08079885216664, 37.039126976870705], [-122.08079054706053, 37.0391468086948], [-122.08078324226848, 37.03916689056602], [-122.08077650858225, 37.03918033107383], [-122.08077075842279, 37.039194061881986], [-122.0807600692023, 37.0392131441925], [-122.08075034357148, 37.03923255676096], [-122.0807419985132, 37.039245404006465], [-122.08073459751218, 37.03925861633365], [-122.08072162575618, 37.03927676801207], [-122.0807095741081, 37.039295321723785], [-122.08069969958804, 37.03930744996315], [-122.08069071773006, 37.03932001860406], [-122.08067558913311, 37.039337063586025], [-122.0806613268337, 37.03935458103461], [-122.08065001564134, 37.039365876236204], [-122.08063954145042, 37.03937767721074], [-122.0806224027167, 37.03939345032119], [-122.08060606615558, 37.03940976381783], [-122.0805571662162, 37.03945396411544], [-122.08054628287368, 37.03946287903774], [-122.08053612889948, 37.03947232981781], [-122.08050422900067, 37.0394992299323], [-122.08044034274744, 37.039548063445395], [-122.08037079324436, 37.0395916418247], [-122.08029625021588, 37.039629545419984], [-122.08021743153316, 37.03966140921981], [-122.08013509642436, 37.03968692640501], [-122.08005003779446, 37.03970585108384], [-122.07996307476921, 37.03971800111896], [-122.07987504491862, 37.03972325950964], [-122.07978679592173, 37.03972157549908], [-122.07969917790908, 37.039712965416506], [-122.07961303447232, 37.03969751215668], [-122.07952919536243, 37.03967536449223], [-122.07944846807146, 37.0396467357461], [-122.07941371112604, 37.03963097893625], [-122.07861487507286, 37.03997728580032], [-122.07860865037921, 37.03997967566797], [-122.07860269426365, 37.039982469917994], [-122.07820290015978, 37.04014948419744], [-122.0782028998203, 37.04014948437509], [-122.07790424590235, 37.04027432526256], [-122.07794151740443, 37.04034721901126], [-122.07794200596611, 37.04034832648794], [-122.07794262322541, 37.04034939178754], [-122.07805414494541, 37.0405695384413], [-122.07884450559222, 37.040261425606055], [-122.07886820141701, 37.04025331485718], [-122.0788914636131, 37.04024443454305], [-122.07913896175167, 37.04016163521929], [-122.07922199675494, 37.04013761860317], [-122.07930756845211, 37.04012024198022], [-122.07939485264603, 37.040109672740634], [-122.07948300884291, 37.04010601261827], [-122.07957118813135, 37.04010929694077], [-122.0796585411716, 37.0401194940606], [-122.07974422696113, 37.0401365056934], [-122.07982742001504, 37.04016016814536], [-122.07990731934802, 37.04019025337429], [-122.07998315552403, 37.040226471748156], [-122.08005419815935, 37.040268474536724], [-122.08011976307985, 37.040315857121584], [-122.0801792187907, 37.040368163282466], [-122.0802319928372, 37.04042488921231], [-122.08027757691495, 37.04048548869441], [-122.08031553187097, 37.04054937800835], [-122.08034549235376, 37.04061594200506], [-122.08036716978344, 37.04068453962805], [-122.0803803553133, 37.04075451015582], [-122.08038492200023, 37.04082517979864], [-122.0803808257417, 37.040895868015596], [-122.08036810598666, 37.04096589391999], [-122.08034688531463, 37.04103458330705], [-122.08031736801793, 37.04110127441223], [-122.08027983821694, 37.04116532510781], [-122.08023465754353, 37.04122611856427], [-122.08018226090888, 37.04128306925717], [-122.08012315306154, 37.04133562870987], [-122.08005790312741, 37.041383290679825], [-122.079987139601, 37.04142559625813], [-122.07991154399858, 37.04146213796733], [-122.07983184417533, 37.0414925637662], [-122.07960812519866, 37.04156740802963], [-122.07852111628708, 37.04199116465664], [-122.07824713271162, 37.042227490540114], [-122.07777762607579, 37.042669245121246], [-122.07775605403707, 37.042687632205585], [-122.07773513546506, 37.04270649949587], [-122.07772582912615, 37.042713394373706], [-122.07771714796795, 37.04272079384932], [-122.07769343171826, 37.04273739714046], [-122.07767030660057, 37.04275453027057], [-122.07766020211692, 37.042760660677004], [-122.07765065781439, 37.0427673424998], [-122.077625024625, 37.042782003040855], [-122.07759991694599, 37.042797235907194], [-122.07758911207883, 37.04280254256742], [-122.07757879615428, 37.04280844263661], [-122.07755149378302, 37.0428210184865], [-122.0775246442629, 37.042834205307386], [-122.07751149488112, 37.04283997210582], [-122.07753193845235, 37.04285528447943], [-122.07755637838527, 37.042872675912356], [-122.07756417383098, 37.04287942908839], [-122.07757256150818, 37.04288571146801], [-122.07759413908964, 37.04290538769173], [-122.07761633439576, 37.042924615217785], [-122.07769978233969, 37.043004428886974], [-122.0778946474984, 37.04300996270529], [-122.07790711540002, 37.043010809217655], [-122.0779196257868, 37.04301095089051], [-122.07795107276873, 37.043013793775536], [-122.07798261021492, 37.043015934981185], [-122.07799491496209, 37.04301775715816], [-122.07800734746394, 37.04301888101737], [-122.07803829761981, 37.04302418130215], [-122.07806941919597, 37.043028789911496], [-122.07808144024003, 37.04303156968997], [-122.07809367714015, 37.043033665266194], [-122.07812383006959, 37.04304137185168], [-122.0781542383304, 37.04304840345901], [-122.07816586309004, 37.04305211481567], [-122.07817778330892, 37.043055161427866], [-122.07820684867504, 37.043065199947605], [-122.07823625083952, 37.04307458701817], [-122.07824736461171, 37.04307919336707], [-122.07825885616265, 37.04308316229252], [-122.07828655546999, 37.043095436839074], [-122.07831466691317, 37.04310708819528], [-122.07832516407879, 37.043112545629796], [-122.07833611486838, 37.04311739831996], [-122.07836217934712, 37.04313178971568], [-122.07838873142799, 37.043145594113255], [-122.07839851096834, 37.043151850199386], [-122.0784088154129, 37.04315753977339], [-122.07843299384568, 37.04317390923676], [-122.078457731001, 37.043189733899794], [-122.07846669873665, 37.043196728504725], [-122.07847625764535, 37.04320320010908], [-122.0784983189292, 37.04322139125746], [-122.07852100113833, 37.04323908261855], [-122.07852907006861, 37.04324674773298], [-122.07853779198066, 37.04325393954339], [-122.07855752178865, 37.04327377548252], [-122.07857793260253, 37.04329316474348], [-122.07858502612815, 37.04330142766146], [-122.0785928259799, 37.0433092695203], [-122.0786010337392, 37.043319423763656], [-122.07881673004448, 37.04318257746681], [-122.07888855568727, 37.04314143636878], [-122.07896506593124, 37.04310613681802], [-122.07904552396285, 37.04307701868433], [-122.0791291550083, 37.04305436241233], [-122.07921515356384, 37.04303838619339], [-122.0793026915164, 37.04302924386566], [-122.07939092580702, 37.043027023441226], [-122.0794790067588, 37.04303174644985], [-122.0795660860676, 37.04304336727975], [-122.07965132511275, 37.04306177396332], [-122.07973390314967, 37.04308678941219], [-122.07981302482831, 37.04311817264725], [-122.07988792814484, 37.043155621383896], [-122.07995789182712, 37.04319877497349], [-122.08002224215066, 37.043247217971256], [-122.08008035919235, 37.04330048369983], [-122.08013168340456, 37.04335805925751], [-122.08017572039473, 37.04341939015199], [-122.08021204614401, 37.04348388583901], [-122.08024031076769, 37.04355092497924], [-122.08026024203372, 37.043619862135614], [-122.0802716479945, 37.04369003338214], [-122.08027441882022, 37.04376076289825], [-122.08026852762008, 37.04383136955523], [-122.08025403126567, 37.04390117332253], [-122.08023106941111, 37.04396950202088], [-122.0801998629585, 37.044035697439995], [-122.08016071251332, 37.04409912226769], [-122.08011399516968, 37.04415916565393], [-122.08006016084, 37.04421524922219], [-122.07999972779962, 37.04426683289447], [-122.07993327824101, 37.04431341990506], [-122.07866281275173, 37.04511944815503], [-122.07865549895887, 37.045256960814115], [-122.07874428045061, 37.045706392246956], [-122.07880057755617, 37.04570599740927], [-122.078888505636, 37.04571231706301], [-122.07897523756684, 37.045725514631044], [-122.07905993814397, 37.045745462934654], [-122.07914179172217, 37.04577197004808], [-122.07922000984662, 37.045804780529416], [-122.07929383942438, 37.04584357845835], [-122.07936256921185, 37.04588799028044], [-122.07942553764597, 37.04593758811257], [-122.07948213795878, 37.04599189455958], [-122.07953182533012, 37.04605038637502], [-122.07957412108894, 37.046112500442476], [-122.0796086179419, 37.046177638503046], [-122.07963498361171, 37.046245173222644], [-122.07965296413845, 37.04631445425659], [-122.07966238650498, 37.04638481439935], [-122.07966315968416, 37.046455576082614], [-122.079655276363, 37.04652605769828], [-122.07963881252257, 37.04659558053613], [-122.07961392646341, 37.046663475086156], [-122.07958085805363, 37.04672908752294], [-122.07953992561991, 37.04679178581141], [-122.0794915232825, 37.0468509662667], [-122.07943611740608, 37.04690605884528], [-122.07937424135689, 37.04695653296383], [-122.07930649116807, 37.04700190260402], [-122.0792335191894, 37.047041730680625], [-122.07915602840725, 37.047075633775265], [-122.07907476487105, 37.047103285323146], [-122.07899051124197, 37.04712441898872], [-122.0789493626728, 37.04713298835683], [-122.0789562024015, 37.047187312263276], [-122.07898057637944, 37.04725862304619], [-122.07907381777812, 37.04745060083898], [-122.079074395897, 37.0474519889812], [-122.07907513341894, 37.047453326169574], [-122.07911803430059, 37.04754272588239], [-122.0791235373179, 37.04755612090901], [-122.07913001740685, 37.04756923227622], [-122.07913733605376, 37.04758970875975], [-122.07914564739595, 37.047609939653896], [-122.07914948590553, 37.047623702421674], [-122.07915433157896, 37.04763725982512], [-122.07917223228257, 37.04769855971996], [-122.07917326717008, 37.04770309676446], [-122.07917478105307, 37.04770754630486], [-122.0791812041033, 37.04773789170058], [-122.07918811085457, 37.047768170090094], [-122.07918858600695, 37.047772766519074], [-122.07918954846535, 37.04777731363775], [-122.07919804911343, 37.04783431361421], [-122.07919943316377, 37.047850162286416], [-122.07920188486986, 37.047865927572694], [-122.07920251385855, 37.0478854372034], [-122.07920421404825, 37.04790490512048], [-122.07920365345875, 37.047920785571684], [-122.07920416556286, 37.047936668309376], [-122.07920240572508, 37.0479561337084], [-122.07920171720102, 37.047975641135096], [-122.0791992173982, 37.04799140161099], [-122.07919778478629, 37.04800724753026], [-122.07919648167851, 37.04801331368635], [-122.07930672553691, 37.048045801285475], [-122.07938799210201, 37.04807344900156], [-122.07946548654913, 37.04810734837167], [-122.07953846263625, 37.048147172893785], [-122.07960621742588, 37.04819253907394], [-122.07966809866357, 37.048243009998515], [-122.07972351012397, 37.048298099611856], [-122.07977191818863, 37.048357277454144], [-122.07981285684866, 37.04841997347724], [-122.0798459316815, 37.04848558402426], [-122.07987082417272, 37.04855347718118], [-122.07988729456443, 37.04862299910828], [-122.07989518425488, 37.04869348027832], [-122.07989441718308, 37.04876424197712], [-122.07988500076584, 37.04883460262063], [-122.07986702559123, 37.048903884603305], [-122.0798406647792, 37.04897142078319], [-122.07980617222081, 37.04903656068824], [-122.0797752616547, 37.049081960412416], [-122.07976038868695, 37.049122201860555], [-122.07972713569178, 37.04918775464349], [-122.07968602656956, 37.049250379196586], [-122.07965935991481, 37.04928282394184], [-122.07969870720908, 37.04928021468396], [-122.07978698144288, 37.04928132076838], [-122.07987469542182, 37.04928935666694], [-122.0799610043031, 37.04930424506869], [-122.08004507697224, 37.04932584260855], [-122.08012610389811, 37.04935394118997], [-122.08020330463783, 37.049388270386515], [-122.08027593568335, 37.04942849948545], [-122.08034329772752, 37.049474241059215], [-122.0805397975334, 37.049621540055995], [-122.08055834978815, 37.0496368824067], [-122.08057763228395, 37.04965163431608], [-122.08057787672193, 37.04965186201206], [-122.08097546005469, 37.04948861695229], [-122.0812142896865, 37.04936342590501], [-122.08121652468434, 37.04933549529266], [-122.0812307839407, 37.049265660068755], [-122.08125351429933, 37.04919728140293], [-122.08128449694254, 37.049131017783516], [-122.08132102458957, 37.04907143647262], [-122.0812944657222, 37.0490507505519], [-122.08123424507077, 37.04899900468673], [-122.08118064225086, 37.04894277670899], [-122.08113417343142, 37.04888260822252], [-122.08109528606008, 37.04881907851793], [-122.0810643547628, 37.048752799582715], [-122.0810416773738, 37.04868440967015], [-122.08102747230917, 37.04861456732949], [-122.0810218761671, 37.04854394534758], [-122.08102494291403, 37.04847322371166], [-122.0810366430591, 37.04840308356338], [-122.08105686384916, 37.04833420043989], [-122.08108541058738, 37.04826723761374], [-122.08112200816977, 37.048202839975524], [-122.08116630430972, 37.04814162783937], [-122.08121787231451, 37.0480841905649], [-122.08127621553439, 37.04803108136391], [-122.08134077204147, 37.047982811658265], [-122.08141092031, 37.047939846346786], [-122.08148598455756, 37.047902599159876], [-122.08150456019128, 37.047895293780385], [-122.08150220089458, 37.04787574912813], [-122.08150235246762, 37.0478049847977], [-122.08151115654655, 37.047734573291805], [-122.08152852835721, 37.0476651924386], [-122.08155430047469, 37.04759751050071], [-122.0815882249309, 37.04753217934098], [-122.08162997475448, 37.04746982803485], [-122.08167914786324, 37.04741105722179], [-122.08173527085347, 37.04735643264506], [-122.08179780310499, 37.04730648049652], [-122.0818661423585, 37.0472616818716], [-122.0819396306191, 37.04722246812816], [-122.08201756005207, 37.047189216876184], [-122.08209918022223, 37.04716224842865], [-122.08218370510622, 37.0471418224309], [-122.08227032065366, 37.04712813557564], [-122.08235819279253, 37.0471213197724], [-122.08244647520625, 37.047121440585144], [-122.08253431777155, 37.04712849684701], [-122.08262087442915, 37.04714242063105], [-122.08270531183483, 37.04716307785784], [-122.0827868166528, 37.04719026952353], [-122.0828646040758, 37.04722373383877], [-122.08293792488222, 37.047263148446156], [-122.0830060729282, 37.04730813390328], [-122.08306839208062, 37.047358256890675], [-122.08312428201003, 37.047413034763245], [-122.0831732045479, 37.04747193992565], [-122.08321468857152, 37.04753440509777], [-122.08327648946835, 37.04763960470054], [-122.08329008832402, 37.04766604744985], [-122.08330430696223, 37.04769228216524], [-122.08330683631739, 37.04769857566053], [-122.08332024514546, 37.04768049011474], [-122.08333635225577, 37.0476574750873], [-122.08334278541446, 37.04765008785341], [-122.08334852755927, 37.04764234283098], [-122.08336803990828, 37.047621087780335], [-122.08338688381133, 37.04759944906218], [-122.083394189638, 37.047592602559604], [-122.08340085084491, 37.04758534634572], [-122.0834228681323, 37.04756572676649], [-122.08344426751596, 37.04754567261984], [-122.08345237503872, 37.047539433273336], [-122.08345989183702, 37.047532735054915], [-122.0834842019451, 37.04751494004182], [-122.08350795071732, 37.04749666348389], [-122.08351678275044, 37.04749109081958], [-122.08352508182156, 37.047485015831434], [-122.08355145058395, 37.04746921655124], [-122.08357732014126, 37.0474528937495], [-122.08358679056694, 37.04744804199642], [-122.08359579305956, 37.04744264803915], [-122.08362396765416, 37.04742899613461], [-122.08365170780066, 37.047414784791506], [-122.08366172575764, 37.04741070057037], [-122.08367134456742, 37.047406039792236], [-122.08369794441357, 37.04739453988699], [-122.0837158627832, 37.0473876805952], [-122.08373329319133, 37.04738005530481], [-122.08375567195681, 37.04737244127763], [-122.0837776086265, 37.047364043756936], [-122.08379627953484, 37.04735862520965], [-122.08381455837116, 37.04735240615949], [-122.0838377599743, 37.04734658712703], [-122.0838606182559, 37.047339953363974], [-122.08387986148645, 37.04733602789166], [-122.08389881316927, 37.04733127474931], [-122.08392261484401, 37.047327306589395], [-122.08394617400936, 37.04732250068029], [-122.08396580468668, 37.04732010597516], [-122.08398524615241, 37.04731686473964], [-122.08400941927381, 37.047314785617964], [-122.08403345183619, 37.04731185394], [-122.08405328008726, 37.04731101314361], [-122.08407302507928, 37.04730931482653], [-122.08409733505394, 37.04730914492542], [-122.08412161138685, 37.047308115451266], [-122.08414144853292, 37.047308836571325], [-122.08416130455775, 37.04730869780436], [-122.08418910421737, 37.04730959774867], [-122.08420220970706, 37.04731054001773], [-122.08421536372863, 37.04731075630871], [-122.08424615175392, 37.04731369917398], [-122.08427703404105, 37.047315919472375], [-122.08428995999947, 37.04731788659432], [-122.08430302548535, 37.04731913547152], [-122.08433330534342, 37.04732448312334], [-122.08436376750007, 37.0473291189837], [-122.08437639202529, 37.047332092530844], [-122.08438924047819, 37.0473343616451], [-122.0844187192916, 37.04734206215693], [-122.08444846924786, 37.04734906932088], [-122.08445665688787, 37.04735172097993], [-122.08451678657242, 37.047330408623004], [-122.08454819104807, 37.047320724613535], [-122.08457930780841, 37.04731045453624], [-122.08458937284585, 37.04730802566736], [-122.0845991825702, 37.04730500071223], [-122.08463162179257, 37.04729783029734], [-122.08466384280202, 37.047290054790054], [-122.08472364220593, 37.047278154853196], [-122.08475182326673, 37.04727371084049], [-122.0847797979111, 37.04726849425783], [-122.0847951118571, 37.047266884407456], [-122.08481026456813, 37.04726449494897], [-122.08483885150592, 37.047262286553796], [-122.08486733114307, 37.047259292742], [-122.08488276774237, 37.04725889387112], [-122.08489814015185, 37.04725770631544], [-122.08492686159227, 37.04725775451968], [-122.08495556811297, 37.04725701279171], [-122.08497097877142, 37.047257828621525], [-122.08498642264084, 37.04725785453476], [-122.08501499847061, 37.04726015889038], [-122.08504365887038, 37.04726167615445], [-122.08505889625684, 37.04726369887838], [-122.08507426202766, 37.047264938008446], [-122.08510241756763, 37.04726947629623], [-122.08513075538761, 37.04727323807137], [-122.08514567275894, 37.047276448349834], [-122.08516081225116, 37.04727888864736], [-122.085188278363, 37.04728561732826], [-122.08521601864362, 37.04729158724181], [-122.08523046985218, 37.047295953571286], [-122.0852452398536, 37.047299571938325], [-122.08527175225838, 37.04730842668909], [-122.08529862760781, 37.047316546793766], [-122.085312475847, 37.0473220276474], [-122.08532673171574, 37.04732678889656], [-122.08535203258171, 37.04733768345008], [-122.08537778674672, 37.04734787650493], [-122.08539089849194, 37.047354419204076], [-122.08540450313653, 37.04736027738968], [-122.08542835058824, 37.04737310766447], [-122.08545273364804, 37.047385274663995], [-122.08546498146647, 37.04739281548998], [-122.08547780511013, 37.04739971480754], [-122.08549996897784, 37.04741435698194], [-122.08552274674378, 37.047428381014264], [-122.08553401398133, 37.047436848219085], [-122.08554593159514, 37.047444721363], [-122.08556619721845, 37.047461033526865], [-122.08558715156367, 37.047476780407145], [-122.08559392843729, 37.04748298066808], [-122.08560883728033, 37.04747787023309], [-122.08562860369071, 37.04747015017324], [-122.08564940110851, 37.04746396611642], [-122.08566979492187, 37.04745697561404], [-122.08569076028775, 37.0474516679273], [-122.08571137497857, 37.047445538158016], [-122.08573282772176, 37.047441017990714], [-122.08575397885814, 37.04743566322887], [-122.08577549261324, 37.04743202825201], [-122.08579675729843, 37.047427547637746], [-122.08581865973349, 37.047424734663906], [-122.08584036346868, 37.047421067516844], [-122.08586221816772, 37.04741914024725], [-122.08588392834062, 37.04741635192056], [-122.0859060679431, 37.04741527334666], [-122.08592811694339, 37.04741332890295], [-122.08595010387646, 37.04741312792326], [-122.08597204870266, 37.047412058833444], [-122.08599421270283, 37.0474127248281], [-122.08601639420509, 37.04741252209011], [-122.08603830013652, 37.0474140495432], [-122.08606026965963, 37.047414709700504], [-122.08608224526297, 37.04741711375681], [-122.08610434502064, 37.047418654769714], [-122.08619834413858, 37.04742895474123], [-122.08623540184622, 37.04743451186178], [-122.08627256136987, 37.0474396436613], [-122.08627878125148, 37.04744101699175], [-122.08628512157819, 37.04744196776992], [-122.08632132401, 37.047450410250924], [-122.08635767437347, 37.04745843623971], [-122.08636369539771, 37.047460291276934], [-122.0863698899129, 37.047461735888604], [-122.08640488606905, 37.04747298215602], [-122.08644007959158, 37.047483825292744], [-122.0864458456256, 37.04748614483882], [-122.08645183276565, 37.0474880688385], [-122.08648528434121, 37.04750201010442], [-122.08651898344746, 37.04751556638434], [-122.08652443741636, 37.04751832737504], [-122.08653016116929, 37.047520712844666], [-122.0865617466917, 37.047537215031944], [-122.08659362604459, 37.04755335377355], [-122.08667762566323, 37.04760065346752], [-122.0866896544287, 37.04760815948989], [-122.08670226240378, 37.047615031776026], [-122.08672446970672, 37.047629884354784], [-122.08674728825976, 37.0476441232717], [-122.08675834160991, 37.04765253850618], [-122.08677004815297, 37.04766036798764], [-122.08679033145023, 37.04767689308146], [-122.08681129992816, 37.04769285691361], [-122.08682127154911, 37.04770210049875], [-122.08683196376091, 37.04771081158169], [-122.0868501282704, 37.04772885030916], [-122.08686904407406, 37.047746384982545], [-122.08687783720222, 37.04775636729674], [-122.08688741295772, 37.04776587671815], [-122.08690328464164, 37.047785256295754], [-122.08691996469969, 37.04780419211209], [-122.08692749479245, 37.04781481713766], [-122.08693586162619, 37.047825033145635], [-122.08694928686556, 37.047845565893354], [-122.0869635714102, 37.04786572152531], [-122.08696976614057, 37.04787688729907], [-122.08697684325338, 37.04788771111027], [-122.08698769239791, 37.04790919853528], [-122.08699944418335, 37.0479303805695], [-122.08700424410291, 37.04794198017938], [-122.08700996313623, 37.04795330706668], [-122.08701813227012, 37.04797554267109], [-122.08702723757075, 37.04799754678762], [-122.0870305958956, 37.048009467469534], [-122.08703490236314, 37.04802118929687], [-122.08707340376054, 37.048148789069074], [-122.08707390277156, 37.0481508888537], [-122.08707464085255, 37.04815294279379], [-122.08708216098456, 37.04818564230476], [-122.08708992212411, 37.048218303737535], [-122.08709016191493, 37.048220432355315], [-122.08709064537685, 37.04822253472441], [-122.08709413086031, 37.04825566984341], [-122.0870978604341, 37.048288781511026], [-122.08709783877093, 37.04829091884354], [-122.08709806280126, 37.048293048872395], [-122.08710796542194, 37.04851954882179], [-122.08710672446107, 37.04859030624091], [-122.08709683682473, 37.04866062547244], [-122.08707839798127, 37.048729829212746], [-122.08705158525174, 37.04879725106234], [-122.08701665683695, 37.04886224173829], [-122.08697394927003, 37.048924175274536], [-122.0869238737455, 37.048982455123564], [-122.08686691256163, 37.049036520168805], [-122.08680361411268, 37.04908584973437], [-122.08673458821822, 37.04912996859742], [-122.0866604995407, 37.04916845198583], [-122.08658206158223, 37.04920092913803], [-122.08650002977507, 37.04922708739669], [-122.08641519413939, 37.04924667485671], [-122.08632837183173, 37.04925950274205], [-122.08624039879587, 37.04926544759511], [-122.08615212244068, 37.049264452212014], [-122.08606439286275, 37.049256526025886], [-122.08597805507961, 37.049241745587736], [-122.08596260038637, 37.049237796718636], [-122.08596853308524, 37.04925715536474], [-122.08598108845655, 37.0493272004897], [-122.08598501779929, 37.049397894776696], [-122.08598028337245, 37.0494685572857], [-122.0859669307603, 37.04953850762668], [-122.08594508846284, 37.04960707208605], [-122.08591496680368, 37.049673590378916], [-122.08587685594483, 37.04973742185373], [-122.08583112266457, 37.04979795168736], [-122.08577820769708, 37.049854597084746], [-122.08571862049767, 37.049906812467036], [-122.08565293479174, 37.0499540949363], [-122.08558178334364, 37.04999598910327], [-122.08550585138055, 37.05003209154414], [-122.0854258701371, 37.050062054537065], [-122.0853426099521, 37.050085589615065], [-122.08525687247956, 37.05010246994002], [-122.08516948368255, 37.050112533043354], [-122.08508128515935, 37.05011568193116], [-122.08499312614117, 37.05011188646484], [-122.08490585584885, 37.05010118294169], [-122.084820314713, 37.050083674658026], [-122.08473732652214, 37.05005953013588], [-122.08465769067554, 37.050028981981335], [-122.08458217389155, 37.049992324296234], [-122.08451150360256, 37.04994991010306], [-122.08444636034703, 37.04990214804063], [-122.0843354640066, 37.049812442131895], [-122.0843245822725, 37.04981582701082], [-122.08428777857975, 37.04982761695848], [-122.08428344129453, 37.04982862432952], [-122.0842792300392, 37.049829934282855], [-122.08424104415573, 37.04983847146856], [-122.08420298102402, 37.04984731192027], [-122.08419854139012, 37.049847973711245], [-122.08419419034885, 37.04984894644903], [-122.08415514807106, 37.049854441879944], [-122.08414200390415, 37.04985640119328], [-122.084139660478, 37.04986392550528], [-122.08414057511125, 37.04987394842157], [-122.08414137552174, 37.049900748369865], [-122.0841411046069, 37.04990937703672], [-122.0841416330506, 37.04991799655097], [-122.08414163351958, 37.049953473453165], [-122.08415515107862, 37.04997124153425], [-122.0841623539966, 37.04998321117199], [-122.08417045853018, 37.04999480431273], [-122.08418152066055, 37.05001506204074], [-122.08419350602155, 37.05003497913341], [-122.08419921028634, 37.05004745658822], [-122.0842058583566, 37.05005963097542], [-122.08421439022041, 37.05008066086997], [-122.08422388199949, 37.05010142306567], [-122.08422803303979, 37.05011428875193], [-122.08423316026976, 37.05012692661727], [-122.08423665931987, 37.05013969469601], [-122.0842379776347, 37.05014039147173], [-122.08425773380857, 37.05014979444998], [-122.0842748072092, 37.05015985691533], [-122.08429249981894, 37.050169207902705], [-122.08431035022318, 37.050180804600124], [-122.08432886159984, 37.05019171456955], [-122.08434462282023, 37.05020307032602], [-122.08436108619092, 37.050213765903564], [-122.0843774318152, 37.05022670858018], [-122.08438476036586, 37.05023198868685], [-122.08439085238295, 37.05023387393837], [-122.08443119725017, 37.050246285940815], [-122.0844319909843, 37.050246604853726], [-122.08443282088929, 37.050246861668676], [-122.08444125999196, 37.05025026902369], [-122.08446380313686, 37.050244660861054], [-122.08447108560769, 37.05024346077767], [-122.08447822102802, 37.0502417886658], [-122.08451430513448, 37.05023633835733], [-122.08455028049603, 37.05023040981539], [-122.08455767545577, 37.050229787583106], [-122.08456498026626, 37.050228684206644], [-122.08460155664442, 37.050226095119356], [-122.08463808418512, 37.05022302140998], [-122.08464551936306, 37.0502229831413], [-122.08465292405234, 37.050222458960704], [-122.08468964243923, 37.05022275588387], [-122.08472636846327, 37.05022256672768], [-122.08473377210899, 37.05022311268023], [-122.08474120576773, 37.05022317282711], [-122.08477771206917, 37.050226353118816], [-122.084814283331, 37.050229050117174], [-122.08487148287284, 37.05023555006867], [-122.08488515765535, 37.050237657123304], [-122.08489897707703, 37.05023902298631], [-122.08491711151581, 37.050242286505565], [-122.08493544880615, 37.050244718689925], [-122.0849467205638, 37.05024714306449], [-122.08495818162437, 37.05024890907076], [-122.08497153234713, 37.05025208024665], [-122.08498511873304, 37.05025452526527], [-122.08500276752741, 37.05025919806578], [-122.08502071824198, 37.05026305895454], [-122.08503163943404, 37.05026635732226], [-122.08504282922368, 37.05026901515], [-122.08505572827626, 37.05027321998775], [-122.08506894988462, 37.05027672061144], [-122.08508594152237, 37.05028275711258], [-122.08510333449277, 37.05028800996144], [-122.08514885948607, 37.05030384472799], [-122.08516353328824, 37.05030555679788], [-122.08519333388307, 37.05030826889132], [-122.08520719499046, 37.05031065128229], [-122.0852212218196, 37.05031228786631], [-122.08525033189898, 37.0503180652519], [-122.08527965798002, 37.05032310559567], [-122.08529316090927, 37.05032656545682], [-122.08530692011516, 37.050329296164044], [-122.08533518460727, 37.05033733304734], [-122.08536375190742, 37.05034465275827], [-122.08548895106364, 37.05038225245709], [-122.08551449051828, 37.05039109073127], [-122.08554041200682, 37.05039917909263], [-122.08555499363804, 37.05040510743993], [-122.08557000534547, 37.05041030247358], [-122.08559434054025, 37.05042110443997], [-122.08561914867838, 37.05043119054643], [-122.08563293554442, 37.0504382361775], [-122.08564723920138, 37.050444585309485], [-122.08567013612087, 37.05045724703778], [-122.08569359163931, 37.05046923367907], [-122.08570645028279, 37.05047732841228], [-122.0857199089698, 37.05048477082572], [-122.08574114741864, 37.05049917055465], [-122.0857418791818, 37.050499631222706], [-122.08576371971826, 37.05050729299915], [-122.08584421913947, 37.050539392705495], [-122.08587830890761, 37.05055470270396], [-122.0859126148165, 37.05056970508657], [-122.08591681147924, 37.05057199462794], [-122.08592123937096, 37.05057398325953], [-122.0859532901966, 37.05059189628345], [-122.08598559896969, 37.05060952292717], [-122.08598949559217, 37.05061213132429], [-122.08599365886208, 37.05061445810406], [-122.08602336867983, 37.05063480543082], [-122.08605336256225, 37.0506548829852], [-122.08605692043486, 37.05065778407015], [-122.08606078020475, 37.05066042751605], [-122.08608786088514, 37.05068301285777], [-122.086115252945, 37.05070534828923], [-122.08611843932407, 37.05070851539913], [-122.08612195677708, 37.0507114488917], [-122.08614614398319, 37.05073605171592], [-122.08617067405565, 37.05076043290719], [-122.08617345771319, 37.05076383488391], [-122.08617659966647, 37.0507670308555], [-122.0861976631832, 37.05079341719139], [-122.0862190922145, 37.05081960631756], [-122.08622144632714, 37.0508232104143], [-122.08622418244882, 37.050826637984066], [-122.08624191564074, 37.050854548622645], [-122.08626004123462, 37.05088229867624], [-122.0862619437114, 37.05088607137139], [-122.08626424696928, 37.05088969643883], [-122.08627848107609, 37.050918864620314], [-122.08629312640579, 37.05094790625537], [-122.08629455824352, 37.05095180972429], [-122.08629640733251, 37.05095559886391], [-122.0863070068893, 37.050985747718364], [-122.0863180293737, 37.05101579724944], [-122.08631897696013, 37.05101979424977], [-122.08632035376681, 37.051023710455006], [-122.08632721608419, 37.051054549482714], [-122.08633451020621, 37.051085317740224], [-122.08634811121128, 37.051163417601046], [-122.08634923261341, 37.051173422802414], [-122.08635122823725, 37.05118333855701], [-122.08635318051006, 37.05120864363928], [-122.08635601115078, 37.05123389815706], [-122.0863559036674, 37.05124394274983], [-122.08635667710084, 37.05125396798643], [-122.08635552526563, 37.051279306580895], [-122.08635525405096, 37.05130465988987], [-122.08635391884128, 37.051314646891996], [-122.08635346257404, 37.05132468546323], [-122.08634921778851, 37.051349810941545], [-122.08634584738074, 37.051375021485825], [-122.08634329704488, 37.05138485643691], [-122.08634161551565, 37.051394809853335], [-122.08633431891472, 37.05141947978357], [-122.08632788145164, 37.05144430515196], [-122.08632414075085, 37.05145389233288], [-122.08632125005025, 37.05146366580022], [-122.08631097171379, 37.05148764365154], [-122.08630152933237, 37.05151184382663], [-122.08629663411777, 37.05152109120909], [-122.08629256225431, 37.05153059020484], [-122.08627940132547, 37.0515536448979], [-122.08626704486919, 37.051576986933505], [-122.08626104266132, 37.05158580474224], [-122.0862558285065, 37.051594938613306], [-122.0862399103158, 37.05161684990651], [-122.08622476001929, 37.05163910712176], [-122.08621770851083, 37.05164741079771], [-122.0862114023807, 37.051656091142334], [-122.08619288198003, 37.05167664569307], [-122.08617508219396, 37.05169760619527], [-122.0861670491427, 37.05170531594409], [-122.08615971186934, 37.05171345903851], [-122.08613876683405, 37.051732459812605], [-122.0861184895806, 37.05175192075572], [-122.08610955212396, 37.051758962443984], [-122.08610125460036, 37.0517664896898], [-122.08607808742775, 37.051783752915284], [-122.08605552736626, 37.0518015276726], [-122.08604577201707, 37.05180783318838], [-122.08603659371899, 37.051814672453226], [-122.08601142568784, 37.051830033252116], [-122.08598680182872, 37.05184594917606], [-122.0859763226598, 37.05185145776709], [-122.08596635187287, 37.05185754320624], [-122.08593942814703, 37.05187085202838], [-122.0859129748816, 37.05188475759285], [-122.08590187115117, 37.05188941693], [-122.0858912055321, 37.05189468908084], [-122.08586810544959, 37.05190488920457], [-122.08586295398416, 37.05190690642034], [-122.08585803680387, 37.05190926833512], [-122.08581024678912, 37.05192973906187], [-122.08572749742223, 37.05196863553646], [-122.08572711299418, 37.05196881627967], [-122.08568819222222, 37.05198510907126], [-122.08564925989342, 37.05200142636919], [-122.08564905351136, 37.05200149310484], [-122.08564885525615, 37.05200157612838], [-122.08560809077046, 37.05201474520177], [-122.08556738915546, 37.05202791276258], [-122.08539438782289, 37.05207611316858], [-122.08537986908269, 37.05207952824113], [-122.08536565608951, 37.052083686712855], [-122.08517258483506, 37.05213171221977], [-122.08437132124976, 37.05237453625839], [-122.08352728979699, 37.05273024165903], [-122.08352402418754, 37.05273145793247], [-122.08352090739852, 37.05273290539363], [-122.08348399818685, 37.05274636501253], [-122.08344722253108, 37.052760061548916], [-122.0834438225283, 37.052761015735435], [-122.08344054513631, 37.05276221091285], [-122.0827391163353, 37.052985389007866], [-122.08210184304276, 37.05327071432067], [-122.0817362545681, 37.053497833706956], [-122.08170065829563, 37.05351778608776], [-122.08166509686181, 37.053537785690494], [-122.08166448158802, 37.05353806396788], [-122.08166390219327, 37.05353838867486], [-122.08162600930878, 37.05355546111968], [-122.08158820124856, 37.053572558005996], [-122.08065298070457, 37.053948223798926], [-122.08064436704407, 37.053963386331304], [-122.08059029476982, 37.05406982682914], [-122.08064257850006, 37.05441632729513], [-122.08064378788836, 37.05442990602223], [-122.08064601855742, 37.05444340279442], [-122.08064692975168, 37.05446517954025], [-122.08064886537242, 37.05448691194399], [-122.08064840832924, 37.054500520572574], [-122.08064897767414, 37.05451412733038], [-122.0806478783589, 37.05457072734368], [-122.0806466125676, 37.054586396349904], [-122.08064641638806, 37.05460209780324], [-122.08064376193921, 37.05462168499055], [-122.08064217393093, 37.054641343721215], [-122.0806389982157, 37.0546568371148], [-122.08063688264849, 37.05467244824499], [-122.08063184588714, 37.054691731494245], [-122.08062786114867, 37.05471117198862], [-122.08062280550655, 37.05472634280241], [-122.08061879128118, 37.054741711071934], [-122.08059119216871, 37.054826411269694], [-122.08058206867938, 37.054849675254836], [-122.08057383514358, 37.05487315273837], [-122.08056883806391, 37.05488341217072], [-122.08056471748421, 37.054893919251136], [-122.08055279206674, 37.0549163560232], [-122.08054172769195, 37.054939072051965], [-122.08053550015568, 37.05494888918215], [-122.08053011433027, 37.05495902228762], [-122.08051550275248, 37.05498041370078], [-122.08050171327832, 37.05500215167374], [-122.08048554728474, 37.05502481021446], [-122.08051980363605, 37.055188670293134], [-122.08056474319113, 37.05525635473672], [-122.08057889294692, 37.05528044739258], [-122.08059376961718, 37.05530425795306], [-122.08059768645943, 37.05531244672422], [-122.08060234596445, 37.05532038047551], [-122.08061348075542, 37.05534546753313], [-122.08062537434141, 37.055370333317114], [-122.0806282708006, 37.05537879018836], [-122.08063193765565, 37.05538705183725], [-122.08063995115673, 37.055412893963805], [-122.08064874614014, 37.055438573223505], [-122.08065059429643, 37.05544721640218], [-122.08065323335092, 37.055455726894344], [-122.08065804792612, 37.05548207452254], [-122.0806636601124, 37.055508320614344], [-122.08066444240046, 37.0555170676667], [-122.08066602788296, 37.05552574423442], [-122.08066759700755, 37.05555234190791], [-122.08066997250893, 37.05557890373516], [-122.08067217340094, 37.055657403737925], [-122.08066982334091, 37.055728142910525], [-122.08065883352124, 37.05579835685092], [-122.08063930958703, 37.05586736933199], [-122.0806114397089, 37.05593451576166], [-122.0805754922599, 37.05599914938467], [-122.08053181337539, 37.0560606478442], [-122.08048082373647, 37.05611841883612], [-122.08042301433893, 37.05617190593578], [-122.08035894192896, 37.0562205940615], [-122.08028922354657, 37.056264014300396], [-122.08024855837324, 37.05628455799778], [-122.08052784821679, 37.05697608514477], [-122.08062102279943, 37.05711426025839], [-122.08063249099449, 37.05713346454734], [-122.08064488831727, 37.05715229537402], [-122.08067269498486, 37.05720007580089], [-122.08070009036228, 37.05721296579428], [-122.08072850849601, 37.057225552813705], [-122.08073814320461, 37.057230870213694], [-122.08074823141942, 37.057235616844004], [-122.0807744848449, 37.05725092706944], [-122.08080122876626, 37.057265686998], [-122.08081016768715, 37.05727173634753], [-122.08081962591137, 37.05727725203397], [-122.0808893256845, 37.05732225169422], [-122.08089011072124, 37.05732281159837], [-122.08089095994201, 37.05732330926222], [-122.08092309933684, 37.057346339688905], [-122.08094606959938, 37.0573627224367], [-122.08095135479925, 37.05736234991185], [-122.08103964429743, 37.05736309007803], [-122.0811274182024, 37.05737076229423], [-122.08121383120074, 37.05738529276973], [-122.08129805103427, 37.057406541564255], [-122.08137926680578, 37.0574343039141], [-122.08145669614731, 37.057468312631], [-122.08152959351746, 37.05750824014914], [-122.08159725690928, 37.05755370182177], [-122.08165903466103, 37.05760426002985], [-122.08171433171142, 37.057659427745435], [-122.08176261572189, 37.057718673806804], [-122.08180342152102, 37.05778142745942], [-122.0818363560919, 37.05784708452364], [-122.08186110233335, 37.05791501265159], [-122.0818774219088, 37.05798455765876], [-122.08188515764647, 37.05805504976197], [-122.08188423492314, 37.0581258101702], [-122.08187466260239, 37.05819615731138], [-122.08185653295237, 37.05826541377268], [-122.08183002055956, 37.05833291251176], [-122.08179538056167, 37.05839800360389], [-122.08175294666711, 37.058460059995824], [-122.08170312758908, 37.058518484148884], [-122.08164640293248, 37.058572713416005], [-122.08158331919284, 37.05862222541949], [-122.08151448361755, 37.058666543502596], [-122.08144055943326, 37.058705240749234], [-122.08136225837005, 37.05873794434358], [-122.08128033465164, 37.05876433958003], [-122.08119557720748, 37.05878417205697], [-122.08110880232293, 37.058797250865084], [-122.08084796493439, 37.058826028564404], [-122.0808631785846, 37.05908034360083], [-122.08101652367269, 37.05907092193825], [-122.08105534249715, 37.059070068427516], [-122.08109414270143, 37.059068846987856], [-122.08340752080575, 37.0590870464902], [-122.083443050702, 37.05908872541363], [-122.0834786132216, 37.05908986166401], [-122.08348710558741, 37.05909080704873], [-122.08349566418386, 37.059091211472314], [-122.08353081520934, 37.05909567295498], [-122.08356606998497, 37.059099597632574], [-122.08367876890978, 37.05911669747252], [-122.08371922784447, 37.05912450182823], [-122.0837597359033, 37.05913212203262], [-122.08376214222523, 37.05913277980366], [-122.08376461393298, 37.05913325662748], [-122.08380392343656, 37.05914420157503], [-122.0838433046168, 37.05915496714334], [-122.08384561850285, 37.0591558106989], [-122.0838480204205, 37.0591564794313], [-122.08388580553202, 37.05917046084983], [-122.0839236768961, 37.05918426687866], [-122.08392587651193, 37.05918528811792], [-122.08392818509759, 37.05918614235761], [-122.08396407697677, 37.05920302399438], [-122.08400007895979, 37.05921973917035], [-122.08410327852184, 37.0592732386865], [-122.0841266364799, 37.059286694888065], [-122.08415055303901, 37.05929950125043], [-122.08416246359552, 37.05930733445132], [-122.08417497452334, 37.05931454184562], [-122.08419657307923, 37.0593297672428], [-122.08421880950745, 37.05934439145783], [-122.08422970478574, 37.05935312263271], [-122.08424127395342, 37.05936127805543], [-122.08426090700505, 37.05937812728643], [-122.08428124714986, 37.059394427340074], [-122.08429102187688, 37.05940397211791], [-122.08430153820237, 37.05941299728265], [-122.08431901616197, 37.059431307716295], [-122.08433726485129, 37.05944912706374], [-122.08442046524104, 37.05953902657311], [-122.08443360133866, 37.059554780902744], [-122.08444762058572, 37.059570039065036], [-122.08445811583437, 37.05958418176365], [-122.0844695235044, 37.059597863225186], [-122.08448066949656, 37.05961457363053], [-122.08449275525115, 37.059630859516304], [-122.08450147030447, 37.05964575853923], [-122.08451114975325, 37.05966027028061], [-122.0845201987983, 37.05967777666147], [-122.08453023406574, 37.059694932706215], [-122.0845691348277, 37.059770932401705], [-122.08457911048558, 37.059793519560664], [-122.0845899750604, 37.05981584216654], [-122.08459383408294, 37.05982685679368], [-122.08459859701505, 37.05983764114725], [-122.08460576207071, 37.05986090276678], [-122.08461384442104, 37.05988397180404], [-122.08465418015572, 37.060025440648616], [-122.0846793803674, 37.06011348845581], [-122.08468252991598, 37.0601276497178], [-122.08468670379202, 37.06014164067667], [-122.08469027269733, 37.06016246356074], [-122.0846948745786, 37.06018315469815], [-122.08469627704713, 37.060197495378574], [-122.08469871963035, 37.06021174664325], [-122.08472282222814, 37.06043214648784], [-122.08472425232897, 37.06046203232838], [-122.0847262491486, 37.060491893696764], [-122.08472736279236, 37.060692403203454], [-122.08474498826021, 37.06078670839385], [-122.0848018365004, 37.060943518081814], [-122.08480718533305, 37.06096152807693], [-122.08481358025858, 37.060979317186735], [-122.08481740172765, 37.060995927778926], [-122.0848222817236, 37.061012359136434], [-122.08482540202283, 37.06103070186086], [-122.08482959067852, 37.06104890851339], [-122.08483136222023, 37.061065739636774], [-122.08483420905903, 37.06108247485421], [-122.08483507087645, 37.0611009743944], [-122.08483701263289, 37.06111942232329], [-122.08484371439727, 37.061272522244366], [-122.08484336339744, 37.06129258465197], [-122.08484407707307, 37.061312639679436], [-122.08484004164515, 37.06146979319888], [-122.08486653085431, 37.06152092731162], [-122.08489223105147, 37.06158862787431], [-122.08490952739766, 37.061658021151636], [-122.08491825333238, 37.06172843900507], [-122.08491832463521, 37.061799203202874], [-122.08490974080699, 37.06186963228131], [-122.08489258443144, 37.061939047939646], [-122.08486702064765, 37.062006781616475], [-122.08483329560988, 37.0620721810582], [-122.08479173416458, 37.062134616521064], [-122.08474273663279, 37.06219348651562], [-122.084686774685, 37.0622482241752], [-122.08462438734475, 37.062298302273454], [-122.08455617552424, 37.06234323868107], [-122.08448279601376, 37.062382600466385], [-122.08440495557579, 37.062416008627636], [-122.08432340393148, 37.062443141374416], [-122.08423892629696, 37.062463737405714], [-122.08415233637938, 37.06247759837997], [-122.0840644681419, 37.06248459083499], [-122.08397616780327, 37.06248464729799], [-122.08388828583752, 37.062477767395876], [-122.08380166843067, 37.0624640173385], [-122.08371714983609, 37.0624435294989], [-122.08366084133453, 37.062424879802094], [-122.08366392265629, 37.06246677299027], [-122.08366417721354, 37.0624876147312], [-122.08366548116922, 37.06250843014535], [-122.08366679269999, 37.063488730316976], [-122.0836663524163, 37.063496073968594], [-122.0836666256172, 37.06350342466447], [-122.08366423394473, 37.0635314040781], [-122.08366255458579, 37.063559412971664], [-122.08366121799712, 37.0635666874121], [-122.083660590976, 37.06357402340131], [-122.08365478898695, 37.06360167918629], [-122.0836496916394, 37.06362942235188], [-122.08364747185576, 37.06363655674185], [-122.08364595051258, 37.063643808121036], [-122.08363152454959, 37.063696581985354], [-122.08363636808423, 37.0637024876179], [-122.08367740181443, 37.063765147074555], [-122.08371057434476, 37.063830727986186], [-122.08373556593808, 37.06389859880127], [-122.08375213607954, 37.063968105953705], [-122.08376012497962, 37.064038579913536], [-122.08375945585449, 37.064109342055104], [-122.08375013507742, 37.06417971087773], [-122.0837322523236, 37.064249008767476], [-122.08373063464587, 37.06425316867786], [-122.08377331874621, 37.06424809134032], [-122.0838615143769, 37.06424461242191], [-122.08394971085059, 37.06424807793069], [-122.08403705869038, 37.0642584544452], [-122.08412271697959, 37.064275641998954], [-122.08420586054584, 37.0642994752175], [-122.08428568883306, 37.06432972437821], [-122.08436143295077, 37.06436609843911], [-122.08443236352537, 37.06440824681168], [-122.08449779750745, 37.06445576383002], [-122.08455710465884, 37.06450819177496], [-122.08460971390494, 37.06456502579033], [-122.08465511845314, 37.06462571851903], [-122.08469288101557, 37.064689685461296], [-122.08472263812968, 37.064756310506105], [-122.08474410289519, 37.0648249522618], [-122.0847570688474, 37.06489494940391], [-122.08475895549478, 37.0649102841787], [-122.08509087998179, 37.064918234201876], [-122.08512694558338, 37.06492052115708], [-122.08516305716682, 37.06492229510791], [-122.08517094375436, 37.064923311150125], [-122.08517890801768, 37.0649238161555], [-122.08521452332369, 37.064928925504404], [-122.08525024101772, 37.06493352697146], [-122.08525796578911, 37.06493515768753], [-122.08526582943736, 37.064936285771026], [-122.0853006460285, 37.064944167414055], [-122.08533563123443, 37.0649515527736], [-122.08534311946767, 37.06495378244413], [-122.0853508072706, 37.064955522749905], [-122.08538449042248, 37.06496610073375], [-122.08541840565582, 37.06497619905907], [-122.08584940263384, 37.065124197806625], [-122.0858581664777, 37.065127624331346], [-122.08586723181183, 37.06513050404526], [-122.08589783044188, 37.06514313223642], [-122.08592876438196, 37.065155226850194], [-122.08593706720413, 37.06515932541665], [-122.08594573633114, 37.06516290318129], [-122.08597464472204, 37.065177874861014], [-122.0860039487237, 37.06519234029041], [-122.0860117096812, 37.0651970708853], [-122.08601990011122, 37.06520131271401], [-122.08604683656273, 37.065218482031526], [-122.08607423186594, 37.0652351804709], [-122.08608137792983, 37.06524049863426], [-122.08608900895356, 37.06524536271206], [-122.0861137143843, 37.065264564070304], [-122.08613893678448, 37.06528333502112], [-122.08614539760403, 37.065289188651796], [-122.0861523973363, 37.06529462890506], [-122.08617463637795, 37.0653156794929], [-122.08619744027061, 37.065336340155255], [-122.08620315409203, 37.065342673071946], [-122.08620945466144, 37.06534863696793], [-122.08635945532563, 37.06550563611841], [-122.08640963249817, 37.06556386571416], [-122.08645244581265, 37.065625756222246], [-122.08648748318097, 37.06569071171522], [-122.08651440710769, 37.065758106371675], [-122.08653295809431, 37.06582729144303], [-122.08654295761532, 37.06589760041414], [-122.08654430938037, 37.065968356404326], [-122.08653700028059, 37.06603887776326], [-122.08652110075201, 37.0661084853751], [-122.08649676380028, 37.066176509051026], [-122.08646422380573, 37.06624229346943], [-122.08642379407789, 37.06630520518827], [-122.08642124714031, 37.066308363371036], [-122.08644356236651, 37.06632361749237], [-122.08650480446312, 37.06637459792473], [-122.0865595162092, 37.06643014320903], [-122.08660717072816, 37.066489718461675], [-122.08664730898106, 37.06655275001993], [-122.08667954431466, 37.06661863079489], [-122.08670356644005, 37.066686726250936], [-122.08671914383206, 37.06675638073377], [-122.08672612658543, 37.06682692326105], [-122.08672444745439, 37.066897674741575], [-122.0867141224624, 37.06696795347835], [-122.08669525103558, 37.06703708292176], [-122.08666801481309, 37.067104397159035], [-122.08663267632653, 37.067169247935226], [-122.08658957577941, 37.06723101066804], [-122.08653912816126, 37.06728909064567], [-122.08648181924691, 37.06734292840472], [-122.08641820114003, 37.06739200555553], [-122.08634888648199, 37.067435849335034], [-122.08627454276747, 37.067474037611426], [-122.08619588588998, 37.06750620244036], [-122.08611367345435, 37.067532034250526], [-122.08602869732476, 37.06755128413021], [-122.08596801417843, 37.06755999863171], [-122.0859648843857, 37.06756295111935], [-122.08594133827732, 37.067581189975826], [-122.08591838032025, 37.067599899474594], [-122.08590960835085, 37.067605768048516], [-122.08590139173018, 37.06761213261596], [-122.08587572960411, 37.0676284331842], [-122.08585059231139, 37.06764525032837], [-122.08584114435162, 37.06765040176063], [-122.08583218915659, 37.067656090168725], [-122.08580465675274, 37.067670296684184], [-122.08577758347867, 37.06768505829928], [-122.0857675513538, 37.067689442727854], [-122.08575794305365, 37.06769440046839], [-122.08572880512098, 37.067706376152636], [-122.08570005696794, 37.067718940023774], [-122.0856895364589, 37.06772251545947], [-122.08567936843242, 37.067726694485295], [-122.08564890679294, 37.06773632351441], [-122.0856187594522, 37.067746569173224], [-122.08560785243901, 37.067749300975464], [-122.08559722201835, 37.06775266129258], [-122.08556572720697, 37.06775985179751], [-122.0855344740071, 37.06776767955439], [-122.0855232864333, 37.067769541316885], [-122.08551229513225, 37.0677720507158], [-122.08538939404704, 37.067794950903355], [-122.08537723832326, 37.06779671711966], [-122.08536526977424, 37.067799167228735], [-122.08521216850028, 37.06782416744182], [-122.0851835986466, 37.067827672851585], [-122.08515519372618, 37.06783195292857], [-122.08504639265988, 37.067843952973746], [-122.08501914442742, 37.0678458726084], [-122.0849920021523, 37.06784860710937], [-122.08475429988509, 37.067863107147026], [-122.08466602522655, 37.06786500963317], [-122.08457794289558, 37.06785996923566], [-122.08449090126213, 37.06784803459881], [-122.08440573856197, 37.067829320634175], [-122.08432327503321, 37.067804007558394], [-122.08424430483655, 37.06777233920803], [-122.0841695884365, 37.06773462045657], [-122.08409984554503, 37.067691214635595], [-122.08403574774111, 37.06764253987179], [-122.08397791244884, 37.067589064713296], [-122.0839427930728, 37.0675493025688], [-122.08394011609643, 37.06755538591014], [-122.0839334152874, 37.06756687542415], [-122.08392763047043, 37.06757868083227], [-122.0839147307191, 37.067598913019616], [-122.08390272754588, 37.067619494302036], [-122.0838946536354, 37.06763040226106], [-122.08388745269028, 37.06764169636168], [-122.08387214121119, 37.06766081696793], [-122.08385767765374, 37.067680357323596], [-122.08384830839428, 37.06769057859239], [-122.08383976067996, 37.067701252669984], [-122.08382218296597, 37.06771907965152], [-122.08380540000536, 37.06773738870903], [-122.08379482612371, 37.06774682438197], [-122.08378501352145, 37.06775677612741], [-122.08376534095227, 37.06777313566291], [-122.08374639827305, 37.06779003933026], [-122.0837347199446, 37.06779859994927], [-122.08372373844983, 37.06780773202996], [-122.08370215963463, 37.06782246755776], [-122.08368124053501, 37.067837801930914], [-122.08366857215546, 37.0678454035562], [-122.08365723073425, 37.06785314829827], [-122.08409658366143, 37.068280261379854], [-122.08410556880222, 37.06827834822206], [-122.08410725537333, 37.06827812796314], [-122.08410891028463, 37.06827778099319], [-122.08415084652255, 37.068272435724055], [-122.08419272630906, 37.06826696696298], [-122.08425792566497, 37.068261066991916], [-122.08430283171792, 37.068258783941026], [-122.08434602581883, 37.068256586630824], [-122.08434604099985, 37.06825658701843], [-122.08434605551899, 37.06825658631926], [-122.08438891905712, 37.068257782559186], [-122.08443427953507, 37.06825904727444], [-122.08443429470093, 37.06825904892388], [-122.08443430909462, 37.06825904930541], [-122.08447632185039, 37.06826355312681], [-122.08452180722155, 37.068268427891354], [-122.08452182237333, 37.06826843071251], [-122.08452183652797, 37.068268432264], [-122.08456515281982, 37.0682766021068], [-122.08460776611277, 37.068284638238936], [-122.08460777945517, 37.06828464185737], [-122.08460779471834, 37.06828464476951], [-122.08464982878087, 37.068296157265664], [-122.08469132840834, 37.06830752202958], [-122.08469134251968, 37.06830752718633], [-122.08469135608595, 37.06830753089661], [-122.08473074052527, 37.06832191010383], [-122.08477168923291, 37.06833685906514], [-122.08477170209727, 37.068336865023504], [-122.08477171564839, 37.068336869995655], [-122.0848098471771, 37.06835459668604], [-122.08484807482962, 37.068372366652014], [-122.08484808689474, 37.06837237359575], [-122.08484809987051, 37.068372379645126], [-122.08488432643769, 37.06839327373876], [-122.08491974949293, 37.06841370298946], [-122.08491977237729, 37.068413717588435], [-122.08491977282395, 37.06841371786229], [-122.08491977327063, 37.06841371813617], [-122.08497094944389, 37.06844640275394], [-122.08500375737279, 37.06846955422667], [-122.0850365369126, 37.06849263597335], [-122.08503686380726, 37.06849291621664], [-122.08503722297002, 37.06849316966684], [-122.08506704201169, 37.0685187871937], [-122.08509683956432, 37.06854433180426], [-122.08509712995509, 37.06854463565294], [-122.08509745717679, 37.06854491679999], [-122.08512398585513, 37.0685727390877], [-122.08515052883138, 37.06860051514775], [-122.08515078149398, 37.06860084151074], [-122.08515107176622, 37.06860114589921], [-122.08517405199687, 37.06863089504286], [-122.08519708735457, 37.06866064496777], [-122.0851972985232, 37.06866098894849], [-122.08519755062385, 37.06866131530703], [-122.0852167861645, 37.06869273406988], [-122.08523606695715, 37.0687241420913], [-122.08523623530803, 37.06872450151624], [-122.08523644591357, 37.06872484558269], [-122.0852517402846, 37.06875761200514], [-122.08526709206077, 37.0687903951836], [-122.0852672155076, 37.068790765800095], [-122.08526738318605, 37.06879112503953], [-122.0852786035359, 37.06882495776448], [-122.08528986389635, 37.06885876609846], [-122.0852899413554, 37.06885914447289], [-122.08529006435037, 37.06885951526616], [-122.08529709192833, 37.06889406390716], [-122.08530416324011, 37.06892859629908], [-122.08531156393165, 37.06898059623098], [-122.08531170598052, 37.06898235902409], [-122.08531205197981, 37.068984102207125], [-122.08531454970247, 37.0690176580845], [-122.08531725294887, 37.06905121338326], [-122.08531717866317, 37.06905297793334], [-122.0853173099123, 37.06905474082342], [-122.08531569091427, 37.06908833526233], [-122.08531427688703, 37.069121937411246], [-122.08531398701471, 37.069123688219975], [-122.0853139020489, 37.069125452236975], [-122.08530818281855, 37.069158751034756], [-122.08530266437741, 37.069192086985844], [-122.08530216182734, 37.06919380658842], [-122.08530186140322, 37.06919555551291], [-122.08529209442827, 37.06922825232655], [-122.08528252710916, 37.069260986734946], [-122.0852818169241, 37.069262657953416], [-122.08528130382399, 37.069264375491436], [-122.0852675834976, 37.06929614969754], [-122.08525405919768, 37.06932797309776], [-122.08525314774523, 37.069329580837554], [-122.08525242724123, 37.06933124945231], [-122.08523488673437, 37.06936179244408], [-122.08521753463316, 37.06939240079543], [-122.08521643110599, 37.06939392890207], [-122.08521550979398, 37.06939553323033], [-122.08520639205622, 37.06940801815762], [-122.08523612470991, 37.06941801027488], [-122.0852364523711, 37.06941815215852], [-122.08523679676692, 37.069418268120735], [-122.0852753089509, 37.069434971894054], [-122.08531382177097, 37.069451642848854], [-122.08531413135353, 37.069451810192625], [-122.08531445890038, 37.06945195225544], [-122.08547535816224, 37.06953015159293], [-122.08548904996749, 37.06953756589978], [-122.0855032834596, 37.06954429192559], [-122.08573868251038, 37.069668390968346], [-122.08576913366271, 37.06968621931931], [-122.08579989997311, 37.06970369566089], [-122.08580477435486, 37.06970708590113], [-122.08580998700256, 37.06971013774852], [-122.08583811235408, 37.06973027313809], [-122.08586659126995, 37.06975008070236], [-122.0858710279484, 37.06975383777168], [-122.08587584170732, 37.06975728405959], [-122.08590136823328, 37.06977953103704], [-122.08592728778068, 37.0698014805109], [-122.08608699403443, 37.06995076167703], [-122.08609245250348, 37.06995243509133], [-122.08612738811863, 37.06996265078195], [-122.08613368024291, 37.069965074363395], [-122.0861401999679, 37.06996707315536], [-122.08617346203037, 37.06998039757856], [-122.08620697958641, 37.06999330787431], [-122.08621294465878, 37.06999621388541], [-122.08621918894744, 37.069998715245234], [-122.08625066113355, 37.07001458808863], [-122.08628243804766, 37.070030068638026], [-122.08638303763689, 37.07008466820425], [-122.08638880268494, 37.070088139556646], [-122.08639490291999, 37.07009121966869], [-122.08642408809419, 37.070109386401775], [-122.08645363638944, 37.07012717868838], [-122.0864589489565, 37.07013108607523], [-122.08646464316645, 37.07013463052278], [-122.08649146731038, 37.07015500335051], [-122.08651869530186, 37.07017502944892], [-122.08652350387483, 37.07017933479566], [-122.0865287376818, 37.07018330989897], [-122.08655294195005, 37.07020569257986], [-122.08657758805025, 37.07022775974293], [-122.08658184688554, 37.070232422225175], [-122.08658656923575, 37.070236789101976], [-122.08660791809821, 37.07026096394064], [-122.08662974736502, 37.07028486168861], [-122.08663341560383, 37.07028983646325], [-122.08663758076963, 37.070294552937185], [-122.08665587090395, 37.070320289686244], [-122.08667467081838, 37.070345785447415], [-122.08667771237535, 37.07035102356165], [-122.08668128117942, 37.0703560452532], [-122.0867322450743, 37.07043672453864], [-122.08674382351747, 37.07044517724738], [-122.08676757080023, 37.07046154438388], [-122.08677644746409, 37.07046899403033], [-122.08678594853062, 37.07047593017836], [-122.08680692370707, 37.07049457092915], [-122.08682855548142, 37.070512725107584], [-122.08683647785546, 37.07052083570076], [-122.08684508508819, 37.070528485001184], [-122.08686367966237, 37.07054868387322], [-122.0868829862178, 37.07056844924153], [-122.08688987829153, 37.07057714294758], [-122.08689750854528, 37.07058543156787], [-122.086913543397, 37.07060699437577], [-122.08693033870979, 37.07062818021091], [-122.08693613410512, 37.07063737323063], [-122.08694271386712, 37.07064622137303], [-122.08695603323103, 37.070668938607014], [-122.08697015706046, 37.07069134275609], [-122.08712796744871, 37.07097552028511], [-122.08719426868258, 37.071042745656634], [-122.0873303333643, 37.07112515983506], [-122.08739808458742, 37.07117054909457], [-122.08745995762187, 37.07122104107844], [-122.08751535646823, 37.071276149502005], [-122.08756374786104, 37.07133534367354], [-122.08760466548193, 37.071398053664275], [-122.08763771541227, 37.07146367530753], [-122.08766257920436, 37.07153157680227], [-122.08767901764082, 37.07160110424024], [-122.08768687212232, 37.071671587926154], [-122.08768606717453, 37.071742349157404], [-122.08767661037609, 37.07181270635289], [-122.08766030968667, 37.071875381087665], [-122.08766797479834, 37.07187914381382], [-122.08773839487237, 37.071921845961064], [-122.08774329006775, 37.07192547091633], [-122.08774752723865, 37.071924536934894], [-122.0877836557215, 37.07191808306287], [-122.08781966023602, 37.07191116869238], [-122.0878267446773, 37.07191038577683], [-122.08783372262945, 37.07190913926286], [-122.08787046885764, 37.071905553774506], [-122.08790714362458, 37.07190150079971], [-122.08791428828707, 37.07190127811175], [-122.0879213863811, 37.07190058552571], [-122.08795839897196, 37.07189990330609], [-122.08799538817547, 37.07189875045415], [-122.08800252531702, 37.071899089996684], [-122.08800967440273, 37.071898958198155], [-122.08804659274544, 37.07190118629928], [-122.0880835443949, 37.07190294411394], [-122.08809060588712, 37.07190384256884], [-122.08809773631769, 37.071904272915205], [-122.0881342014977, 37.071909389468225], [-122.08817076302724, 37.0719140413577], [-122.08817768102921, 37.07191549018112], [-122.08818472412466, 37.071916478448756], [-122.08822038947253, 37.07192443472812], [-122.08822798500297, 37.07192602549958], [-122.08823583590448, 37.071922353423616], [-122.08826515028326, 37.071911575645196], [-122.08829409745375, 37.07190017992102], [-122.08830526359422, 37.0718968275414], [-122.08831610162798, 37.0718928428301], [-122.0883465920216, 37.07188441969553], [-122.08837679483327, 37.07187535200462], [-122.08838831812554, 37.07187289258544], [-122.0883995905221, 37.07186977853262], [-122.08843096371676, 37.07186379080494], [-122.088462131011, 37.07185713877679], [-122.08847389901608, 37.071855596331844], [-122.08848549866963, 37.07185338249071], [-122.08851745442074, 37.07184988753342], [-122.08854928406814, 37.071845715638126], [-122.08856118423347, 37.0718451048962], [-122.08857299873546, 37.07184381275706], [-122.08860522684283, 37.07184284451171], [-122.08863741476068, 37.07184119250686], [-122.08878841341968, 37.071839392484726], [-122.08882797886754, 37.07184047751219], [-122.08886755885659, 37.071841240477596], [-122.08887210076242, 37.07184168757918], [-122.08887667295328, 37.07184181293296], [-122.08891591376197, 37.07184600013128], [-122.08895521137639, 37.07184986820648], [-122.0889596762606, 37.07185066977478], [-122.0889642115401, 37.07185115368923], [-122.08900275562037, 37.071858403514184], [-122.08904138649196, 37.071865338593184], [-122.08904573113986, 37.071866486814834], [-122.08905018614203, 37.07186732472043], [-122.08908765985176, 37.07187756751014], [-122.08912525424165, 37.0718875027556], [-122.08912943794958, 37.071888986771874], [-122.08913376856411, 37.07189017048786], [-122.08916980392065, 37.071903305346325], [-122.08920600714379, 37.0719161472658], [-122.08939590599758, 37.07199264662684], [-122.08940721358606, 37.071997773532935], [-122.0894189357172, 37.07200226002053], [-122.08944562296794, 37.07201518853684], [-122.08947276627843, 37.07202749542701], [-122.08948339142029, 37.07203348522566], [-122.08949450929825, 37.07203887126198], [-122.089519488241, 37.07205383453944], [-122.08954499389706, 37.07206821315016], [-122.08955483513479, 37.07207500863613], [-122.08956524071895, 37.07208124192306], [-122.08958826842402, 37.07209809459703], [-122.08961189306243, 37.07211440758281], [-122.08962085611887, 37.072121943673814], [-122.08963044866373, 37.07212896385674], [-122.08965130366319, 37.07214754360103], [-122.08967281956585, 37.0721656339059], [-122.08968081734855, 37.07217383728196], [-122.08968950529852, 37.07218157740658], [-122.08970798723927, 37.07220170574179], [-122.08972718658276, 37.07222139870503], [-122.08973414285383, 37.07223019135209], [-122.08974184172767, 37.072238576045265], [-122.0897577722679, 37.07226005861602], [-122.08977447057376, 37.07228116506322], [-122.08978031751086, 37.07229046127968], [-122.08978695401728, 37.072299410656946], [-122.08980018103742, 37.07232204258225], [-122.08981421617723, 37.07234435737528], [-122.08981889748219, 37.072354067221184], [-122.0898244077362, 37.072363495520946], [-122.08983480290438, 37.07238705804025], [-122.08984604064104, 37.0724103670604], [-122.08984951174448, 37.072420398071586], [-122.08985384205714, 37.07243021348081], [-122.08986130471459, 37.07245447831033], [-122.08986963735393, 37.07247855835778], [-122.08987186475879, 37.072488814008366], [-122.08987497351069, 37.07249892192198], [-122.08987943187164, 37.07252365441877], [-122.0898847791464, 37.07254827457127], [-122.08988574141021, 37.072558656805164], [-122.08988759860817, 37.072568959281725], [-122.0899028001367, 37.07269765918471], [-122.08990315998768, 37.072704023490104], [-122.08990415752375, 37.07271034392291], [-122.08990515779973, 37.07273935551249], [-122.08990679734434, 37.07276835082436], [-122.08990637696529, 37.07277471328912], [-122.08990659649679, 37.0727810810247], [-122.0899040432937, 37.072810030462556], [-122.08990212805642, 37.072839015984044], [-122.08990093144934, 37.07284531453234], [-122.0899003709962, 37.07285166916164], [-122.08989428865084, 37.0728802794534], [-122.08988883716678, 37.072908974179285], [-122.08988687585068, 37.0729151484153], [-122.08988554075836, 37.0729214284135], [-122.08985650034303, 37.07302656630357], [-122.08986766833016, 37.07303440026227], [-122.08987790715614, 37.07304314444516], [-122.0898888333708, 37.07305133845889], [-122.08993214777706, 37.073087174646886], [-122.09016833988557, 37.0732809896538], [-122.09044573828844, 37.07350787790769], [-122.09044599671482, 37.07350811109873], [-122.0904462821675, 37.073508323133865], [-122.09073144862187, 37.07374196625553], [-122.09104726868235, 37.074000053974075], [-122.09110593049186, 37.07405295151753], [-122.09115783910084, 37.07411020143521], [-122.09120249473827, 37.07417125266615], [-122.09123946714344, 37.07423551700288], [-122.09126840054994, 37.0743023757095], [-122.09128901598503, 37.07437118485719], [-122.09130111501878, 37.07444128175262], [-122.09130458114986, 37.074511991438406], [-122.09129938097205, 37.074582632741404], [-122.09128556442562, 37.074652525575836], [-122.09126326461731, 37.074720996711015], [-122.0912326962761, 37.074787386700415], [-122.09119415387923, 37.07485105617735], [-122.09114800842933, 37.07491139205025], [-122.09109470446258, 37.07496781315885], [-122.09103475525492, 37.07501977609711], [-122.09096873803347, 37.07506678058525], [-122.09089728875047, 37.075108373756905], [-122.09082109549873, 37.075144155156984], [-122.09074089205973, 37.07517378002776], [-122.09065745076795, 37.07519696331095], [-122.09057157528844, 37.0752134814856], [-122.0904840927051, 37.075223175572425], [-122.0903958454068, 37.075225952243684], [-122.09030768342522, 37.07522178475604], [-122.09022045588159, 37.075210713155435], [-122.09013500266249, 37.075192844123], [-122.09005214689523, 37.075168349835586], [-122.08997268653286, 37.07513746600797], [-122.08989738672368, 37.07510049021155], [-122.0898269727627, 37.075057778574774], [-122.0897621227068, 37.07500974239099], [-122.08944592294897, 37.07475134064027], [-122.08944553641817, 37.074750992075884], [-122.08944510912774, 37.07475067474758], [-122.08915977898559, 37.07451689426837], [-122.08888215326354, 37.07428981696204], [-122.08888166746756, 37.07428937848478], [-122.08888113147222, 37.07428897982432], [-122.08870043987358, 37.07414070553976], [-122.08856652077786, 37.07408570459839], [-122.08855862831399, 37.07408206070019], [-122.08855040527814, 37.07407892012686], [-122.0885203836731, 37.074064403388135], [-122.08849000051664, 37.074050375667134], [-122.0884825912406, 37.07404612910544], [-122.08847479255225, 37.074042358103846], [-122.08844668986555, 37.07402555256614], [-122.08841817040482, 37.07400920686777], [-122.08841131727475, 37.07400439957853], [-122.08840401641984, 37.07400003359849], [-122.08837810530558, 37.073981102080644], [-122.08835172227, 37.07396259491452], [-122.08834548909881, 37.07395727155777], [-122.08833875867931, 37.073952354064936], [-122.08831528871566, 37.073931479219794], [-122.08829129601469, 37.07391098849466], [-122.08828574493847, 37.0739052021908], [-122.08827964751661, 37.073899778917294], [-122.08817194787306, 37.073793978217395], [-122.08815971827504, 37.07378068201626], [-122.0881466369209, 37.073767917221], [-122.08813353683418, 37.07375221723091], [-122.08811955290132, 37.07373701360552], [-122.08810900854125, 37.073722820662965], [-122.08809755182901, 37.07370909015392], [-122.08808643498864, 37.073692436311724], [-122.08807437856436, 37.07367620809653], [-122.08806562173345, 37.073661256303986], [-122.08805589912292, 37.07364669117707], [-122.08804687294636, 37.073629244129116], [-122.08803685982707, 37.0736121474377], [-122.0880299736413, 37.073596578865725], [-122.08802208017187, 37.07358132128316], [-122.08801523194855, 37.07356325026433], [-122.08800735804269, 37.07354544853874], [-122.08800240964247, 37.07352941468961], [-122.08799642029048, 37.07351360999423], [-122.0879918153378, 37.07349508713489], [-122.08798615730966, 37.07347675376453], [-122.08798319411865, 37.07346040860262], [-122.08797916689753, 37.07344420948815], [-122.08797782998137, 37.073433363745245], [-122.08794231302329, 37.073447638415225], [-122.0879385964659, 37.07344878228626], [-122.08793502110531, 37.07345018774766], [-122.08789737739771, 37.07346146899452], [-122.08785987250508, 37.073473012522726], [-122.08785603407665, 37.07347385898333], [-122.0878523038786, 37.07347497687655], [-122.08781346700304, 37.073483246085495], [-122.08777472515325, 37.073491789587536], [-122.08777080049788, 37.07349233070887], [-122.08776695260647, 37.07349314996164], [-122.08771394566334, 37.0735022311091], [-122.08768668772547, 37.07351274990621], [-122.08765105873623, 37.073526846861874], [-122.08764691000871, 37.07352809998415], [-122.08764291497846, 37.073529641655], [-122.0876055972734, 37.073540578547686], [-122.08756842173948, 37.07355180740417], [-122.08756413985596, 37.07355272859511], [-122.0875599753168, 37.073553949142266], [-122.08752149864831, 37.07356190256151], [-122.08748312939171, 37.07357015741161], [-122.08747875540644, 37.07357073788267], [-122.08747446166187, 37.07357162544701], [-122.08743519807861, 37.07357651856925], [-122.08739600301438, 37.073581720214115], [-122.08739157906874, 37.07358195434012], [-122.08738719750731, 37.07358250040615], [-122.08727783638126, 37.07359175327813], [-122.08725882211455, 37.07359746145475], [-122.08723383948315, 37.073607963223715], [-122.08709458564805, 37.07366717267732], [-122.08699204941709, 37.073731425729534], [-122.08699050678594, 37.073732410352214], [-122.08699014871637, 37.073732616720626], [-122.08698887096509, 37.0737334174235], [-122.08698294518214, 37.07373676864283], [-122.08697583498683, 37.07374086683856], [-122.08696179943304, 37.07374999120087], [-122.08694000986773, 37.07376151578888], [-122.08691881429367, 37.07377373244366], [-122.08690317739853, 37.07378099651026], [-122.0868880945328, 37.073788973881584], [-122.08686500162794, 37.07379873096143], [-122.08684241218242, 37.07380922484147], [-122.08682596212235, 37.07381522572462], [-122.0868099759509, 37.07382198014212], [-122.08678579906143, 37.07382987702369], [-122.0867620362296, 37.073838545622294], [-122.0867449320936, 37.07384322550365], [-122.08672819594146, 37.07384869198353], [-122.08662031864105, 37.07387907295295], [-122.08661537236136, 37.07388047016016], [-122.08625318448455, 37.07409888462711], [-122.08602045652822, 37.07423956019971], [-122.08599490631687, 37.07425348265051], [-122.08596988035409, 37.074268002437435], [-122.08595841138728, 37.07427336878137], [-122.08594742874101, 37.07427935326645], [-122.08592029876473, 37.07429120175362], [-122.08589361686347, 37.07430368629049], [-122.08588154658426, 37.074308126040464], [-122.08586988480619, 37.07431321911754], [-122.08584143539683, 37.07432288008516], [-122.08581335538847, 37.07433320858561], [-122.08580080040844, 37.07433667892138], [-122.08578857157163, 37.07434083160568], [-122.08575907812252, 37.074348211445304], [-122.08572986905045, 37.07435628511396], [-122.08571694969262, 37.07435875270888], [-122.08570427206394, 37.07436192489731], [-122.08567401847294, 37.07436695260176], [-122.08564396184381, 37.0743726934722], [-122.08563080202893, 37.07437413458255], [-122.08561779814902, 37.07437629567], [-122.08558707692967, 37.07437892292436], [-122.08555646106598, 37.074382275708636], [-122.08540958720853, 37.0743925094881], [-122.08537336823893, 37.07488483596093], [-122.08537286872458, 37.07488852865963], [-122.08537277563424, 37.07489224215999], [-122.0852957860486, 37.075782642922654], [-122.08529117309533, 37.07581375178841], [-122.08528699762097, 37.075844899813454], [-122.0852650988539, 37.07595640001101], [-122.08526391412484, 37.07596096169123], [-122.08526321831593, 37.07596558852768], [-122.08525491932167, 37.07599559422243], [-122.08524710546523, 37.07602567973636], [-122.08524536828433, 37.07603012673385], [-122.08524410989855, 37.07603467639792], [-122.08519347158158, 37.076182909050516], [-122.0851676984393, 37.07630087211976], [-122.08516559074909, 37.07633801930817], [-122.08517552507026, 37.07641038602661], [-122.0852066942864, 37.07652436685776], [-122.08521272462787, 37.07655309798103], [-122.08521937633121, 37.07658174258478], [-122.08524677824175, 37.076743542439225], [-122.08524829585724, 37.076757681870724], [-122.08525084805723, 37.07677172408854], [-122.08525207692843, 37.076792911409584], [-122.08525434535959, 37.07681404626465], [-122.08525412593724, 37.07682823701881], [-122.08525494811076, 37.076842411829425], [-122.0852546492517, 37.07693291184585], [-122.08525458803967, 37.07693385865455], [-122.08525463979463, 37.07693480399092], [-122.08525230557912, 37.07696917690515], [-122.08525008224566, 37.07700358123181], [-122.08524990573463, 37.07700451759635], [-122.08524984149503, 37.07700546357043], [-122.0852433107877, 37.07703950214778], [-122.0852368922181, 37.077073551594985], [-122.08523660196107, 37.07707446995558], [-122.08523642230327, 37.077075406025415], [-122.08520772361447, 37.07718790621283], [-122.085201917506, 37.0772060715919], [-122.08519716465399, 37.077224430512736], [-122.08519096934867, 37.07724032514816], [-122.08518581292711, 37.07725645792395], [-122.08517781250313, 37.07727407995837], [-122.08517083667982, 37.077291977160534], [-122.08512433770821, 37.07739347752117], [-122.08512419841944, 37.077393740827176], [-122.08512409175249, 37.07739401375937], [-122.08510697228259, 37.077426306299756], [-122.08508987333435, 37.07745863117571], [-122.0850897023516, 37.07745888251898], [-122.08508956295442, 37.077459145463536], [-122.08493516499722, 37.07771474658589], [-122.08493264212656, 37.077718448097144], [-122.08493052760994, 37.07772231059413], [-122.08486712834808, 37.07782421100806], [-122.08485687304038, 37.07783884812209], [-122.08484757372881, 37.07785389021932], [-122.0848352693957, 37.07786968216766], [-122.0848238948436, 37.0778859166653], [-122.08481189750198, 37.077899678684894], [-122.08480080354649, 37.07791391721342], [-122.08471470406352, 37.078013217780956], [-122.0846980523348, 37.07803054198387], [-122.08468222477354, 37.07804835335157], [-122.08467112460069, 37.0780585572459], [-122.08466081567519, 37.07806928257604], [-122.08464212525887, 37.07808521523033], [-122.08462419457527, 37.078101698190665], [-122.08461763090027, 37.07810716535602], [-122.08464370459605, 37.078169560631565], [-122.08464395956088, 37.07817028741464], [-122.08464430030362, 37.078170991152966], [-122.08465591232735, 37.07820436089059], [-122.08466760231158, 37.07823768489674], [-122.08466776697242, 37.07823842756854], [-122.08466802023842, 37.07823915533], [-122.08467549337423, 37.078273272651764], [-122.0846830512779, 37.07830735790634], [-122.08468312435285, 37.07830811077822], [-122.08468328720652, 37.07830885406703], [-122.08468654856108, 37.078343371193014], [-122.0846899024871, 37.078377908683684], [-122.08468988317132, 37.078378663817105], [-122.08468995422804, 37.07837941613254], [-122.08468897700702, 37.07841403422311], [-122.08468809005764, 37.078448657787604], [-122.0846879785609, 37.07844940707161], [-122.0846879572213, 37.07845016209925], [-122.08468274702383, 37.078484554800845], [-122.08467763138148, 37.07851892389395], [-122.08467742879506, 37.078519660756726], [-122.08467731515425, 37.078520410565005], [-122.08466962836954, 37.078556316349996], [-122.08473637833967, 37.078534742264495], [-122.08482112847229, 37.07851482941738], [-122.08490790647807, 37.0785016683135], [-122.08499587665963, 37.07849538545743], [-122.0850841917368, 37.07849604155472], [-122.08517200141083, 37.07850363022608], [-122.0852584598971, 37.07851807833577], [-122.08534273468848, 37.078539246870484], [-122.08542401408134, 37.07856693180836], [-122.08550151535638, 37.078600866705784], [-122.08557449218034, 37.07864072455696], [-122.08564224175849, 37.0786861217246], [-122.08570411166149, 37.07873662087671], [-122.08575950584228, 37.07879173580992], [-122.08580789111099, 37.07885093564532], [-122.08584880123234, 37.078913650268106], [-122.08588184237335, 37.07897927577746], [-122.08590669629908, 37.07904718009954], [-122.0859231234476, 37.07911670932063], [-122.08593096589571, 37.07918719374915], [-122.08593014784023, 37.07925795476986], [-122.08592067721509, 37.07932831080546], [-122.08590264527172, 37.0793975842541], [-122.08588982385523, 37.07943035324192], [-122.08589250751878, 37.07942978954974], [-122.08589948921707, 37.079427822695784], [-122.08593521017036, 37.079420820748744], [-122.08597078341138, 37.079413349375514], [-122.08597809190422, 37.07941241524476], [-122.08598527919264, 37.07941100640399], [-122.08602168054874, 37.079406843944284], [-122.08605800058369, 37.079402201662866], [-122.08606538830836, 37.07940184593422], [-122.08607271319018, 37.07940100837362], [-122.08610944989202, 37.07939972456585], [-122.08614616157308, 37.0793979570433], [-122.08615355660017, 37.079398183218665], [-122.08616094934283, 37.07939792487385], [-122.08619766877632, 37.07939953241427], [-122.08623441730339, 37.07940065638648], [-122.08624174878517, 37.07940146220732], [-122.08624913780754, 37.07940178568159], [-122.08628548308394, 37.07940626911096], [-122.08632191792627, 37.0794102736748], [-122.08632911575593, 37.079411651389975], [-122.08633642943256, 37.07941255360767], [-122.08637205422623, 37.07941987032687], [-122.08640782057779, 37.07942671642367], [-122.08641481404263, 37.07942865250858], [-122.08642198328877, 37.079430124915284], [-122.08645654239594, 37.07944020439151], [-122.0864912982599, 37.07944982611031], [-122.08649802199143, 37.07945230230435], [-122.08650497576757, 37.07945433047169], [-122.0865381317462, 37.07946707401894], [-122.0865715469026, 37.079479380211126], [-122.0865779357105, 37.07948237275665], [-122.08658460753922, 37.07948493706345], [-122.0866160458282, 37.07950022354766], [-122.08664779366372, 37.079515094248364], [-122.08665378512416, 37.07951857382049], [-122.08666011162124, 37.07952164998228], [-122.08668953022526, 37.0795393328572], [-122.08671930432457, 37.07955662419038], [-122.08672484101271, 37.07956055735642], [-122.08673076099586, 37.0795641156974], [-122.08675787341315, 37.07958402275657], [-122.0867853901093, 37.07960357001922], [-122.08679041981888, 37.07960791969101], [-122.08679587509386, 37.07961192524019], [-122.08694277514849, 37.07973092443962], [-122.08700172742081, 37.07978361726463], [-122.08705394953711, 37.079840686105626], [-122.08709893889132, 37.07990158121509], [-122.08713626193851, 37.07996571623893], [-122.08716555941886, 37.08003247357451], [-122.08718654910051, 37.0801012102506], [-122.08719902874212, 37.08017126425958], [-122.08720287815348, 37.08024196106326], [-122.08719806036068, 37.080312619731174], [-122.08718462163631, 37.080382559881606], [-122.08716269142843, 37.08045110772047], [-122.08713248081162, 37.08051760333082], [-122.08709428084609, 37.08058140624915], [-122.08704845935081, 37.08064190193096], [-122.08699545756853, 37.0806985078549], [-122.08693578605268, 37.080750678809814], [-122.08687001920195, 37.080797912351635], [-122.0867987907034, 37.08083975354617], [-122.08672278638885, 37.08087579960182], [-122.08664273811989, 37.08090570315814], [-122.08659381662834, 37.08091948537554], [-122.08659515061444, 37.08092306636197], [-122.08659902322869, 37.08093120887028], [-122.08660777482491, 37.080956954879944], [-122.08661730032173, 37.080982525127204], [-122.08661937444379, 37.08099107924367], [-122.08662223202127, 37.0809994859759], [-122.08662779163434, 37.08102579439126], [-122.08663414328667, 37.08105199046238], [-122.08663516087937, 37.081060666062726], [-122.08663697636327, 37.081069257037186], [-122.08663929075423, 37.08109587595916], [-122.08664240701995, 37.08112244408821], [-122.08664235839149, 37.08113115789892], [-122.0866431141007, 37.08113984996088], [-122.08664216091746, 37.08116652240932], [-122.08664201188573, 37.08119320736062], [-122.0866408974828, 37.08120187501422], [-122.08664058619921, 37.08121058499916], [-122.08663637423238, 37.081237055765456], [-122.08663296153408, 37.081263598939934], [-122.08663079213999, 37.08127213723004], [-122.08662941678418, 37.0812807808795], [-122.08662198679481, 37.08130679319775], [-122.08661534328077, 37.081332940743096], [-122.08661213979283, 37.08134126744234], [-122.08661011115257, 37.08134836989579], [-122.08662403608311, 37.081350988259565], [-122.08665673004212, 37.081358509386355], [-122.08668962116543, 37.0813654357471], [-122.08669915366231, 37.0813682687008], [-122.08670892841945, 37.081370517339586], [-122.0867405447136, 37.08138056965575], [-122.08677243018022, 37.08139004569863], [-122.08691332925405, 37.08143834525088], [-122.08692589740275, 37.081443251340055], [-122.08693884730816, 37.081447470796796], [-122.08696557575978, 37.08145874016879], [-122.08699272897456, 37.081469339730205], [-122.08700463630902, 37.081475209096695], [-122.08701700780313, 37.08148042527595], [-122.08704222859089, 37.0814937392956], [-122.08706795470572, 37.081506420271346], [-122.08707908692087, 37.08151319669063], [-122.08709076045486, 37.08151935909635], [-122.08721716000404, 37.08159345856101], [-122.08723535659573, 37.08160526659292], [-122.08725421505756, 37.081616390416244], [-122.08726965435694, 37.08162752289609], [-122.0872857945973, 37.08163799661771], [-122.08730245985446, 37.08165117749303], [-122.08731986587655, 37.081663728129826], [-122.08748766592711, 37.08179722720933], [-122.08749058980833, 37.081799793725374], [-122.0874937858568, 37.0818021432054], [-122.0879986860041, 37.08221164054399], [-122.08800701160098, 37.08221909117306], [-122.08801597106269, 37.08222605361073], [-122.08833897661754, 37.08250297044621], [-122.08864900978185, 37.08276741438267], [-122.08866140346335, 37.08277908367669], [-122.08867458805551, 37.082790181701164], [-122.08880708838387, 37.08291328088385], [-122.08881790094544, 37.08292438437389], [-122.0888295127251, 37.08293495568806], [-122.08884504950694, 37.0829522633851], [-122.08886141896497, 37.082969073234935], [-122.08887082106665, 37.08298097236526], [-122.0888810835972, 37.08299240460049], [-122.08898238436547, 37.08311780402548], [-122.08898960520058, 37.08312778443823], [-122.08899763529945, 37.083137361561604], [-122.0890117419744, 37.08315838093826], [-122.08902667883515, 37.083179026119694], [-122.0890326442828, 37.083189526007594], [-122.08903946367465, 37.08319968721894], [-122.08910196457661, 37.083304886778265], [-122.08911542184542, 37.08333073499601], [-122.08912953806608, 37.083356359318095], [-122.0892207939526, 37.08354679834951], [-122.08924502216509, 37.083586994359784], [-122.0892482965113, 37.083590634205514], [-122.08933980313262, 37.08366879556355], [-122.08956331212289, 37.08383912662148], [-122.08958907072252, 37.0838607822597], [-122.08961523813169, 37.08388212346781], [-122.08961952852795, 37.08388638874167], [-122.08962424565516, 37.08389035451132], [-122.08964723171088, 37.0839139296551], [-122.08967066141187, 37.08393722209591], [-122.08980386214728, 37.08408382131075], [-122.0898039088317, 37.08408387836704], [-122.08980396253529, 37.08408393178148], [-122.08982825929166, 37.084113645380164], [-122.08985227787734, 37.08414300682581], [-122.08985231710022, 37.08414306688958], [-122.08985236433858, 37.08414312467122], [-122.08987282433793, 37.084174473788536], [-122.08989321978042, 37.08420570937142], [-122.0898932519831, 37.08420577316716], [-122.08989329131532, 37.08420583350217], [-122.09002929340663, 37.08444173255479], [-122.09003570841504, 37.0844544663523], [-122.09004306541404, 37.08446686646841], [-122.09016759117152, 37.084706410260615], [-122.0901728685458, 37.08471635522835], [-122.09018824508898, 37.08471928042265], [-122.09022095286375, 37.08472484554496], [-122.09023119564866, 37.08472745110452], [-122.09024165147287, 37.084729440118224], [-122.09027326920291, 37.084738153562434], [-122.09030404591738, 37.0847459824042], [-122.09031421449494, 37.08473672200491], [-122.09037877449126, 37.084688428646395], [-122.09044893191194, 37.084645437574], [-122.09052401113935, 37.08460816283721], [-122.09060328906452, 37.084576963407436], [-122.09068600210472, 37.08455213962671], [-122.0907713539965, 37.08453393065371], [-122.09085852246463, 37.08452251181107], [-122.09094666823937, 37.084517993122276], [-122.09103494238398, 37.084520418015906], [-122.09112249484706, 37.0845297631209], [-122.09119049429137, 37.08453976308881], [-122.0911981882598, 37.084541210475365], [-122.09120600432153, 37.08454215680802], [-122.09124117033883, 37.08454929594114], [-122.09127648180497, 37.08455593842592], [-122.09128396185235, 37.08455798305711], [-122.09129162449256, 37.08455953863584], [-122.09132574650563, 37.0845694044982], [-122.09136007646302, 37.08457878834356], [-122.09136727126582, 37.08458141083414], [-122.09137470573651, 37.0845835603938], [-122.09140745400109, 37.084596057346765], [-122.09144047319892, 37.08460809268684], [-122.09144731218244, 37.08461126743782], [-122.09145444818526, 37.08461399051947], [-122.09148551302562, 37.08462900045381], [-122.09151689760958, 37.084643569341246], [-122.09152331465089, 37.084647265379495], [-122.09153008375159, 37.08465053613019], [-122.091559163689, 37.08466791386801], [-122.091588613803, 37.08468487654577], [-122.09159454789065, 37.084689058791014], [-122.09160088409034, 37.08469284524711], [-122.09162769560126, 37.0847124210502], [-122.09165493110567, 37.08473161645947], [-122.09166032555869, 37.08473624517738], [-122.09166616741716, 37.08474051045256], [-122.09177416747514, 37.08482750991109], [-122.09179229584268, 37.08484362261565], [-122.09181117542754, 37.08485917174692], [-122.0918218479465, 37.08486988881353], [-122.09183330507673, 37.08488007203999], [-122.09184937499688, 37.084897530715416], [-122.09186626132843, 37.08491448761214], [-122.09187557086467, 37.084925990622416], [-122.09188572746567, 37.08493702499109], [-122.0918995845432, 37.084955662239906], [-122.09191431452277, 37.084973862863265], [-122.09192217193137, 37.08498604152617], [-122.09193092959029, 37.08499782028065], [-122.09194243950014, 37.08501745551826], [-122.0919548722013, 37.08503672563296], [-122.09196120202971, 37.0850494630017], [-122.09196847625418, 37.085061872461154], [-122.09197752839837, 37.085082316630924], [-122.09198754384356, 37.08510247062395], [-122.09199228466478, 37.08511564345899], [-122.09199800587635, 37.08512856464815], [-122.09200451358431, 37.08514962229608], [-122.09201201464046, 37.08517046463328], [-122.09201512093789, 37.085183945760335], [-122.09201923390727, 37.08519725458551], [-122.09202313400567, 37.085218722234316], [-122.09202804901875, 37.08524005297905], [-122.09205905124452, 37.085425052757756], [-122.09206046982553, 37.08543849139583], [-122.09206290452067, 37.08545183415252], [-122.09206418931458, 37.08547372526428], [-122.09206649475486, 37.08549556505837], [-122.09206626246191, 37.08550904982817], [-122.09206705296384, 37.08552252007386], [-122.09206565326292, 37.085544407759144], [-122.09206527563714, 37.08556632237911], [-122.09206339468984, 37.085579723406056], [-122.09206253342731, 37.085593191461705], [-122.09205846255513, 37.08561486363303], [-122.09205540570977, 37.085636643172286], [-122.09205189416703, 37.08564983268584], [-122.09204938933632, 37.08566316755051], [-122.09204268691093, 37.0856844149352], [-122.09203697988463, 37.085705850400586], [-122.09203187167368, 37.08571870030063], [-122.09202774740577, 37.085731774520355], [-122.09201847715639, 37.085752394519886], [-122.09201017553669, 37.08577327730128], [-122.09200351983186, 37.08578566411115], [-122.09199781576731, 37.08579835170248], [-122.09198606784165, 37.08581814363278], [-122.09197525095455, 37.08583827476599], [-122.0919671117295, 37.085850079448775], [-122.0919598829961, 37.08586225779164], [-122.09194577025411, 37.085881031778676], [-122.09193254235174, 37.08590021672657], [-122.0919229979199, 37.08591132549292], [-122.09191431409448, 37.085922877486034], [-122.09182131474874, 37.08603387799786], [-122.0917954792661, 37.086061663702836], [-122.09176975762676, 37.08608944946257], [-122.09176911833706, 37.08609001452084], [-122.09176854857287, 37.08609062734488], [-122.09173945444034, 37.08611623599089], [-122.09171565819705, 37.086137270676645], [-122.0917247713207, 37.08613790961785], [-122.09173358956868, 37.086139235148764], [-122.0917425090805, 37.086140004209945], [-122.09177697864261, 37.08614575718043], [-122.0918115844024, 37.086150958897], [-122.09182019701018, 37.08615297025326], [-122.09182898061971, 37.08615443622016], [-122.09190287992142, 37.086169836087045], [-122.09192149739847, 37.0861745081779], [-122.09194040655852, 37.086178355826604], [-122.09196361812175, 37.086185078616126], [-122.09198716938292, 37.08619098886732], [-122.09200512444048, 37.08619710009401], [-122.09202347301509, 37.08620241433964], [-122.09214827211524, 37.086244213977835], [-122.09215237723393, 37.08624578273982], [-122.09215663799667, 37.08624705586261], [-122.09219222966908, 37.08626101200842], [-122.09222799536713, 37.08627467949577], [-122.09223188813904, 37.08627656275006], [-122.0922359731777, 37.08627816452693], [-122.09239719339114, 37.086349440708325], [-122.0924608150193, 37.08637752357176], [-122.0925731980047, 37.08638460303884], [-122.09269025495796, 37.08636759213359], [-122.0926943277493, 37.086367164392016], [-122.09269833658392, 37.08636644816408], [-122.09289963148727, 37.08633871163019], [-122.09319364660628, 37.08627365882487], [-122.09337771849721, 37.08619309923315], [-122.093375425811, 37.08617076018734], [-122.0933768510641, 37.086100005330515], [-122.09338692585506, 37.086029703118726], [-122.09340555321134, 37.0859605305701], [-122.09343255382034, 37.085893153795546], [-122.09346766756691, 37.085828221791125], [-122.09351055631384, 37.08576635978918], [-122.09356080689653, 37.08570816351266], [-122.09361793535359, 37.085654193529024], [-122.09368139172109, 37.08560496951833], [-122.09375056470232, 37.08556096553201], [-122.09382478813698, 37.08552260526534], [-122.09390334723383, 37.08549025831964], [-122.09398548548198, 37.08546423610903], [-122.09407041177114, 37.085444789120984], [-122.09415730840315, 37.085432104904484], [-122.09424533843672, 37.085426305332106], [-122.0943336541272, 37.085427446394235], [-122.09442140492709, 37.085435517088364], [-122.09450774580674, 37.085450439753146], [-122.09459184523546, 37.08547207057981], [-122.09467289348635, 37.08550020129796], [-122.09475010981502, 37.085534560942804], [-122.0948227506384, 37.08557481871151], [-122.09489011647472, 37.08562058690033], [-122.09529011623357, 37.08592058484023], [-122.09529758517957, 37.0859267645725], [-122.09530560563972, 37.08593248248844], [-122.09532829080513, 37.08595217047375], [-122.09535155891776, 37.08597142238804], [-122.09535823602668, 37.08597815917991], [-122.09536551812181, 37.08598447909232], [-122.0953856858222, 37.08600585412062], [-122.09540648597935, 37.08602684005854], [-122.09541230654546, 37.086034068516874], [-122.09541878055984, 37.086040930042124], [-122.09543623567642, 37.086063785470174], [-122.0954543685333, 37.08608630407438], [-122.09545927700677, 37.086093955180054], [-122.09546488004919, 37.08610129167686], [-122.09547945495787, 37.0861254077302], [-122.09549474543394, 37.086149241783396], [-122.095498693981, 37.0861572409874], [-122.09550337276093, 37.086164982642536], [-122.09551492753721, 37.086190128129665], [-122.09552722793647, 37.0862150471021], [-122.09553017865198, 37.08622331749724], [-122.09553388792494, 37.086231389601075], [-122.09554231090237, 37.086257322278094], [-122.09555150300417, 37.08628308630956], [-122.09555342768459, 37.08629154880899], [-122.09555613147373, 37.08629987311677], [-122.09556134102283, 37.08632634150364], [-122.09556733694991, 37.086352704114155], [-122.09556821698733, 37.08636127690969], [-122.09556988934855, 37.08636977354039], [-122.09557183568914, 37.08639652540778], [-122.09557457716136, 37.0864232300665], [-122.09557440420478, 37.086431829805434], [-122.09557502899654, 37.0864404176906], [-122.09557369291016, 37.086467194821964], [-122.09557315405209, 37.08649398488397], [-122.09557192974708, 37.08650252964169], [-122.09557150087045, 37.08651112526533], [-122.0955668953456, 37.086537667074985], [-122.09556308120625, 37.086564287302316], [-122.09556081709238, 37.08657269577029], [-122.0955593388031, 37.086581215334576], [-122.09555150849344, 37.08660726661561], [-122.09554445553097, 37.086633460296476], [-122.09554117373611, 37.08664165016505], [-122.09553866015607, 37.08665001283169], [-122.09552768036951, 37.08667532365815], [-122.09551745661877, 37.086700837475846], [-122.09551318856397, 37.086708730291924], [-122.09550966394067, 37.08671685529963], [-122.09549564006217, 37.086741182284186], [-122.09548234419017, 37.08676577009587], [-122.09547713094435, 37.08677328982337], [-122.09547262928561, 37.08678109882876], [-122.09545569606391, 37.08680420836236], [-122.09543945645083, 37.08682763281459], [-122.09543334895056, 37.08683470628698], [-122.095427912994, 37.08684212488911], [-122.09540823317909, 37.08686379421248], [-122.09538920653102, 37.086885829885695], [-122.09538226273045, 37.08689238993905], [-122.09537594554203, 37.08689934570863], [-122.09535371066009, 37.08691936399991], [-122.09533207836942, 37.08693980071605], [-122.09532436483802, 37.086945784308426], [-122.09531722752253, 37.08695221010553], [-122.09529265058569, 37.08697038599663], [-122.09526862192007, 37.086989025598506], [-122.09526021394856, 37.08699437435168], [-122.09525232440346, 37.08700020903743], [-122.09522564027216, 37.087016368543765], [-122.09519944848287, 37.087033030454265], [-122.0951904273565, 37.08703769288638], [-122.09518186118378, 37.087042880338416], [-122.0951533290492, 37.08705686624701], [-122.09512522423414, 37.08707139156126], [-122.09511567474998, 37.08707532369905], [-122.09510651649366, 37.08707981282102], [-122.09399044899955, 37.087568270791195], [-122.09440845542117, 37.08765348180866], [-122.09444556356117, 37.08766262097048], [-122.09448280172336, 37.087671405331534], [-122.09448776632291, 37.0876730149192], [-122.0944928856182, 37.08767427567479], [-122.09452869486067, 37.087686284049916], [-122.09456468111364, 37.0876979508737], [-122.09456942502901, 37.087699942588536], [-122.09457436521944, 37.08770159921952], [-122.09460853264692, 37.08771636151765], [-122.09464291841654, 37.087730798084934], [-122.09464739563417, 37.087733152646706], [-122.0946521095405, 37.0877351892892], [-122.09468430605489, 37.08775256337458], [-122.09471676029247, 37.08776963068965], [-122.09472092821125, 37.08777232568939], [-122.09472536993866, 37.08777472252331], [-122.09475528463676, 37.087794540439354], [-122.09478549560187, 37.087814074685745], [-122.09478931369041, 37.087817083944465], [-122.09479344075652, 37.08781981802095], [-122.09482079019386, 37.087841892280494], [-122.09484846233602, 37.087863702092775], [-122.09500636259314, 37.08800100118668], [-122.09500943141863, 37.08800394748151], [-122.09501280976687, 37.08800666736338], [-122.09503771666282, 37.08803110352656], [-122.0950629546801, 37.08805533389808], [-122.09506564882732, 37.088058507729755], [-122.0950686775282, 37.08806147913629], [-122.0950904764986, 37.08808775530356], [-122.09511262667871, 37.08811384890932], [-122.09511491885345, 37.08811721789014], [-122.095117570211, 37.088120413838936], [-122.09529077184153, 37.088353212785655], [-122.0952929735924, 37.08835653239759], [-122.09529553018194, 37.08835968480295], [-122.09531369254314, 37.08838777059562], [-122.09533221881894, 37.0884157029493], [-122.09533400397089, 37.088419179651], [-122.09533616241494, 37.08842251750054], [-122.09535080009991, 37.088451892169964], [-122.09536582076583, 37.088481146808306], [-122.09536717193846, 37.08848474711577], [-122.09536891157897, 37.08848823816253], [-122.095500014607, 37.08879413725682], [-122.09550873813767, 37.088818290695244], [-122.09551831565929, 37.088842237375665], [-122.09552100786425, 37.08885226280233], [-122.09552456549395, 37.088862113107716], [-122.09553029201886, 37.088886836084704], [-122.0955368933487, 37.0889114186253], [-122.09553834593792, 37.08892160667378], [-122.09554068135044, 37.08893168941173], [-122.09554335541733, 37.08895674299558], [-122.09554691730264, 37.08898172555999], [-122.09558304285287, 37.08942883169742], [-122.09562621251119, 37.08965781939232], [-122.09562714763263, 37.089665225382305], [-122.09562879574155, 37.08967254955443], [-122.09570970150189, 37.09017114903261], [-122.09570983490025, 37.09017247889129], [-122.09571012432563, 37.09017379290337], [-122.09571337214905, 37.0902077441402], [-122.09571677660443, 37.090241685664274], [-122.09571674668739, 37.09024301977608], [-122.09571687389263, 37.09024435003821], [-122.09572173941321, 37.0903865855194], [-122.09573347731352, 37.0903890850965], [-122.09576151640567, 37.09039423929034], [-122.09577613659803, 37.090398169186265], [-122.09579104054839, 37.090401342897685], [-122.09581798512787, 37.09040941791642], [-122.0958452610242, 37.090416749638266], [-122.09585933019264, 37.09042180874086], [-122.09587377384199, 37.0904261373193], [-122.09589960265683, 37.09043629000881], [-122.095925848083, 37.090445727454465], [-122.09593922965466, 37.09045186649886], [-122.09595307509632, 37.09045730878181], [-122.09596977496726, 37.090464708757224], [-122.09598283567186, 37.09047118616925], [-122.09599638865656, 37.090476981098156], [-122.09602036875422, 37.090489800426624], [-122.09604488051173, 37.090501956858446], [-122.09605708686598, 37.09050942920322], [-122.09606986456562, 37.090516259959905], [-122.0960921603598, 37.09053090023965], [-122.09611506716251, 37.09054492311756], [-122.09612630008603, 37.09055331764747], [-122.09613818085523, 37.09056111903652], [-122.09615857831706, 37.09057743973367], [-122.09617965887442, 37.090593193606374], [-122.09618981085278, 37.09060243000028], [-122.0962006796939, 37.090611126511], [-122.09621347973722, 37.090622426375056], [-122.09622267815679, 37.0906313943635], [-122.09623259338461, 37.09063985545947], [-122.09625070200704, 37.0906587159637], [-122.09626955914484, 37.09067710055252], [-122.09627761510409, 37.090686746425035], [-122.09628644835759, 37.090695946439844], [-122.096302162527, 37.09071613853221], [-122.09631867907008, 37.09073591479254], [-122.09632551657104, 37.09074614765131], [-122.09633318104508, 37.09075599614561], [-122.09634634837144, 37.09077732378542], [-122.09636036644353, 37.090798302845876], [-122.09636591903991, 37.09080902330249], [-122.09637234158711, 37.09081942615507], [-122.09637994181621, 37.09083342608738], [-122.09638670518854, 37.090847771277765], [-122.09639445293216, 37.09086179054144], [-122.09640230028862, 37.09088084883914], [-122.09641115298209, 37.090899625628296], [-122.09641612856585, 37.090914432591624], [-122.09642212381071, 37.090928992949735], [-122.09642760168865, 37.090948576193036], [-122.09643411422991, 37.090967957203915], [-122.0964372539843, 37.09098308297405], [-122.09644143908996, 37.09099804445204], [-122.09644449459105, 37.09101796375671], [-122.096448604375, 37.091037762645186], [-122.0964498783974, 37.091053062320576], [-122.09645221265708, 37.091068280205036], [-122.0964536128119, 37.09108358021041], [-122.09645402404223, 37.09109724881167], [-122.09645546210265, 37.09111087259518], [-122.09645508744896, 37.09113260028882]], [[-122.08587136880709, 37.084850086120596], [-122.0858909421383, 37.084825800084175], [-122.0859364423364, 37.084775000400796], [-122.08595454371127, 37.08475675247328], [-122.08597187233993, 37.08473802778654], [-122.08603147246991, 37.084679828089605], [-122.08605001441663, 37.08466343339238], [-122.08606779051344, 37.08464650303816], [-122.08613479057907, 37.084588703388164], [-122.08614592235736, 37.08457999882173], [-122.08615634009229, 37.084570745388895], [-122.08624764004509, 37.084497245864185], [-122.08631294228327, 37.08444959764921], [-122.08638375941278, 37.08440730680029], [-122.08645940934997, 37.08437078080375], [-122.08653916365768, 37.084340371263885], [-122.08662225432926, 37.0843163710711], [-122.08670788102458, 37.08429901139321], [-122.08675373305053, 37.08429347160712], [-122.08675788753611, 37.08426480865742], [-122.0867627023891, 37.08423070237901], [-122.0867629834638, 37.08422964999727], [-122.08676313826511, 37.084228581950335], [-122.08677221946473, 37.08419506883462], [-122.08678118380556, 37.084161504880626], [-122.08679638430431, 37.08411570495711], [-122.08679666189775, 37.08411500833049], [-122.08679685488714, 37.08411429266385], [-122.0868100920135, 37.08408129911336], [-122.08682324243424, 37.08404829191336], [-122.0868236042288, 37.084047619731955], [-122.08682388361846, 37.08404692338951], [-122.08684108518084, 37.08401514353785], [-122.08685821859703, 37.083983312680374], [-122.08685866090495, 37.083982672217054], [-122.08685902414945, 37.08398200103824], [-122.08688962452108, 37.08393230124232], [-122.08689851172637, 37.08391949246943], [-122.08690646434887, 37.0839062960196], [-122.08691995526891, 37.08388858654201], [-122.08693253839068, 37.08387045101315], [-122.08694294997782, 37.0838584015934], [-122.08695247868928, 37.083845893414036], [-122.08696807205884, 37.08382932776738], [-122.08698281255609, 37.083812268616896], [-122.0869946475496, 37.083801095493705], [-122.0870056611315, 37.083789395127226], [-122.08702320560698, 37.083774134125015], [-122.08703996257478, 37.0837583142298], [-122.08705310808818, 37.08374812379862], [-122.08706549952669, 37.08373734516727], [-122.08708482649632, 37.08372353551838], [-122.08710343811289, 37.08370910767887], [-122.0871177667247, 37.08369999883181], [-122.08713141743691, 37.08369024495198], [-122.08718351730737, 37.08365654516931], [-122.08718628099568, 37.08365493040313], [-122.08718885101625, 37.083653121877866], [-122.08720614116778, 37.08364317957651], [-122.08702618203284, 37.08348968011325], [-122.08702544108993, 37.08348898249547], [-122.08702462000201, 37.083488344383966], [-122.08670933845295, 37.08321804532228], [-122.08621625522161, 37.082818126516216], [-122.08611558814903, 37.082738036280325], [-122.08591604153219, 37.08271797473427], [-122.08591306881223, 37.08271755628743], [-122.0859100609441, 37.08271735715032], [-122.08589372369566, 37.082714966910935], [-122.08592738481937, 37.08278308312281], [-122.08602442045095, 37.08294294536981], [-122.08608089543951, 37.08302366476235], [-122.08635631574396, 37.083275654851455], [-122.08641117292908, 37.083331115607514], [-122.08645898095156, 37.08339061718142], [-122.08649927931691, 37.0834535865307], [-122.08653167993154, 37.08351941727721], [-122.08655587086041, 37.0835874754145], [-122.08657161895313, 37.083657105547424], [-122.08657877258385, 37.083727637042514], [-122.08657726292347, 37.08379839061787], [-122.08656710431067, 37.083868685016164], [-122.08654839474099, 37.08393784322826], [-122.0865213142129, 37.08400519915083], [-122.08648612363845, 37.08407010406824], [-122.08644316184359, 37.084131932939535], [-122.08639284245893, 37.084190090414154], [-122.08633565036686, 37.08424401630355], [-122.08627213600887, 37.08429319121652], [-122.08620291138648, 37.08433714166684], [-122.08612864292185, 37.08437544434547], [-122.08605004600659, 37.08440773031547], [-122.085967877532, 37.08443368865069], [-122.08588292887649, 37.0844530694468], [-122.08579601811627, 37.084465685924926], [-122.0857079823474, 37.084471416626194], [-122.08561966934663, 37.084470206429295], [-122.08553192969087, 37.08446206685037], [-122.08544560842576, 37.08444707642942], [-122.0853615367546, 37.08442537940417], [-122.08528052450957, 37.084397184840576], [-122.0852493875474, 37.0843832971357], [-122.08513660172981, 37.0844482550647], [-122.08505151146053, 37.08454374230658], [-122.08491702833794, 37.08469612357847], [-122.08493243375965, 37.08479041658966], [-122.08493307932899, 37.08479678228879], [-122.0849343614458, 37.084803085745435], [-122.0849366542776, 37.084832035891885], [-122.08493958617865, 37.084860948152915], [-122.08493944978424, 37.084867333688294], [-122.08493995461635, 37.084873707675875], [-122.0849458235799, 37.085202987719974], [-122.08501955030066, 37.08550917072365], [-122.08514828223096, 37.08583615142202], [-122.08531663160991, 37.086131831462524], [-122.0853253230928, 37.0861223863153], [-122.08533364303287, 37.08611201617136], [-122.08535151563727, 37.08609392224958], [-122.08536860582933, 37.08607534995788], [-122.08541290599891, 37.08603185022455], [-122.08542590665593, 37.08602029207385], [-122.08543809558344, 37.08600817699739], [-122.08547799568989, 37.08597227724706], [-122.08550272190926, 37.08595211561516], [-122.08552695021935, 37.085931562987874], [-122.08553366514636, 37.08592688450077], [-122.0855399000135, 37.08592180064839], [-122.08556697142764, 37.08590367928382], [-122.08559359987309, 37.08588512660355], [-122.08560324616751, 37.085879045334266], [-122.08559383786644, 37.08578528631973], [-122.0855932321841, 37.08576970422506], [-122.08559155917206, 37.08575417213075], [-122.08558486088718, 37.08560917211885], [-122.08558538074561, 37.08557473973697], [-122.08558578631984, 37.08554032369037], [-122.08558978696078, 37.085485623794995], [-122.08559154631725, 37.08547257672999], [-122.08559229662649, 37.08545946744002], [-122.08559829721756, 37.08540896752612], [-122.08560135035299, 37.085392098412], [-122.08560332809974, 37.08537512626888], [-122.0856076840235, 37.085357103674745], [-122.08561097215268, 37.08533893592474], [-122.08561607477685, 37.08532238674445], [-122.08562011919683, 37.085305652730575], [-122.08563461966943, 37.085258252818534], [-122.08564450031975, 37.085231671586534], [-122.08565367408572, 37.0852049284206], [-122.08567027446847, 37.08516442849303], [-122.08568500429571, 37.08513367295043], [-122.08569947220289, 37.0851028409309], [-122.08571947255489, 37.08506584110774], [-122.08573657367589, 37.085038032393015], [-122.0857532556002, 37.08501005233308], [-122.08578025588562, 37.08496995256033], [-122.08579214125318, 37.084954202918915], [-122.0858030870363, 37.08493802228571], [-122.08581417049292, 37.08492339969823], [-122.08585125435059, 37.08487408566439], [-122.08587136880709, 37.084850086120596]], [[-122.08022244042253, 37.079094887926985], [-122.08018727175406, 37.07905822326291], [-122.08014057601689, 37.07899815882641], [-122.08010808000407, 37.07894546266617], [-122.08002966399039, 37.078929212343596], [-122.07994673779521, 37.07890486297531], [-122.0798671897557, 37.07887411828293], [-122.07984316226005, 37.07886237800248], [-122.07966445597661, 37.07892091823274], [-122.07933114807875, 37.07903710945713], [-122.07933105713052, 37.07903714120146], [-122.07922224728456, 37.07907510979103], [-122.07922195042735, 37.079075199789486], [-122.0792216669135, 37.079075312065946], [-122.07908041666921, 37.079124505714894], [-122.0789701564809, 37.07917467027281], [-122.07892672538713, 37.079199903856946], [-122.07881297872062, 37.07928821227298], [-122.07871412708096, 37.07938396510899], [-122.07865552291102, 37.07944776542171], [-122.07861124472281, 37.07951006422287], [-122.07856443699976, 37.07960333091735], [-122.07852219492564, 37.07974128466183], [-122.07850448347546, 37.079834088640624], [-122.07849362567147, 37.07993796510733], [-122.07849924694405, 37.08004138596095], [-122.07850964032987, 37.080154285862655], [-122.07854265045674, 37.08030510945054], [-122.07854926085886, 37.08032645184692], [-122.07860776778425, 37.0803185036669], [-122.07869587385606, 37.08031356946173], [-122.07878415916525, 37.08031557816402], [-122.07887177377626, 37.080324510372165], [-122.07895787373228, 37.080340280210315], [-122.07904162993874, 37.080362735577424], [-122.07912223567223, 37.08039166045893], [-122.07919891500354, 37.08042677607354], [-122.07927092916646, 37.080467744437776], [-122.07933758462622, 37.08051417095218], [-122.07939823966731, 37.08056560850831], [-122.0794523100803, 37.080621561678846], [-122.07949927506421, 37.080681491720654], [-122.07953868234372, 37.08074482139149], [-122.07957015237268, 37.080810940931464], [-122.07959338198262, 37.0808792134092], [-122.07960814767803, 37.0809489814175], [-122.07961430702662, 37.08101957312327], [-122.07961180072273, 37.081090308503036], [-122.07960065295127, 37.08116050655692], [-122.07959171642219, 37.08119182867619], [-122.07985721884438, 37.081192518814774], [-122.0799006282322, 37.08119434048333], [-122.07994403860913, 37.08119610842033], [-122.07994472591878, 37.08119619109248], [-122.0799454199513, 37.081196220183585], [-122.0799884062833, 37.0812014431204], [-122.08003138249188, 37.08120661052712], [-122.08003205610423, 37.08120674672574], [-122.08003274351681, 37.08120683020944], [-122.08007488742483, 37.081215404470065], [-122.08011702112327, 37.08122392130762], [-122.08011767497906, 37.08122410972377], [-122.08011834869336, 37.081224246824085], [-122.0801592495152, 37.08123609196278], [-122.08020012951114, 37.08124787400825], [-122.08020075665863, 37.08124811269513], [-122.08020141095176, 37.081248302195874], [-122.08024065399216, 37.08126329790742], [-122.08025366036452, 37.08126824812206], [-122.08008388608252, 37.081127251056024], [-122.08007332515747, 37.08111757158476], [-122.08006202937406, 37.08110843942028], [-122.08004427611668, 37.081090947169486], [-122.08002575707279, 37.08107397386001], [-122.08001643114216, 37.08106351163453], [-122.0800063069555, 37.0810535362809], [-122.07985239698309, 37.080885690390495], [-122.07985145468689, 37.08088478366389], [-122.07985139351976, 37.080884724868824], [-122.07985139307522, 37.08088472441467], [-122.07975945487591, 37.08079628306134], [-122.07973383859901, 37.08076902502224], [-122.0797080862566, 37.080741818923975], [-122.0797072683091, 37.08074075172067], [-122.07970632893968, 37.08073975208143], [-122.07968416578203, 37.08071060715838], [-122.07966187069687, 37.08068151610253], [-122.07966118767537, 37.08068039045367], [-122.07966037459147, 37.08067932121456], [-122.0796418824061, 37.08064857387102], [-122.07962325487912, 37.080617874149695], [-122.07962271263004, 37.08061669965562], [-122.07962203458013, 37.08061557233246], [-122.07960739170865, 37.08058351799233], [-122.07959261085527, 37.08055150611696], [-122.0795922151858, 37.0805502956227], [-122.07959167790703, 37.08054911954453], [-122.07958102499302, 37.080516063524385], [-122.07957023362995, 37.08048305113801], [-122.07951923577957, 37.080288550750986], [-122.07951321004582, 37.080258245289926], [-122.07950669135862, 37.08022800207485], [-122.07950626429651, 37.08022331211792], [-122.07950534087395, 37.080218668065626], [-122.07950305146214, 37.0801880325766], [-122.07950026421369, 37.080157425673704], [-122.0794977508529, 37.080072641695864], [-122.07948877840546, 37.080046693978595], [-122.07947728035957, 37.0800139172209], [-122.0794769870768, 37.08001259475591], [-122.07947653954912, 37.080011300389145], [-122.07946926311627, 37.07997775956157], [-122.07946183168893, 37.07994424421177], [-122.07946170162387, 37.07994290525606], [-122.07946141454181, 37.079941581757474], [-122.07945827625451, 37.079907629470796], [-122.07945498083053, 37.07987369345128], [-122.07945501529257, 37.079872350634645], [-122.07945489142247, 37.07987101109603], [-122.0794559218541, 37.07983697434534], [-122.07945679390892, 37.07980294447772], [-122.0794569923999, 37.07980161104687], [-122.07945703305332, 37.0798002679177], [-122.07946222187132, 37.079766479238806], [-122.07946725321385, 37.07973267843024], [-122.07946761401136, 37.079731366540614], [-122.07946781868253, 37.07973003369854], [-122.0794771139661, 37.07969682250921], [-122.07948625817129, 37.079663572287544], [-122.07948677774098, 37.0796622950721], [-122.07948714448354, 37.07966098458065], [-122.07950045691233, 37.07962866576543], [-122.0795136256608, 37.07959629129869], [-122.07951429913267, 37.07959506070811], [-122.07951482429985, 37.07959378569933], [-122.07953202822162, 37.07956266439532], [-122.07954909221958, 37.079531483591964], [-122.0795499125765, 37.079530312371546], [-122.07955059153095, 37.07952908416693], [-122.07958179185836, 37.07947938440442], [-122.07959499350005, 37.07946069972656], [-122.07960728354618, 37.07944162235409], [-122.07961673486733, 37.079429928572225], [-122.07962530195421, 37.07941780327842], [-122.07964072537845, 37.07940024591008], [-122.07965529037665, 37.07938222504906], [-122.0796661278661, 37.07937132867092], [-122.0796761360212, 37.079359935765446], [-122.07969363202508, 37.079343675000594], [-122.07971033239988, 37.07932688389569], [-122.07972245048177, 37.07931689118636], [-122.0797338043419, 37.07930633899662], [-122.0797532057795, 37.079291530198496], [-122.07977187935566, 37.07927613182323], [-122.07978516087144, 37.07926713940307], [-122.0797977515479, 37.07925752912058], [-122.07981887140068, 37.0792443151491], [-122.07983933863449, 37.079230457559326], [-122.07985365744996, 37.07922255080183], [-122.07986736196715, 37.07921397638781], [-122.07988999539698, 37.07920248527201], [-122.07991206050781, 37.079190301073986], [-122.07992727708879, 37.07918355713622], [-122.07994196508663, 37.07917609996531], [-122.07996589656865, 37.079166441172916], [-122.07998934470788, 37.079156049033855], [-122.08000531258236, 37.0791505327603], [-122.08002084245226, 37.07914426483567], [-122.0800458407944, 37.07913653175855], [-122.08007044676945, 37.0791280313365], [-122.08008701207196, 37.079123795706245], [-122.08010323447124, 37.07911877743347], [-122.0801290582453, 37.0791130448158], [-122.08015458583343, 37.07910651765575], [-122.08017159012384, 37.07910360326364], [-122.08018834775271, 37.07909988326877], [-122.0802147485673, 37.079096206331116], [-122.08022244042253, 37.079094887926985]], [[-122.07370304901805, 37.074743669820734], [-122.07364722162714, 37.07470313387596], [-122.07358790716368, 37.074650705640764], [-122.07353529184681, 37.074593871477056], [-122.07348988221683, 37.074533178623916], [-122.07345211573382, 37.07446921154885], [-122.07342235589553, 37.0744025864108], [-122.07340088950278, 37.07433394472853], [-122.07338792324254, 37.07426394767493], [-122.07338358174641, 37.07419326930105], [-122.07338790710509, 37.074122590312655], [-122.07340085737683, 37.07405259129789], [-122.07342230801419, 37.073983946518936], [-122.07345205228707, 37.073917316974644], [-122.07348980372036, 37.07385334429024], [-122.07353519886804, 37.07379264470005], [-122.07358780042979, 37.07373580258195], [-122.07364710181128, 37.07368336553584], [-122.07371253192225, 37.07363583838215], [-122.07378346062741, 37.073593678968265], [-122.07385920488167, 37.07355729316911], [-122.07393903529568, 37.073527031513464], [-122.07402218293124, 37.07350318536151], [-122.0741078472064, 37.07348598435282], [-122.07419520300924, 37.073475594118456], [-122.07428340915195, 37.07347211481496], [-122.07437161614743, 37.07347557983294], [-122.07445897464433, 37.07348595586304], [-122.07454464318626, 37.07350314304658], [-122.07462779686311, 37.07352697576395], [-122.07488939505454, 37.07361377502615], [-122.074923815794, 37.07362681615385], [-122.07495846042463, 37.07363948556807], [-122.07508805961716, 37.073693185170335], [-122.07509600751607, 37.07369688519876], [-122.07510429138684, 37.07370007990811], [-122.07519549095143, 37.07373977956807], [-122.07521520706638, 37.073749394841116], [-122.07523546037652, 37.07375825739446], [-122.0753768596595, 37.07382755681426], [-122.07538087017107, 37.07382974603009], [-122.07538510557082, 37.07383164710895], [-122.07540941200138, 37.073845224721154], [-122.07543424929706, 37.073858163498585], [-122.07544182691836, 37.07386301999728], [-122.07544984638538, 37.0738673975109], [-122.0754535699425, 37.07386989123358], [-122.07545755224379, 37.07387211574205], [-122.0754800789403, 37.073887535717944], [-122.07550321580007, 37.07390236407993], [-122.07551016293004, 37.073907792374946], [-122.0755176082669, 37.073912778630714], [-122.07552101016309, 37.07391555387494], [-122.07552469970261, 37.073918079420025], [-122.07554523045498, 37.07393519323946], [-122.0755664433986, 37.073951768468206], [-122.07557269339674, 37.073957716571265], [-122.07557949251898, 37.07396326323416], [-122.07558253755397, 37.073966291332], [-122.07558590153177, 37.073969095394], [-122.07560424088891, 37.073987740186226], [-122.0756233231992, 37.0740059007654], [-122.07562881512297, 37.074012310603116], [-122.07563490342312, 37.074018364979594], [-122.07563756392183, 37.07402161822318], [-122.07564056814543, 37.07402467250257], [-122.0756565391928, 37.07404466877532], [-122.07567330737632, 37.07406423966839], [-122.0757825393435, 37.07420618605348], [-122.07597585593943, 37.07442702415005], [-122.07598447939286, 37.074437982131364], [-122.07599393807463, 37.0744484902407], [-122.07615293014003, 37.074644747633066], [-122.0762501183274, 37.074731590254956], [-122.07656788134882, 37.07490260932422], [-122.07656876211419, 37.074903135387856], [-122.07656970132692, 37.07490359141712], [-122.0766041506706, 37.074924271731156], [-122.07663868919433, 37.074944900358226], [-122.07663950176423, 37.074945493315056], [-122.07664038026448, 37.07494602071263], [-122.07691581325763, 37.07512893965499], [-122.0772287108428, 37.07529371656407], [-122.07742171672838, 37.07535301914009], [-122.07742195644538, 37.0753531038434], [-122.07742220472119, 37.07535316923321], [-122.07750050407392, 37.07537726902119], [-122.07750420286602, 37.07537857777798], [-122.07750803282771, 37.075379617405545], [-122.0775445906162, 37.07539286819908], [-122.07758129302954, 37.07540585455397], [-122.07758481401056, 37.07540744757877], [-122.07758849819666, 37.07540878290076], [-122.07788474256547, 37.07553052574602], [-122.07784770609088, 37.075472092121394], [-122.07781928590262, 37.07543315793722], [-122.0778178938164, 37.07543101620513], [-122.07781626369005, 37.07542898565762], [-122.07779750322169, 37.075399644452226], [-122.07777849235829, 37.075370395402864], [-122.07777736888234, 37.07536815435153], [-122.0777759951053, 37.07536600582054], [-122.07776091491908, 37.07533533391639], [-122.07774557291329, 37.07530473127499], [-122.07774472903041, 37.07530241289407], [-122.07774362463098, 37.0753001666725], [-122.07773236648246, 37.075268450557985], [-122.07772084467052, 37.07523679783354], [-122.07772028865058, 37.075234425173214], [-122.07771946406108, 37.075232102254866], [-122.07771213884168, 37.07519965017187], [-122.0777045456016, 37.07516724945704], [-122.07770428246543, 37.07516484446046], [-122.07770374606598, 37.07516246807659], [-122.07769344674479, 37.07509926794703], [-122.07769000521976, 37.075065194069154], [-122.07768642149576, 37.07503111142331], [-122.07768644244581, 37.075029920477135], [-122.0776863227133, 37.075028734656605], [-122.07768706593926, 37.07499454981852], [-122.07768766867066, 37.07496035451313], [-122.07768783508871, 37.07495917199954], [-122.07768786098481, 37.074957981362225], [-122.07769278489216, 37.07492400201353], [-122.07769756531023, 37.07489003624139], [-122.07769787560693, 37.0748888726042], [-122.07769804697946, 37.074887689678384], [-122.07770710172505, 37.07485426841848], [-122.07771601600294, 37.07482083389643], [-122.07771646735051, 37.07481969965996], [-122.07771678247914, 37.07481853642085], [-122.0777298792339, 37.07478599390599], [-122.07774284323773, 37.07475341376036], [-122.07774343110917, 37.07475232042725], [-122.07774388705145, 37.0747511875785], [-122.07776089574259, 37.074719841078746], [-122.07777778837577, 37.074688425257655], [-122.0777785075889, 37.074687382702884], [-122.0777790995929, 37.07468629174536], [-122.07779986031433, 37.07465643260822], [-122.077820515108, 37.074626494221825], [-122.0778213579885, 37.07462551374323], [-122.0778220808786, 37.07462447401111], [-122.07784640307894, 37.074596379013066], [-122.07787061188777, 37.07456821714574], [-122.07787157045131, 37.07456730778521], [-122.0778724172402, 37.07456632959012], [-122.07790006368359, 37.07454027559503], [-122.07792759616778, 37.0745141550854], [-122.07795319612316, 37.07449215525589], [-122.07797723877336, 37.07447342693193], [-122.07800072224849, 37.07445424833369], [-122.07800888640337, 37.07444877459404], [-122.07801651910424, 37.074442828986236], [-122.07804273739805, 37.07442607873635], [-122.0780684532604, 37.07440883727847], [-122.07807724728245, 37.07440403131932], [-122.07808557096972, 37.0743987134945], [-122.07811371231202, 37.07438410295562], [-122.07814141309291, 37.074368964280985], [-122.07815075306874, 37.074364871961215], [-122.07815968679508, 37.07436023366035], [-122.07818947847731, 37.07434790412206], [-122.07821889907159, 37.07433501336525], [-122.0782286947532, 37.074331674184855], [-122.07823815270865, 37.074327759990176], [-122.07826931015836, 37.074317829304135], [-122.0783001648931, 37.0743073116096], [-122.07831032128121, 37.07430475800089], [-122.07832021313186, 37.07430160524852], [-122.07835243640909, 37.07429416915342], [-122.07838442797855, 37.07428612568881], [-122.07839484780929, 37.074284382044304], [-122.07840507767817, 37.07428202135707], [-122.07843805419212, 37.07427715205771], [-122.07847087692518, 37.074271659588625], [-122.07848146043945, 37.074270742709956], [-122.07849192928283, 37.0742691968442], [-122.07852534315502, 37.07426694083078], [-122.07855867917706, 37.07426405277274], [-122.07856932322504, 37.074263971503164], [-122.07857993130803, 37.074263255277835], [-122.07861346144554, 37.0742636344829], [-122.078646989145, 37.074263378443305], [-122.07869428864329, 37.07426487839509], [-122.07871234904724, 37.074266164546586], [-122.07873047281791, 37.07426661126346], [-122.07875630706224, 37.074269295019256], [-122.07878225581638, 37.0742711428897], [-122.078800072909, 37.07427384143382], [-122.07881805383234, 37.074275709346125], [-122.07884343565041, 37.07428040915463], [-122.07886903317913, 37.074284286122904], [-122.07888643370215, 37.074288370836015], [-122.07890410021933, 37.074291642026054], [-122.07892308239029, 37.0742967716606], [-122.07894749975196, 37.07427309943732], [-122.07901016345099, 37.074223235594594], [-122.07907862485234, 37.07417853344036], [-122.0791368631103, 37.07414758637113], [-122.07912714545047, 37.07413629291222], [-122.07912432486405, 37.07413220894506], [-122.07912108081143, 37.07412833252726], [-122.07909848098384, 37.07409823238748], [-122.07907981207282, 37.07407035650224], [-122.07906078638625, 37.07404264433216], [-122.07905893981646, 37.074039190523294], [-122.079056722091, 37.07403587913801], [-122.07904155460186, 37.07400667409901], [-122.07902600881734, 37.07397759817548], [-122.07902459342725, 37.07397401547894], [-122.07902279170663, 37.073970546333406], [-122.07901127072337, 37.073940293425316], [-122.07899935556286, 37.073910133904825], [-122.07899838521509, 37.073906457312724], [-122.07899701653773, 37.07390286326038], [-122.07898925119582, 37.07387184880639], [-122.07898108344698, 37.07384090108532], [-122.07897368381398, 37.073804001077065], [-122.07897200771427, 37.07379186694049], [-122.07896936168567, 37.073779844526904], [-122.07896715278925, 37.07375671873224], [-122.0789639685772, 37.07373366648938], [-122.0789637849215, 37.07372145984189], [-122.07896262215675, 37.07370928687498], [-122.07895465372816, 37.07347546520574], [-122.07886391094398, 37.0732621329211], [-122.07885673725568, 37.07324209768227], [-122.07884856071341, 37.07322231155306], [-122.07884456722147, 37.07320810791978], [-122.07883955628833, 37.07319411299049], [-122.07883486817333, 37.0731736116512], [-122.0788291510801, 37.0731532778223], [-122.07882691422887, 37.07313882858923], [-122.07882363942063, 37.07312450785648], [-122.07882148162815, 37.0731037370902], [-122.07881827942234, 37.07308305204768], [-122.0787796843543, 37.07266775180609], [-122.07877893532113, 37.07264397832986], [-122.07877723107428, 37.07262023583382], [-122.07877782138146, 37.0726086257025], [-122.07877745545076, 37.07259701030723], [-122.07877961807003, 37.07257329252746], [-122.07878082627266, 37.072549530467185], [-122.07880614227713, 37.0723242617688], [-122.07879324115123, 37.07231487327169], [-122.07873400060987, 37.07226239280838], [-122.07868146493627, 37.07220551220498], [-122.07863614001134, 37.07214477921461], [-122.07859846252765, 37.07208077882108], [-122.07856879522328, 37.072014127432446], [-122.07854742369352, 37.07194546681652], [-122.07853455387573, 37.07187545822202], [-122.07853030965306, 37.07180477595968], [-122.07853473181159, 37.071734100723795], [-122.07854777778243, 37.0716641131], [-122.0786010802141, 37.071450513584914], [-122.07860355137767, 37.071442641837216], [-122.07860527298375, 37.071434642307054], [-122.07861431936533, 37.07140834203879], [-122.07862262426578, 37.07138188754898], [-122.07862604642885, 37.07137424781733], [-122.0786287381872, 37.071366422131526], [-122.07864095745343, 37.07134096020264], [-122.07865245890936, 37.07131528420248], [-122.07865679946485, 37.071307949426576], [-122.0786604352583, 37.07130037336962], [-122.07867570981321, 37.071275994495714], [-122.07869029694174, 37.07125134472744], [-122.0786955135124, 37.071244386509], [-122.07870005871936, 37.07123713219357], [-122.07871824310924, 37.07121406861432], [-122.07873577384997, 37.07119068509594], [-122.078741816014, 37.07118417055724], [-122.07874722704324, 37.07117730768256], [-122.07876814532293, 37.071155783017474], [-122.07878845160566, 37.07113388933944], [-122.07879526180304, 37.07112788058949], [-122.07880148598787, 37.07112147589979], [-122.0788249355125, 37.071101698597545], [-122.07884782288946, 37.07108150444396], [-122.07885533540096, 37.07107605929186], [-122.0788623129366, 37.07107017451812], [-122.07888806788664, 37.07105233472927], [-122.07891331599446, 37.071034034890204], [-122.07892145875338, 37.07102920586763], [-122.07892912213556, 37.07102389763324], [-122.07901752195693, 37.07096849808477], [-122.07902156608799, 37.07096621072615], [-122.07902534681534, 37.07096364954996], [-122.0790576341078, 37.07094581068963], [-122.07908966987489, 37.070927691244655], [-122.07909397415331, 37.07092573266094], [-122.07909805013753, 37.070923480611455], [-122.07913236562463, 37.07090826288479], [-122.07916646185252, 37.07089274760631], [-122.07917098488139, 37.070891136495156], [-122.07917531682445, 37.0708892154412], [-122.07921132845873, 37.07087676616938], [-122.07924715837278, 37.0708640035914], [-122.07925185676899, 37.07086275548025], [-122.07925640271392, 37.070861183934895], [-122.07929376032256, 37.07085162388806], [-122.0793309821721, 37.07084173601805], [-122.07933581147148, 37.07084086282042], [-122.07934052702623, 37.07083965603291], [-122.07937887111892, 37.07083307661424], [-122.07941712614787, 37.07082615927809], [-122.07942203877737, 37.070825669548334], [-122.07942687937089, 37.07082483898072], [-122.07946585070015, 37.07082130230075], [-122.07950476069063, 37.07081742359143], [-122.07950970822317, 37.070817322091514], [-122.0795146284283, 37.070816875593756], [-122.07955384321312, 37.070816416802074], [-122.07959304169621, 37.070815612814954], [-122.07959797935102, 37.070815900459245], [-122.07960292894325, 37.07081584259919], [-122.07960563641042, 37.07081602432903], [-122.07958376346367, 37.07079499970832], [-122.07953413720321, 37.0707364659856], [-122.07949190988101, 37.07067431627989], [-122.0794574879856, 37.070609149308886], [-122.07943120329941, 37.07054159241473], [-122.07941330868748, 37.07047229639312], [-122.07940397660643, 37.07040192863081], [-122.07940329670849, 37.07033116668688], [-122.07941127580519, 37.07026069207272], [-122.07942783682545, 37.07019118348343], [-122.07945282024507, 37.07012331031892], [-122.07948598562602, 37.07005772638628], [-122.07952701338759, 37.069995063063075], [-122.07957550835934, 37.069935923916866], [-122.0796310036811, 37.0698808785162], [-122.07968276686444, 37.06983875553857], [-122.0796573277066, 37.06981544182508], [-122.07960599551845, 37.0697578609198], [-122.07956195372034, 37.0696965253581], [-122.0795256266646, 37.06963202606401], [-122.07949736398096, 37.06956498402833], [-122.07947743783053, 37.06949604487856], [-122.07947155363524, 37.06945981718358], [-122.07921243148519, 37.06946846226881], [-122.07920183429125, 37.069468398748285], [-122.0791912608234, 37.06946896864472], [-122.07905315952873, 37.06947096866079], [-122.07905000192227, 37.06947089014919], [-122.07904684805051, 37.06947104233483], [-122.07900587043896, 37.06946979291256], [-122.0789648936402, 37.069468774060624], [-122.07896176118844, 37.06946844794709], [-122.07895860357199, 37.06946835167539], [-122.07891797910364, 37.069463890030946], [-122.07887732116298, 37.06945965724858], [-122.07887424296464, 37.06945908655349], [-122.0788711130894, 37.069458742790125], [-122.07883122866944, 37.06945111150072], [-122.07879128562108, 37.06944370590388], [-122.07878829299064, 37.069442896459236], [-122.07878521927937, 37.069442308309526], [-122.0787464573966, 37.069431580206185], [-122.07870761556428, 37.06942107375449], [-122.07870473586084, 37.0694200328941], [-122.07870174940076, 37.0694192063686], [-122.07866449135634, 37.06940548726542], [-122.07862711671423, 37.069391978803466], [-122.0786243780492, 37.06939071675143], [-122.07862150720622, 37.06938965964249], [-122.07858610901437, 37.069373081208525], [-122.07855056445268, 37.069356701196895], [-122.07854799300347, 37.069355229965225], [-122.07854526566284, 37.0693539525854], [-122.07851206423261, 37.069334672752994], [-122.07847869597796, 37.069315580638836], [-122.07847631744016, 37.06931391484988], [-122.07847375888043, 37.06931242911406], [-122.07844307625662, 37.069290634815935], [-122.07841220336766, 37.0692690132722], [-122.0784100394913, 37.069267168238824], [-122.0784076756286, 37.06926548913166], [-122.07837980747634, 37.06924139044221], [-122.07835172710602, 37.069217447391495], [-122.07834979971524, 37.06921544158204], [-122.07834765218476, 37.06921358459577], [-122.07832286356444, 37.06918741064172], [-122.07829784960256, 37.0691613798765], [-122.07829617691323, 37.06915923245239], [-122.07829426675713, 37.0691572155986], [-122.07827279681123, 37.06912921766], [-122.07825108963698, 37.06910135046987], [-122.07824968781959, 37.06909908228929], [-122.07824803336507, 37.069096924820386], [-122.0782300933812, 37.0690673783886], [-122.0782203306457, 37.06905158218619], [-122.07820374690587, 37.06903440953601], [-122.07815319412278, 37.06897638786823], [-122.07810998191465, 37.06891467485111], [-122.07807452647585, 37.06884986495596], [-122.07804716905888, 37.068782582267495], [-122.07802817334431, 37.06871347478424], [-122.07801772214401, 37.068643208082804], [-122.07801591613087, 37.06857245881781], [-122.07802277245531, 37.06850190831101], [-122.07803822538624, 37.06843223615643], [-122.07806212594733, 37.06836411318655], [-122.07809424378993, 37.068298195537935], [-122.07813426986142, 37.06823511800171], [-122.07818181850399, 37.06817548800096], [-122.07823643179904, 37.06811987985576], [-122.07829758379908, 37.068068829047625], [-122.07836468553813, 37.068022827211024], [-122.07843709093706, 37.067982317492415], [-122.07851410259741, 37.06794768981837], [-122.07859497881387, 37.06791927770533], [-122.07867894081345, 37.06789735489101], [-122.07876517998898, 37.06788213241632], [-122.07885286579351, 37.06787375688404], [-122.07894115385673, 37.06787230889966], [-122.07902919386511, 37.067877802501584], [-122.07911613811406, 37.06789018477694], [-122.07920114903726, 37.067909336370654], [-122.07928340818623, 37.067935072997194], [-122.07936212341352, 37.067967146667975], [-122.07943653648537, 37.06800524863463], [-122.07945508198381, 37.068016944288146], [-122.08032186703947, 37.06798802094339], [-122.0802286174469, 37.06795823544924], [-122.08020507917048, 37.06794962157637], [-122.08017434071233, 37.06794962964436], [-122.08016849620718, 37.067949169945834], [-122.08016262381386, 37.06794911007231], [-122.08012456853103, 37.06794571457383], [-122.0800864564821, 37.06794271659124], [-122.08008069556286, 37.0679417998956], [-122.08007485955783, 37.06794127914344], [-122.08003740284455, 37.067934910843306], [-122.079999841075, 37.06792893373561], [-122.07999422055228, 37.067927569047015], [-122.07998847577066, 37.067926592348655], [-122.07995197405133, 37.06791731152235], [-122.0799153285665, 37.06790841392681], [-122.07990990272297, 37.06790661464682], [-122.07990430439847, 37.06790519117458], [-122.07986911317579, 37.06789308774745], [-122.07983373301116, 37.06788135485211], [-122.0798285529386, 37.067879137783], [-122.07982315613233, 37.06787728166567], [-122.07978961729569, 37.06786247358205], [-122.07975584014137, 37.06784801707913], [-122.0797509560862, 37.06784540379413], [-122.07974581244127, 37.06784313273974], [-122.07953641144819, 37.06773963186173], [-122.07952771587198, 37.067734846539636], [-122.07951859910929, 37.067730595182994], [-122.0794913354378, 37.06771482578497], [-122.07946361740154, 37.067699572151206], [-122.0794555491547, 37.06769412699982], [-122.079446996151, 37.06768917989527], [-122.07942179267378, 37.06767134504683], [-122.0793960738784, 37.067653987631395], [-122.07938871039603, 37.0676479348129], [-122.07938080381277, 37.06764233983649], [-122.07935790199915, 37.06762261024772], [-122.07933443147991, 37.06760331729545], [-122.0793278444878, 37.067596715958786], [-122.0793206596106, 37.06759052624761], [-122.07930028089244, 37.067569092304005], [-122.07927928362881, 37.06754804918008], [-122.07927353558662, 37.067540961917686], [-122.07926714266225, 37.06753423796127], [-122.07918718262552, 37.067440975696556], [-122.07892908996016, 37.06737512879425], [-122.07870406482459, 37.0673380193788], [-122.07851429227271, 37.067331441994554], [-122.07834387259078, 37.06732929769364], [-122.07830953047329, 37.067327512245214], [-122.07827514503172, 37.06732632326746], [-122.07826548621951, 37.067325222234004], [-122.07825575192913, 37.067324716168535], [-122.07822179230024, 37.06732024163446], [-122.07818771922928, 37.06731635770806], [-122.07809641844224, 37.06730225761895], [-122.0780769739939, 37.067298453198404], [-122.07805730495775, 37.06729549092017], [-122.07803410839313, 37.06729006617565], [-122.0780106325899, 37.06728547296135], [-122.07799174847753, 37.06728015988176], [-122.07797253509828, 37.067275666677425], [-122.07795011258978, 37.06726844567354], [-122.077927312837, 37.06726203092], [-122.07790916932473, 37.067255260070844], [-122.0778905982557, 37.06724927939785], [-122.0778691679665, 37.06724033233878], [-122.07784726163561, 37.06723215732006], [-122.07783003341449, 37.06722399388019], [-122.07781228360003, 37.06721658337863], [-122.07779205000973, 37.06720599568645], [-122.07777125009018, 37.06719613976124], [-122.0777551041453, 37.06718666282169], [-122.07773834536926, 37.06717789340152], [-122.07767314513922, 37.06713999307778], [-122.07766113638455, 37.067132264292766], [-122.07764853719942, 37.06712516721378], [-122.0776267318974, 37.06711012174434], [-122.07760429543231, 37.06709568170086], [-122.07759329055938, 37.06708704741686], [-122.07758161937711, 37.06707899440121], [-122.07756175847574, 37.06706230780789], [-122.07754119728651, 37.067046175805125], [-122.07753130125718, 37.06703671850696], [-122.07752067152883, 37.067027787688595], [-122.07750294755365, 37.06700962183095], [-122.07748445830647, 37.06699195218886], [-122.07747576719514, 37.06698176366685], [-122.07746628047265, 37.066972040388556], [-122.07745086308466, 37.066952568756676], [-122.07743462491449, 37.066933532875616], [-122.07742722179027, 37.06692271058785], [-122.07741897018012, 37.06691228913296], [-122.07740600905217, 37.06689170083585], [-122.0773921771179, 37.06687148065626], [-122.07738613315736, 37.066860128728734], [-122.07737919620412, 37.066849109592575], [-122.07734409668632, 37.06678580937659], [-122.07733996325757, 37.06677724537698], [-122.07733506444423, 37.066768944942105], [-122.07732404283723, 37.0667442597142], [-122.07731224213255, 37.06671980990974], [-122.0773091764551, 37.06671096360362], [-122.0773053160181, 37.06670231726514], [-122.077297366866, 37.06667688532837], [-122.07728861350165, 37.066651626243065], [-122.07728664448747, 37.06664258069474], [-122.07728386042407, 37.066633673660895], [-122.07727906038046, 37.06660774079426], [-122.07727343858718, 37.06658191484063], [-122.07727258541179, 37.06657275826658], [-122.07727090424883, 37.066563675475855], [-122.07726929932463, 37.06653749127567], [-122.07726686333474, 37.06651134721249], [-122.07726713426798, 37.06650216738355], [-122.07726657214947, 37.06649299657798], [-122.07726657293055, 37.066424796616126], [-122.07726864280168, 37.066391039582214], [-122.07727052701273, 37.06635727821924], [-122.07727080939003, 37.06635570539872], [-122.07727090668595, 37.066354117797644], [-122.07727709655282, 37.06632068027096], [-122.0772831001217, 37.0662872350748], [-122.0772835734709, 37.06628569213399], [-122.0772838645037, 37.06628411974128], [-122.07729411425252, 37.066251329723336], [-122.07730417979674, 37.066218516817976], [-122.0773048395529, 37.06621701841408], [-122.07730532154957, 37.066215476531944], [-122.07731953310198, 37.0661836482972], [-122.07733356306652, 37.06615178520598], [-122.07733440286528, 37.06615034598222], [-122.07733507114848, 37.06614884926697], [-122.07735310575605, 37.06611829316721], [-122.07737096688113, 37.06608768289291], [-122.07742996760142, 37.06599828326138], [-122.07745079832722, 37.06597015292946], [-122.07747136433825, 37.06594190407384], [-122.07747332455469, 37.0659397327922], [-122.07747503161924, 37.06593742757655], [-122.07749920092115, 37.065911070837615], [-122.07752312492102, 37.065884571477106], [-122.07752534185923, 37.065882564172874], [-122.0775273221779, 37.06588040458459], [-122.0775545983212, 37.065856073556716], [-122.07758164874285, 37.06583158058808], [-122.07758409999899, 37.06582975745831], [-122.07758633533258, 37.0658277634564], [-122.07761645961565, 37.06580568949595], [-122.07764637204384, 37.065783441712696], [-122.07779785184758, 37.06568139258769], [-122.0779848515663, 37.06554017912961], [-122.07822429369027, 37.06534496239161], [-122.07862084001151, 37.06499207065813], [-122.07863131343773, 37.064983623319975], [-122.07864107832356, 37.064974647303984], [-122.07868948365433, 37.06493433000263], [-122.07868924062593, 37.0649266910859], [-122.07869984492314, 37.0645665912166], [-122.07870118553379, 37.06455183596056], [-122.07870147221212, 37.0645370423214], [-122.07870439004219, 37.06451656631555], [-122.07870625732367, 37.0644960139137], [-122.07870939605027, 37.064481435326535], [-122.07871149084971, 37.064466735144535], [-122.0787612935983, 37.064223735486614], [-122.07876144684208, 37.06422316437731], [-122.0787615307988, 37.06422258389614], [-122.07884243524236, 37.063831784591386], [-122.07884860072771, 37.0638089939435], [-122.07885381063244, 37.06378605020783], [-122.07903761743673, 37.06315435162077], [-122.07903928027447, 37.06314968517763], [-122.07904044441223, 37.06314492309977], [-122.07913157714415, 37.06284972577057], [-122.07914083071397, 37.062801956369675], [-122.0791458170193, 37.062753660863066], [-122.07915422414025, 37.06244144079279], [-122.07915889464344, 37.062094281234124], [-122.07915542856784, 37.06163086397053], [-122.07914875470759, 37.06155847352307], [-122.07914137063416, 37.061515361479806], [-122.07913789977687, 37.061506237951654], [-122.07912785281785, 37.06147988599422], [-122.0791259920962, 37.061481265205465], [-122.07910726073746, 37.06149263509798], [-122.07908920008391, 37.06150468309082], [-122.0790720878406, 37.06151398502335], [-122.07905560392656, 37.061523990778426], [-122.07905144481039, 37.061526034594706], [-122.0790430625274, 37.06154761847221], [-122.07903917866237, 37.06155498242316], [-122.07903600349142, 37.06156256199307], [-122.07902199659578, 37.06158755961357], [-122.07900868468442, 37.06161279906599], [-122.07900391872435, 37.06161982264818], [-122.07899983189573, 37.061627116154746], [-122.0789828343452, 37.06165089411915], [-122.07896650022545, 37.061674965320236], [-122.07896089854783, 37.06168158020612], [-122.07895593903031, 37.06168851809242], [-122.07893611500383, 37.06171084646293], [-122.07891691555432, 37.06173351860688], [-122.07891053144364, 37.06173966202097], [-122.07890474763404, 37.061746176425736], [-122.07890467384163, 37.0617462514803], [-122.07890225406001, 37.06175673212323], [-122.07887775567909, 37.061824718114664], [-122.0788450601621, 37.06189045238116], [-122.07880448232171, 37.0619533017827], [-122.07875641289694, 37.06201266108024], [-122.07870131488598, 37.062067958586546], [-122.07863971886813, 37.06211866171881], [-122.07857221810363, 37.0621642822795], [-122.07849946263306, 37.0622043807375], [-122.07842215303252, 37.06223857104781], [-122.07834103407592, 37.06226652384766], [-122.07828742675689, 37.062280186468286], [-122.07827106468956, 37.06229112465648], [-122.07825963371354, 37.062297352488905], [-122.07824875174322, 37.0623041841986], [-122.07822314015421, 37.062317234778334], [-122.07819804110517, 37.06233090913908], [-122.07818590272221, 37.06233620933333], [-122.07817423829277, 37.06234215302427], [-122.07814715538922, 37.06235312821458], [-122.07812050323695, 37.06236476585102], [-122.07810777437037, 37.0623690872135], [-122.07809543975216, 37.06237408579674], [-122.07804333937305, 37.06239268599575], [-122.0780383197309, 37.06239424624598], [-122.0780334868428, 37.06239614696457], [-122.07799716554261, 37.06240703832402], [-122.07796101461626, 37.062418275151614], [-122.07795582954563, 37.062419433349405], [-122.07795078618526, 37.062420945637264], [-122.07791330607573, 37.06242893167066], [-122.07787595650173, 37.06243727439988], [-122.07787065382406, 37.06243801982943], [-122.0778654506791, 37.06243912848594], [-122.07782717826301, 37.06244413145501], [-122.07778898419257, 37.062449500629135], [-122.07778361585048, 37.06244982594199], [-122.07777830220128, 37.06245052053321], [-122.0776514009271, 37.06246202066671], [-122.07760758188235, 37.06246425405635], [-122.07756382954057, 37.06246650552585], [-122.07756355439872, 37.06246649797776], [-122.07756327876999, 37.06246651205951], [-122.07751941604243, 37.062465293070844], [-122.07747558049012, 37.062464096451784], [-122.07747530695984, 37.06246406728239], [-122.07747503159419, 37.06246405964222], [-122.07743157118625, 37.062459405535535], [-122.07738805109669, 37.0624547668134], [-122.07734585072838, 37.062448566747825], [-122.07730355650475, 37.06244061613722], [-122.07726124320699, 37.062432718095174], [-122.07726057290985, 37.06243253584557], [-122.07725988386468, 37.06243240636241], [-122.07721876512828, 37.06242117159682], [-122.07717762227634, 37.06240998800927], [-122.0771769775762, 37.06240975403765], [-122.07717630751424, 37.062409570978176], [-122.07713674556791, 37.06239515472173], [-122.07709718403204, 37.062380798668926], [-122.07709657131129, 37.06238051536864], [-122.07709592662367, 37.062380280405144], [-122.07705830896614, 37.062362821517304], [-122.07702070320266, 37.0623454313969], [-122.07702012816665, 37.06234510133631], [-122.07701951523572, 37.062344816862165], [-122.07698423690422, 37.06232450023332], [-122.0769489164525, 37.06230422671381], [-122.07694838379321, 37.06230385254356], [-122.07694780944135, 37.062303521766815], [-122.07691519420696, 37.06228053768273], [-122.07688251510557, 37.06225758139664], [-122.07688203118015, 37.062257167583155], [-122.07688149954025, 37.062256792879694], [-122.07685184862783, 37.062231354166315], [-122.07682213855345, 37.062205944821486], [-122.07682170725894, 37.06220549464019], [-122.07682122435293, 37.062205080293545], [-122.07679482531479, 37.06217743257181], [-122.07676836824092, 37.06214981404858], [-122.07676799446462, 37.062149332585456], [-122.0767675641884, 37.06214888196119], [-122.07674467005126, 37.0621192887916], [-122.07672172208957, 37.06208972990253], [-122.07672140881995, 37.06208922114707], [-122.07672103595053, 37.06208873915001], [-122.07670187891895, 37.06205750215022], [-122.07668264939684, 37.062026270982905], [-122.07668239983526, 37.06202573991781], [-122.076682087693, 37.062025230990734], [-122.07666684726382, 37.061992647942375], [-122.07665152617739, 37.06196004830928], [-122.07665134262432, 37.06195950000034], [-122.07665109440947, 37.06195896921607], [-122.07663990470994, 37.06192532258382], [-122.07662865241977, 37.061891699710834], [-122.07658985400235, 37.06174789947105], [-122.07658909632954, 37.061744227213325], [-122.07658793945069, 37.06174062206699], [-122.07654974117601, 37.06159162179259], [-122.07654526081996, 37.061568421260596], [-122.07653982587725, 37.06154535076038], [-122.07652262699737, 37.06144575056752], [-122.07652028557246, 37.06142458591546], [-122.07651690964869, 37.06140350938882], [-122.07651638875106, 37.06138936081496], [-122.07651482919623, 37.06137526292604], [-122.0765150876413, 37.06135401647611], [-122.07651430572196, 37.06133277598827], [-122.07651461468562, 37.06132917648428], [-122.07643672439445, 37.06129907863338], [-122.0763613301269, 37.061262244976014], [-122.07629080392863, 37.06121966615003], [-122.07622582502412, 37.06117175236324], [-122.07616701914861, 37.06111896496766], [-122.07611495263653, 37.061061812356904], [-122.07607012697092, 37.06100084496539], [-122.07603297389888, 37.0609366500019], [-122.07600385100335, 37.06086984564557], [-122.0759830388487, 37.06080107534459], [-122.07597073791248, 37.06073100121177], [-122.0759670665184, 37.06066029832939], [-122.07597206002632, 37.06058964744142], [-122.07598567034324, 37.06051972900044], [-122.07600776634379, 37.06045121641048], [-122.07603813530189, 37.06038476936791], [-122.0760764846507, 37.060321027926165], [-122.07612244498858, 37.060260605849045], [-122.07617557385886, 37.06020408505189], [-122.07623535941906, 37.06015200986158], [-122.0763012260165, 37.06010488174208], [-122.07637253930609, 37.06006315464751], [-122.0764181033173, 37.06004163781881], [-122.07636099857794, 37.059979245625215], [-122.07587453885955, 37.05954924474819], [-122.07586073679316, 37.05953577096784], [-122.07584611477029, 37.05952286526084], [-122.07584206894151, 37.0595185016945], [-122.07583758495787, 37.05951442217131], [-122.07493918814538, 37.05861131691756], [-122.07493218357989, 37.05860351925266], [-122.07492450198734, 37.05859614330139], [-122.07490640153166, 37.05857481794219], [-122.07488759997754, 37.05855388742484], [-122.07488158340581, 37.058545577894364], [-122.07487484022204, 37.05853763326288], [-122.07485943434396, 37.058514987716144], [-122.07484328383383, 37.058492681957105], [-122.07483831244038, 37.058483939790676], [-122.07483257342224, 37.05847550370225], [-122.07482001217805, 37.0584517583621], [-122.07480666657447, 37.058428289942974], [-122.07480278793578, 37.05841919826134], [-122.07479810876808, 37.058410352998585], [-122.07478851253121, 37.05838573659062], [-122.07477810090089, 37.058361331510376], [-122.07477535295935, 37.05835197948852], [-122.07477177795025, 37.058342808687364], [-122.07476523812566, 37.05831755502904], [-122.07475786194244, 37.05829245151028], [-122.07475627104989, 37.05828292877341], [-122.07475383477306, 37.058273521131674], [-122.07475041485226, 37.05824787490939], [-122.07474614440883, 37.05822231327461], [-122.07474572586179, 37.0582127121558], [-122.07474445173942, 37.05820315772637], [-122.07474418482465, 37.05817736537192], [-122.07474306120582, 37.05815159229535], [-122.07474381884163, 37.058142004046545], [-122.07474371946006, 37.058132396042545], [-122.07474660788151, 37.058106709516025], [-122.07474864194172, 37.058080969632634], [-122.07475056879386, 37.05807148605221], [-122.07475164481964, 37.05806191750342], [-122.0747576604975, 37.058036583028475], [-122.07476283300744, 37.05801112542522], [-122.07476591052057, 37.058001838671586], [-122.07476815150541, 37.05799240098848], [-122.07477723695148, 37.057967659961584], [-122.07478549765635, 37.057942732401045], [-122.07478969559492, 37.057933733279356], [-122.074793080431, 37.057924515805894], [-122.074805148617, 37.0579006064179], [-122.07481641755065, 37.05787644903886], [-122.07482169619253, 37.057867822330806], [-122.07482619171952, 37.05785891593927], [-122.07484112509259, 37.05783607091428], [-122.07485529485551, 37.05781291390588], [-122.07486160301583, 37.05780474367263], [-122.07486716625283, 37.05779623293888], [-122.07488482247606, 37.05777466993415], [-122.07490175524926, 37.057752738650755], [-122.07490903202542, 37.057745103469095], [-122.07491560944828, 37.05773707063309], [-122.0749358171566, 37.05771699905677], [-122.07495535113547, 37.057696502890856], [-122.07496352691926, 37.05768947586125], [-122.07497105482422, 37.05768199866664], [-122.07499362036819, 37.05766361080654], [-122.07501556655238, 37.05764474821169], [-122.07502456201145, 37.057638397491175], [-122.0750329684489, 37.05763154739758], [-122.07505488381825, 37.057615360636426], [-122.07506824716447, 37.05760176587289], [-122.07507219274913, 37.05759813370175], [-122.07507574081346, 37.05759424612856], [-122.07510117444798, 37.05757145472809], [-122.07512622453854, 37.05754839495889], [-122.07513059578358, 37.05754508997822], [-122.07513460180795, 37.057541500101216], [-122.07516269909443, 37.0575208173719], [-122.07519044987524, 37.05749983555341], [-122.07519520432791, 37.057496889791864], [-122.0751996299921, 37.057493632015586], [-122.07524190701145, 37.057465447566734], [-122.07498794978244, 37.05712548372713], [-122.07491717643533, 37.05713025153002], [-122.07482889141107, 37.05712923831503], [-122.07474115549944, 37.05712129456307], [-122.07465481356817, 37.057106496814875], [-122.0745706972001, 37.057084987402405], [-122.07448961649139, 37.05705697366356], [-122.07441235232264, 37.057022725267544], [-122.07433964873606, 37.056982572081814], [-122.07427220600177, 37.05693690087255], [-122.07421067357855, 37.056886151463445], [-122.07415564409123, 37.05683081254172], [-122.07410764753652, 37.056771417195726], [-122.07406714606562, 37.056708537284905], [-122.074034529659, 37.05664277844805], [-122.0740101124884, 37.056574774125245], [-122.07399412973618, 37.05650517895245], [-122.07399214864549, 37.05648628615003], [-122.07394997624287, 37.05647547020255], [-122.07386892621793, 37.056447400664794], [-122.0737916994686, 37.05641309906588], [-122.07371903945844, 37.05637289590364], [-122.07365164621945, 37.0563271783066], [-122.07359016874632, 37.05627638654891], [-122.07353519908624, 37.05622100985726], [-122.07348726643902, 37.056161581406634], [-122.07344683271494, 37.056098673688034], [-122.0734142870971, 37.056032892516306], [-122.07338994296231, 37.05596487132702], [-122.07337403491809, 37.05589526520356], [-122.07336671606761, 37.05582474463602], [-122.07336805674475, 37.05575398866045], [-122.07337804425352, 37.05568367863706], [-122.0733965821596, 37.05561449184477], [-122.07342349206307, 37.055547094554434], [-122.07345851480041, 37.0554821357285], [-122.0735013128807, 37.055420241000974], [-122.07355147427293, 37.05536200648767], [-122.07360851585167, 37.055307992954425], [-122.07361846312911, 37.05530025890711], [-122.07331044291344, 37.05488123434408], [-122.07331023742985, 37.0548809204932], [-122.07330999550969, 37.05488062492656], [-122.07290029929516, 37.054322022305044], [-122.07289061152333, 37.05430719244203], [-122.07287997986684, 37.05429278480949], [-122.07270258197862, 37.05402298366266], [-122.07270054459104, 37.05401947804826], [-122.0726981327123, 37.05401612806304], [-122.07268190782283, 37.05398741046909], [-122.0726653019565, 37.053958837183735], [-122.07266370313022, 37.05395518833894], [-122.07266171252174, 37.0539516650615], [-122.072593913755, 37.0538140645845], [-122.07259293412592, 37.05381174987724], [-122.07259169561137, 37.053809517607405], [-122.072590038258, 37.05380551261072], [-122.0725879553375, 37.05380163697333], [-122.07257965544235, 37.05378383690776], [-122.0725678512386, 37.053754154383924], [-122.07255561420736, 37.05372458863177], [-122.07254030614165, 37.05368046601183], [-122.0724879134612, 37.053659901294516], [-122.07246110645566, 37.05364803827613], [-122.07243386819478, 37.053636828100366], [-122.07242248177666, 37.05363094557479], [-122.07241062214884, 37.05362569727019], [-122.07238539727754, 37.053611786721966], [-122.07235965874672, 37.05359848943184], [-122.07227675850709, 37.053550888989506], [-122.07226249304934, 37.053541816946606], [-122.07224759846675, 37.053533419368534], [-122.07222793247873, 37.05351983836682], [-122.07220759518559, 37.05350690490692], [-122.07219450698588, 37.05349675515266], [-122.07218071201122, 37.05348722850686], [-122.07212617832718, 37.05344566152172], [-122.07206946473963, 37.05342191629847], [-122.07205344113656, 37.05341860134447], [-122.07201561025623, 37.05341114710401], [-122.07201071041304, 37.05340976126757], [-122.07200567984493, 37.053408720546734], [-122.07196909526455, 37.05339799115137], [-122.0719323522854, 37.05338759907221], [-122.07192764531831, 37.053385834890435], [-122.07192276649494, 37.05338440405459], [-122.07188766834929, 37.053370851443766], [-122.07185237507237, 37.0533576235133], [-122.07184790699439, 37.053355498292994], [-122.07184322619983, 37.05335369086509], [-122.07180995009159, 37.053337444134456], [-122.07180626529073, 37.053335691461285], [-122.0712363867268, 37.05314691299686], [-122.07122720366112, 37.05314663035169], [-122.07119521123349, 37.053143106695124], [-122.0711631143937, 37.053140260607655], [-122.07115149925987, 37.05313829231132], [-122.07113973635911, 37.05313699674505], [-122.0711083285922, 37.05313097661271], [-122.07107673456667, 37.05312562268209], [-122.0710654149826, 37.05312275105298], [-122.07105386829367, 37.0531205378313], [-122.07102334769154, 37.05311207920994], [-122.07099256097399, 37.05310426903863], [-122.0709816482744, 37.05310052235191], [-122.07097042652336, 37.053097412337955], [-122.07095852867593, 37.053093026321434], [-122.07095557392827, 37.05315359669306], [-122.07094349396243, 37.05322369534975], [-122.07092289947259, 37.053292507361604], [-122.07089398902875, 37.05335937021645], [-122.07085704105444, 37.053423639783624], [-122.07081241115642, 37.053484697234154], [-122.07076052924714, 37.053541954517186], [-122.07070189486322, 37.053594860182756], [-122.07063707294016, 37.05364290466743], [-122.0705666874524, 37.053685625382954], [-122.07049141652821, 37.05372261073468], [-122.07041198485886, 37.053753504659774], [-122.07038410236072, 37.05376175384098], [-122.07037627692543, 37.053770633071956], [-122.0703660270829, 37.053780129873175], [-122.0703565474628, 37.05379012839048], [-122.07033716102612, 37.05380687504463], [-122.07031851466031, 37.05382415148048], [-122.0701746147778, 37.05394495231178], [-122.07016290447748, 37.05395386318389], [-122.07015191007962, 37.05396334024829], [-122.07013090873367, 37.05397821029031], [-122.07011058548538, 37.05399367507076], [-122.07009784245916, 37.05400162271539], [-122.07008574134521, 37.05401019086788], [-122.07006302260561, 37.05402333936833], [-122.07004090599568, 37.05403713312093], [-122.07002725184637, 37.054044041600086], [-122.07001416165976, 37.05405161757018], [-122.06983946086382, 37.05414261828166], [-122.06980187167223, 37.05416015812978], [-122.06976435004398, 37.05417772652923], [-122.06976373964966, 37.054177951239566], [-122.06976315939657, 37.05417822197746], [-122.06972361552668, 37.05419272100701], [-122.0696841166965, 37.054207260488845], [-122.06951551533996, 37.054261460956226], [-122.06947905655373, 37.054271547042106], [-122.06944275043409, 37.0542819965877], [-122.06943733480361, 37.05428308914978], [-122.06943205638979, 37.05428454938816], [-122.06939453886012, 37.054291722825766], [-122.06935713046619, 37.05429926965701], [-122.06915822872023, 37.05433116990582], [-122.06914978502866, 37.054332181725165], [-122.06914146720598, 37.054333725907966], [-122.06910613863836, 37.05433741178063], [-122.06907090845422, 37.05434163330666], [-122.06906238238892, 37.05434197689514], [-122.069053915072, 37.05434286025275], [-122.06901830481655, 37.05434375296833], [-122.0689827291163, 37.05434518642492], [-122.0689742019194, 37.054344858543985], [-122.06896566754094, 37.054345072438686], [-122.06879066594183, 37.05434257232088], [-122.06875767012619, 37.05434080020564], [-122.06872462776649, 37.05433968024057], [-122.06871364292701, 37.05433843561136], [-122.06870257276701, 37.05433784103327], [-122.06866995099381, 37.054333484987346], [-122.06863720639053, 37.054329774814], [-122.06847720497163, 37.05430517461387], [-122.06843461326781, 37.05429687076517], [-122.06839202933759, 37.054288594184584], [-122.06819122778734, 37.05424109369101], [-122.06817778558518, 37.054237330032336], [-122.06816405865162, 37.05423429048503], [-122.06813612880102, 37.054225666504884], [-122.06810787667474, 37.0542177562403], [-122.06809495923042, 37.05421295458409], [-122.06808167054457, 37.054208851390705], [-122.0679585097517, 37.0541651460675], [-122.06714928260054, 37.05389947779314], [-122.06714214192746, 37.053896798380634], [-122.06713475527656, 37.05389458891718], [-122.06623932312553, 37.05358582538502], [-122.06597410372241, 37.05353016099012], [-122.0657566895376, 37.05349951204978], [-122.06554785623513, 37.05349745056517], [-122.06531083815312, 37.053517346168874], [-122.06507844053017, 37.053553680338524], [-122.06488766483012, 37.05360499939943], [-122.0646934596777, 37.053681052794005], [-122.06450197814226, 37.053780422266705], [-122.06432358631044, 37.053889788997324], [-122.06422497786699, 37.053969622965184], [-122.06415728737791, 37.05404188390269], [-122.06422937152199, 37.05402134308557], [-122.06431505891652, 37.05400428716541], [-122.06440241943592, 37.05399404500279], [-122.06449061189053, 37.0539907151539], [-122.06457878679844, 37.05399432967873], [-122.0646660951613, 37.05400485375957], [-122.064751696218, 37.054022186122666], [-122.06483476542023, 37.05404615973201], [-122.06491450284217, 37.05407654374826], [-122.06499014068986, 37.054113045570816], [-122.06506095034963, 37.05415531377745], [-122.06512625011042, 37.05420294115944], [-122.06518541106952, 37.05425546918452], [-122.06523786327084, 37.054312391830706], [-122.06527062121792, 37.05435639596571], [-122.06531196181966, 37.0543939531085], [-122.06533463292638, 37.054416709234104], [-122.06535779526509, 37.05443914706487], [-122.0653621694773, 37.05444434908372], [-122.0653670532415, 37.054449251074374], [-122.06538683151321, 37.054473677680384], [-122.06540713918781, 37.054497828118116], [-122.06541085662758, 37.05450334928502], [-122.06541511686414, 37.05450861079784], [-122.0654318127417, 37.054534473562384], [-122.06544906921062, 37.054560103041396], [-122.06545209309364, 37.05456588889302], [-122.06545568992013, 37.054571460488155], [-122.06546914335689, 37.05459851198082], [-122.06548318150061, 37.05462537202335], [-122.06548548347851, 37.054631367982495], [-122.0654883813507, 37.05463719493591], [-122.06549846150624, 37.05466517209128], [-122.06550914758755, 37.054693006549726], [-122.0655107050933, 37.054699154298724], [-122.06551287657442, 37.05470518104875], [-122.06551948664237, 37.05473381502957], [-122.06552671744042, 37.05476235537658], [-122.06552751567062, 37.05476859629822], [-122.06552893954732, 37.05477476417719], [-122.065532016079, 37.054803780549186], [-122.06553572164466, 37.05483275049633], [-122.06555132445486, 37.055068150365464], [-122.06555146296407, 37.055095998451336], [-122.06555232834079, 37.055123837840476], [-122.06555127042441, 37.05515889474377], [-122.0655519965901, 37.05515960364731], [-122.06557049497121, 37.055176392930896], [-122.06557998959963, 37.055186935696696], [-122.06559028316055, 37.055196986099716], [-122.06560581277226, 37.055215609330205], [-122.06562216917013, 37.055233771243735], [-122.0656303291837, 37.05524500965087], [-122.06563934368903, 37.05525581986177], [-122.06565251983304, 37.05527557167209], [-122.06566657768127, 37.05529493272728], [-122.06568667785974, 37.05532603263844], [-122.06569756706033, 37.05534511967555], [-122.06570939937359, 37.05536384330314], [-122.06571591417621, 37.055377279433436], [-122.06572339278955, 37.05539038828368], [-122.06573189520384, 37.055410238575156], [-122.06574138084437, 37.05542980185144], [-122.06574622104877, 37.05544368504673], [-122.06575206055516, 37.05545731831123], [-122.06575809471711, 37.05547774201312], [-122.06576514187067, 37.05549795519286], [-122.06576826065714, 37.05551215023582], [-122.06577240517304, 37.05552617812444], [-122.06577591274996, 37.05554697899426], [-122.06578045373452, 37.055567647023345], [-122.06578182149201, 37.055582018561424], [-122.06578423051143, 37.05559630455413], [-122.06578517731421, 37.05561728013915], [-122.06578716887557, 37.05563820608207], [-122.06578677243574, 37.05565261690879], [-122.06578742268576, 37.05566702236743], [-122.06578579982992, 37.05568797023337], [-122.06578522260864, 37.05570895292539], [-122.06578306570356, 37.0557232633529], [-122.06578195110939, 37.055737650405405], [-122.06577777432747, 37.055758369212676], [-122.06577463372213, 37.05577920624132], [-122.0657707368125, 37.05579327896665], [-122.06576786829689, 37.05580750852227], [-122.06576221450892, 37.05582465543148], [-122.0657953914488, 37.05584766943939], [-122.0658592361355, 37.05589654890165], [-122.06591679562202, 37.055950208546214], [-122.06596751558773, 37.056008131480574], [-122.06601090777635, 37.056069759957936], [-122.06604655409438, 37.056134500546904], [-122.06607411126863, 37.056201729576316], [-122.06609331391516, 37.056270799739224], [-122.06610397694358, 37.05634104588052], [-122.0661059978424, 37.056411791324614], [-122.06609935704277, 37.05648235499919], [-122.06608411852464, 37.05655205711882], [-122.06606042894147, 37.05662022647955], [-122.06602851642016, 37.05668620666921], [-122.06598868823913, 37.05674936208877], [-122.0659413281608, 37.05680908460206], [-122.06588689197778, 37.056864799089745], [-122.06582590418591, 37.056915968831994], [-122.06575895206691, 37.05696210114101], [-122.06568668023641, 37.05700275173563], [-122.06560978496647, 37.05703752911376], [-122.06552900671672, 37.05706609827993], [-122.06544512334405, 37.05708818411757], [-122.0653589428735, 37.05710357385617], [-122.06527129525811, 37.057112119440596], [-122.06518302449338, 37.057113738460544], [-122.06509498084114, 37.057108415351415], [-122.06502408710232, 37.05709845903191], [-122.06502299927222, 37.05709849751078], [-122.065010451581, 37.05709965227794], [-122.06497891566544, 37.05710006046534], [-122.06494740839125, 37.05710117746152], [-122.0649347973299, 37.057100631498386], [-122.06492216935312, 37.05710079489339], [-122.06489073663121, 37.05709872384594], [-122.06485924304233, 37.05709736027077], [-122.0648467595035, 37.05709582619617], [-122.06483417239163, 37.05709499683036], [-122.06480314202622, 37.057090466123675], [-122.06477196923505, 37.05708663530563], [-122.06475973428022, 37.05708412813619], [-122.06474730828351, 37.057082313808515], [-122.06471698329597, 37.05707536765773], [-122.06468642722052, 37.05706910609405], [-122.06467455629519, 37.05706564936577], [-122.06466241356414, 37.05706286798617], [-122.06448941224782, 37.057015767549785], [-122.06446254712077, 37.057007253500885], [-122.06443533511232, 37.05699947477731], [-122.06442151399673, 37.056994249327495], [-122.06440730476659, 37.05698974617241], [-122.06438161045804, 37.056979162798974], [-122.06435548057429, 37.05696928367431], [-122.06434236608696, 37.05696299815257], [-122.06432877495052, 37.056957399973875], [-122.06430449609032, 37.056944847730996], [-122.0642797030185, 37.05693296477356], [-122.06426742139469, 37.0569256798498], [-122.06425457928334, 37.05691904041356], [-122.06423195336859, 37.05690464178493], [-122.06420873202417, 37.05689086790314], [-122.06419739882966, 37.05688265209564], [-122.06418543236919, 37.05687503685246], [-122.06417561813372, 37.056867421009926], [-122.0641520496911, 37.05687124126023], [-122.064138548573, 37.056952029631866], [-122.0641308244228, 37.05698562367287], [-122.06412325214286, 37.05701920502978], [-122.06412282853239, 37.0570203994694], [-122.06412254741463, 37.057021621894954], [-122.06411075568023, 37.05705443676139], [-122.06409910921805, 37.05708727224284], [-122.06409854110343, 37.057088428404526], [-122.06409811221545, 37.05708962208127], [-122.06408985825256, 37.057106252889284], [-122.06409344589325, 37.057253859112436], [-122.06409311803732, 37.05726273226095], [-122.06409360474215, 37.05727160110955], [-122.06409277777794, 37.05740085206376], [-122.06411448220771, 37.05755523994507], [-122.0641328004951, 37.05765970125964], [-122.06420272983767, 37.05805082078094], [-122.06420493872527, 37.05806975302314], [-122.06420821823626, 37.05808858383055], [-122.06425528787805, 37.058508502632854], [-122.0642676226969, 37.058567880472445], [-122.06428104118235, 37.058604373891654], [-122.06428364649265, 37.058613000117006], [-122.06428703588482, 37.05862144918243], [-122.06433253729534, 37.058757448825716], [-122.06435119295473, 37.05882661533751], [-122.06436129954534, 37.05889691417796], [-122.06436275996852, 37.05896766853257], [-122.06435555996318, 37.05903819683005], [-122.06433976891795, 37.05910781995984], [-122.06431553878498, 37.05917586739318], [-122.06428310310048, 37.05924168375579], [-122.06424277398429, 37.059304635114195], [-122.06419494003768, 37.059364115359486], [-122.06414006166663, 37.05941955157916], [-122.06407866763668, 37.059470409889485], [-122.06401134904931, 37.05951620052636], [-122.06393875422482, 37.05955648240263], [-122.06386158234774, 37.05959086765545], [-122.06378057667553, 37.05961902510865], [-122.0636965172992, 37.05964068355113], [-122.06361021368693, 37.05965563438256], [-122.06352249723395, 37.05966373371818], [-122.06343421247607, 37.05966490340136], [-122.06334620987435, 37.05965913229875], [-122.06325933682025, 37.059646475958935], [-122.06317442999035, 37.05962705628152], [-122.06309230715102, 37.059601060190296], [-122.06301375930175, 37.059568738218815], [-122.06293954272591, 37.05953040147276], [-122.06287037227023, 37.059486419322866], [-122.062806914084, 37.05943721529092], [-122.06274977925516, 37.05938326321313], [-122.06269951813002, 37.05932508268777], [-122.062656614639, 37.059263234072255], [-122.06262148197743, 37.059198313040106], [-122.06259445851725, 37.0591309446892], [-122.06257305503145, 37.05906696728538], [-122.06252137345936, 37.05911073657997], [-122.06245468986944, 37.059157119785056], [-122.06238265458042, 37.05919804133925], [-122.06230596134769, 37.059233107036114], [-122.06222534867419, 37.05926197927159], [-122.06214159302637, 37.0592843798752], [-122.06205550103483, 37.059300093203724], [-122.06196790182379, 37.059308967883496], [-122.06187963911762, 37.05931091837084], [-122.06179156279076, 37.05930592605706], [-122.06170452111097, 37.05929403884663], [-122.06161935252531, 37.05927537136256], [-122.0615368771318, 37.05925010325625], [-122.06145788927039, 37.05921847797682], [-122.06138314968196, 37.059180800094715], [-122.06131337800716, 37.059137432447656], [-122.06124924641772, 37.059088792664504], [-122.06119137246641, 37.05903534923215], [-122.06114031340813, 37.05897761685313], [-122.06109656108674, 37.05891615153693], [-122.0610605367164, 37.05885154515008], [-122.06103258735013, 37.058784419979204], [-122.06101298202104, 37.05871542248059], [-122.06100190956955, 37.058645217133204], [-122.06097891239395, 37.05840521700256], [-122.06097796243351, 37.05837759489399], [-122.06097627099255, 37.05834999657166], [-122.06097627400771, 37.05809599658459], [-122.06097654836657, 37.058091521499335], [-122.06097634341539, 37.058087042980326], [-122.06097871463267, 37.05805618913877], [-122.06098060727261, 37.058025317897346], [-122.06098142771621, 37.058020885354296], [-122.06098177143674, 37.058016412891256], [-122.06098790414099, 37.057985895932745], [-122.06099356361429, 37.05795531997174], [-122.06099492218335, 37.057950973355254], [-122.06099581124167, 37.05794654919739], [-122.06100564683642, 37.05791666025995], [-122.06101501818247, 37.057886676875526], [-122.06101690176475, 37.05788245790655], [-122.06101832764601, 37.05787812489288], [-122.06102254095237, 37.05786747159836], [-122.06095037896813, 37.057902549763824], [-122.0608707606294, 37.05793314036109], [-122.06078778436522, 37.05795732898054], [-122.06070224935756, 37.057974882892196], [-122.06061497931505, 37.057985632840705], [-122.06057222115803, 37.057987496433235], [-122.0604630273335, 37.058160689732006], [-122.05992920519208, 37.059009193297186], [-122.05994794138078, 37.05901978108076], [-122.05996186535938, 37.059029417787194], [-122.05997645560468, 37.05903840012713], [-122.05999525934548, 37.05905252968043], [-122.06001476816611, 37.05906603167439], [-122.0600274472064, 37.05907671639138], [-122.06004086787581, 37.059086800972274], [-122.06005785233958, 37.059102338960045], [-122.06007561672796, 37.05911730911361], [-122.060144316831, 37.05918120875573], [-122.06017103012596, 37.05920867290048], [-122.06019778994288, 37.059236096394066], [-122.06019816726047, 37.05923657288916], [-122.06019860130061, 37.05923701909589], [-122.06022184881864, 37.05926647707068], [-122.06024510412486, 37.059295843069606], [-122.06024542149244, 37.05929634712315], [-122.06024579868037, 37.059296825059285], [-122.06026533172951, 37.05932796761067], [-122.0602848833555, 37.05935901872367], [-122.06028513746466, 37.059359544991246], [-122.06028545447758, 37.0593600504841], [-122.06030108366105, 37.0593925754984], [-122.06031674461805, 37.059425014948935], [-122.0603169332739, 37.05942555899635], [-122.06031718680342, 37.05942608670151], [-122.06032875386587, 37.05945965652558], [-122.06034038114389, 37.05949319635808], [-122.06034050238313, 37.05949375321214], [-122.0603406900227, 37.059494297612034], [-122.0603480894366, 37.05952858537588], [-122.06035556504469, 37.05956290610297], [-122.06035561770003, 37.0595634700756], [-122.06035573771017, 37.05956402628892], [-122.06035890835663, 37.05959873386761], [-122.06036215015052, 37.05963347292767], [-122.06036495124208, 37.05972127294587], [-122.06036429572228, 37.05974359976744], [-122.06036464982742, 37.05976593071064], [-122.06036325787947, 37.05977895140989], [-122.06036287426268, 37.059792017324426], [-122.06035949118203, 37.05981418570674], [-122.06035711248836, 37.05983643632053], [-122.06035413463249, 37.059849285720055], [-122.0603521549291, 37.05986225786483], [-122.06034607730636, 37.05988405227354], [-122.06034098844378, 37.0599060103666], [-122.0603364533156, 37.05991856411914], [-122.06033289671431, 37.05993131807209], [-122.0603241824355, 37.059952531281894], [-122.06031643282618, 37.05997398280133], [-122.06031386077645, 37.059979143765105], [-122.06031362648473, 37.05998089531302], [-122.06031159726021, 37.06000355369282], [-122.0603089220551, 37.06001605673656], [-122.06030723447307, 37.06002867009337], [-122.06030146444216, 37.06005091114585], [-122.06029667415059, 37.060073299676574], [-122.06029248286706, 37.06008553191723], [-122.06028926058751, 37.0600979523848], [-122.06028079830467, 37.06011963279971], [-122.06027329276833, 37.06014153749016], [-122.06026762519441, 37.06015338233051], [-122.0602628997342, 37.06016548909966], [-122.060251827415, 37.0601863988694], [-122.06024167827242, 37.06020761007885], [-122.06023458912985, 37.060218953022776], [-122.06022840589618, 37.06023062990109], [-122.06008020791904, 37.060476230956546], [-122.06003791282141, 37.060538348420174], [-122.05998822425956, 37.06059684431207], [-122.05993162055807, 37.06065115525279], [-122.05986864680776, 37.06070075832381], [-122.05979990974807, 37.06074517562446], [-122.05972607106601, 37.06078397953768], [-122.05964784195332, 37.06081679629281], [-122.05956597585916, 37.06084330987474], [-122.05948126125615, 37.0608632648515], [-122.0593945139565, 37.06087646919803], [-122.05930656944763, 37.06088279549766], [-122.059272370879, 37.060882558264176], [-122.0592651020979, 37.06088984125901], [-122.05924697398373, 37.06090920721065], [-122.05923753945602, 37.060917457987124], [-122.05922881727398, 37.06092619729258], [-122.05920772803877, 37.06094352908976], [-122.05918731816978, 37.06096137808647], [-122.05908651817954, 37.06104127864647], [-122.05906415294619, 37.06105734545665], [-122.0590424314358, 37.06107396496956], [-122.0590312969257, 37.06108094857636], [-122.05902076858173, 37.0610885119939], [-122.05899654798455, 37.0611027434247], [-122.05897289648097, 37.06111757780477], [-122.05885029602882, 37.061186978317345], [-122.05884166830823, 37.061191370079236], [-122.05883347812717, 37.06119627090744], [-122.05880441668728, 37.06121033255455], [-122.0587757616533, 37.0612249188792], [-122.05876663821628, 37.06122861181274], [-122.05875788826492, 37.06123284557465], [-122.05864298755718, 37.06128244597007], [-122.05863198607139, 37.061286650676756], [-122.05862138560387, 37.06129147088605], [-122.05816179714644, 37.06147718038036], [-122.05805971538354, 37.06152944683168], [-122.05795254671746, 37.06159300294047], [-122.05759753186307, 37.06183340501438], [-122.05753493358021, 37.06188018571871], [-122.05734460529321, 37.062035343905166], [-122.05732612404644, 37.062053753608375], [-122.0573450376963, 37.06212103143394], [-122.05747688325681, 37.06253437265898], [-122.05748696139872, 37.062561762628796], [-122.05754477065354, 37.06256148534098], [-122.05757344870068, 37.06256361010388], [-122.05762612642926, 37.06253147782128], [-122.05770129245005, 37.06249434463404], [-122.05778063818752, 37.062463294705346], [-122.05786339938604, 37.06243862690022], [-122.05794877914602, 37.06242057880146], [-122.05803595503971, 37.062409324242545], [-122.05812408779227, 37.06240497157396], [-122.05821232837832, 37.06240756272823], [-122.05829982724872, 37.06241707284248], [-122.05838574164186, 37.0624334101361], [-122.05846924422362, 37.062456417511804], [-122.05854953083983, 37.062485873157556], [-122.05862582823765, 37.062521493672506], [-122.05869740180505, 37.062562935750535], [-122.0587635620409, 37.06260980046775], [-122.05882367193848, 37.062661636495605], [-122.05887715255416, 37.062717944561456], [-122.05892348879561, 37.06277818236161], [-122.05896223452999, 37.06284176991965], [-122.05897569741146, 37.06287077803935], [-122.05910728177406, 37.062880141441944], [-122.05911167589936, 37.0628806292509], [-122.05911610785262, 37.06288080457402], [-122.0591553990223, 37.06288548306637], [-122.0591947470083, 37.06288985110357], [-122.05919906164992, 37.06289068198262], [-122.05920344949962, 37.06289120444231], [-122.05924197601871, 37.06289894601749], [-122.05928060358207, 37.06290638451967], [-122.05928479520286, 37.06290755010125], [-122.05928909863002, 37.062908414870876], [-122.05931381190194, 37.062914427867724], [-122.0595811537853, 37.062906864365935], [-122.05966944576396, 37.06290784071028], [-122.05975719329149, 37.06291574777328], [-122.05984355127094, 37.06293050926988], [-122.05992768801408, 37.06295198304118], [-122.06000879320901, 37.06297996246956], [-122.06008608577399, 37.06301417798286], [-122.06015882146906, 37.06305429999882], [-122.06022629982712, 37.06309994231491], [-122.06028787086382, 37.06315066522568], [-122.06034294165514, 37.06320598026182], [-122.0603909819042, 37.063265354830854], [-122.06043152894242, 37.06332821712393], [-122.06046419216212, 37.063393961558944], [-122.06048865709953, 37.06346195521238], [-122.06050468806934, 37.06353154315816], [-122.06051213055659, 37.06360205524689], [-122.0605109130518, 37.06367281242995], [-122.06050104719725, 37.063743133250775], [-122.06048262793173, 37.063812340426125], [-122.06045583262106, 37.0638797675999], [-122.06042091941129, 37.06394476527946], [-122.06037822433437, 37.06400670757352], [-122.06032815876478, 37.06406499785108], [-122.06027120462181, 37.064119074743324], [-122.06020791059186, 37.06416841752236], [-122.06013888610646, 37.06421255101179], [-122.06006479600074, 37.064251050051794], [-122.05998635382288, 37.064283543863404], [-122.05990431492745, 37.06430971968998], [-122.05981946958403, 37.06432932517667], [-122.05973263472379, 37.06434217173071], [-122.05964464672721, 37.064348135546126], [-122.05932397779416, 37.06435720750338], [-122.05930052217084, 37.064371176522414], [-122.05927131057176, 37.064389171508], [-122.05926509662666, 37.06439227405858], [-122.05925922084658, 37.06439577338278], [-122.05918542055457, 37.06443537369423], [-122.05916222581837, 37.064446539238645], [-122.05913957719686, 37.064458403728864], [-122.0591243989845, 37.06446474834984], [-122.05910972502328, 37.06447181213923], [-122.05908527745837, 37.06448110156284], [-122.05906128563763, 37.06449113031906], [-122.05904540398872, 37.06449625227984], [-122.05902993706283, 37.06450212929577], [-122.05900447071947, 37.064509453681985], [-122.05897936816505, 37.064517549482105], [-122.05896293678092, 37.06452139925191], [-122.05894682527757, 37.064526033070734], [-122.05892058601765, 37.06453132171537], [-122.05889461372858, 37.06453740687583], [-122.05887779065633, 37.064539947398046], [-122.05886118990435, 37.06454329336973], [-122.05883442896702, 37.06454649562296], [-122.05880783862345, 37.06455051111438], [-122.05879078636713, 37.06455171789767], [-122.05877385581604, 37.06455374384463], [-122.05874683196105, 37.064554828587234], [-122.0587198785867, 37.064556736139686], [-122.05870276095249, 37.06455659768361], [-122.05868566394626, 37.06455728398909], [-122.05865863725215, 37.06455624084528], [-122.05863158080086, 37.06455602196934], [-122.05861456256156, 37.06455453958153], [-122.05859746385852, 37.0645538796206], [-122.05857069482806, 37.06455071850021], [-122.05854379544742, 37.064548375440914], [-122.05852704076435, 37.06454556349494], [-122.05851010485108, 37.06454356353102], [-122.0584838504723, 37.064538314778474], [-122.05847536531967, 37.0645368906389], [-122.05841492321721, 37.06454537373327], [-122.05838365829796, 37.064548503984525], [-122.0583525120037, 37.06455233808061], [-122.05833986630341, 37.06455288831819], [-122.05832730195142, 37.06455414625805], [-122.0583245005688, 37.064554204873275], [-122.05835215234023, 37.064627256308476], [-122.05863644125535, 37.06515794905886], [-122.0586381271659, 37.065161577771974], [-122.05864020209177, 37.0651650747231], [-122.0586833028488, 37.065247974425425], [-122.05868467463759, 37.06525102681407], [-122.05868638017087, 37.065253969086235], [-122.05883938302604, 37.065555867994355], [-122.05884741986351, 37.06557426803156], [-122.05885646042846, 37.06559236405807], [-122.05903697678221, 37.06601233185638], [-122.05915230175673, 37.0662742843713], [-122.0592997256828, 37.066559247714366], [-122.05930612706773, 37.06657357051884], [-122.0593135196366, 37.06658758569415], [-122.05937412086404, 37.0667202852596], [-122.05937988408301, 37.066735123917624], [-122.05938665812829, 37.06674968583944], [-122.05942405913234, 37.066843985577634], [-122.059431524123, 37.06686659589109], [-122.05943992379983, 37.06688899259284], [-122.05944281058075, 37.06690078099829], [-122.0594466452767, 37.06691239555889], [-122.05945130881334, 37.06693548330159], [-122.05945692861182, 37.066958431969255], [-122.0594753297749, 37.06705963185957], [-122.05947678245086, 37.06707177062365], [-122.05947920642511, 37.067083809642824], [-122.05948099495502, 37.06710697301917], [-122.05948375929025, 37.067130072561945], [-122.05948372019773, 37.06714226602012], [-122.05948466009396, 37.06715443839636], [-122.05948576082511, 37.06722383845879], [-122.05948428188756, 37.067256404110275], [-122.05948311784839, 37.067288983526026], [-122.05947621869187, 37.06735998359368], [-122.0594722340722, 37.06738503072556], [-122.059469130716, 37.06741015506427], [-122.05944803201956, 37.06752375524018], [-122.05944224524231, 37.067547008987944], [-122.05943740186568, 37.06757040010803], [-122.0591788123901, 37.068526102150926], [-122.05917245660427, 37.068545048539185], [-122.05916714172334, 37.068564198787335], [-122.05912524301327, 37.06868649914533], [-122.05911221099417, 37.0687183297178], [-122.05909938742643, 37.06875021296141], [-122.05904258853315, 37.068870813398505], [-122.05902667592248, 37.06890015451944], [-122.0590111054119, 37.06892961995082], [-122.05900964219617, 37.06893204942067], [-122.0590130543188, 37.0689343399038], [-122.05903564179036, 37.06895108059396], [-122.05905884131789, 37.0689672747497], [-122.05906803989735, 37.06897509236283], [-122.05907788418634, 37.06898238850045], [-122.05909831608353, 37.069000823474425], [-122.05911942219716, 37.06901876108305], [-122.05912762030127, 37.06902726366046], [-122.0591365247654, 37.069035297794834], [-122.05915460173452, 37.069055246997486], [-122.05917341394785, 37.069074757729986], [-122.05918053327318, 37.06908386424713], [-122.05918841136277, 37.06909255817282], [-122.05920396150584, 37.06911383158099], [-122.05922029622103, 37.06913472550161], [-122.05922626689343, 37.069144346347386], [-122.05923304425218, 37.0691536181697], [-122.05924591789521, 37.06917601133367], [-122.05925961786542, 37.0691980869072], [-122.05926438308187, 37.06920813059096], [-122.05926999355796, 37.069217889826774], [-122.05928006581689, 37.06924118560314], [-122.05929099989834, 37.06926423158569], [-122.05929451371517, 37.069274601654904], [-122.05929890335034, 37.06928475413182], [-122.05930607776405, 37.0693087291121], [-122.05931414015214, 37.06933252265198], [-122.05933295124935, 37.06940120429852], [-122.05938668137398, 37.06945286160166], [-122.05943629964474, 37.06951139892088], [-122.05947851886995, 37.06957355146864], [-122.05951293246896, 37.069638720925184], [-122.05953920891338, 37.0697062794581], [-122.05955709524272, 37.069775576600556], [-122.05956641913329, 37.069845944856056], [-122.05956709083942, 37.06991670656434], [-122.05955910367672, 37.069987180395174], [-122.05954253473496, 37.07005668748352], [-122.05951754344267, 37.07012455844917], [-122.05948437059041, 37.070190139698944], [-122.05944333544198, 37.07025279971382], [-122.05939483341322, 37.07031193489001], [-122.05933933138321, 37.07036697581182], [-122.05927736391945, 37.07041739236026], [-122.0592095278134, 37.07046269898836], [-122.05913647639876, 37.07050245936371], [-122.05905891320005, 37.070536290555346], [-122.05897758524925, 37.07056386676682], [-122.05889327573607, 37.07058492234312], [-122.05880679654801, 37.07059925459627], [-122.05871898071214, 37.070606725458326], [-122.05863067382559, 37.07060726303594], [-122.05854272651281, 37.07060086200144], [-122.05845598564319, 37.070587584154], [-122.05837128669494, 37.07056755727733], [-122.05828944521429, 37.0705409743505], [-122.05821124964402, 37.070508091237365], [-122.05814769697206, 37.07047462000026], [-122.05814138504509, 37.07050051825918], [-122.05813767580726, 37.07051256177651], [-122.05813493228135, 37.07052476980589], [-122.05809643365117, 37.07065817015629], [-122.05809007338587, 37.07067614103819], [-122.0580847588133, 37.07069433097111], [-122.05801557367543, 37.07088780620518], [-122.05797578179364, 37.071010247667886], [-122.05799158137302, 37.071012040652136], [-122.0580025414705, 37.071013727593005], [-122.05801362736553, 37.07101476616447], [-122.05804588526617, 37.071020398930024], [-122.05807830590702, 37.07102538902016], [-122.05808900741954, 37.07102792878584], [-122.05809991230178, 37.071029832966985], [-122.05813132490275, 37.071037971915345], [-122.05816298002294, 37.07104548459658], [-122.05817331920291, 37.07104885265704], [-122.05818393879807, 37.0710516041332], [-122.0582142049227, 37.07106217124734], [-122.05824478844187, 37.071072133872185], [-122.05825466580231, 37.07107629770899], [-122.05826489773573, 37.07107987006826], [-122.05828802910659, 37.0710902156472], [-122.05848659050818, 37.071062337122115], [-122.05850979169183, 37.07106001297357], [-122.05853283484055, 37.0710568322289], [-122.05855358081948, 37.071055626328075], [-122.05857421831925, 37.071053558997356], [-122.05859759076728, 37.07105306828359], [-122.05862091327427, 37.07105171263746], [-122.0589630923296, 37.0710453158015], [-122.05972475973856, 37.071023573648844], [-122.05974002353891, 37.071023738463445], [-122.05975527173158, 37.07102311740313], [-122.05997366274478, 37.07102281998776], [-122.05997428229995, 37.07097225264592], [-122.0599838004833, 37.07090190108197], [-122.06000187832949, 37.07083263584578], [-122.06002834165976, 37.07076512403028], [-122.06006293551353, 37.07070001586132], [-122.0601053268175, 37.07063793813912], [-122.06015510715159, 37.070579488942045], [-122.06021179733085, 37.07052523099312], [-122.06027485128938, 37.07047568691371], [-122.06034366177094, 37.07043133386074], [-122.0604175661244, 37.07039259879562], [-122.06049585253416, 37.0703598549285], [-122.06057776715814, 37.07033341753857], [-122.06066252102278, 37.07031354123486], [-122.0607492981539, 37.07030041731661], [-122.06083726267974, 37.07029417238761], [-122.06092556740366, 37.07029486635102], [-122.0610133621232, 37.07030249274576], [-122.06109980128738, 37.0703169779958], [-122.06118405241806, 37.070338182558466], [-122.06126530419073, 37.070365902340335], [-122.06134277406213, 37.070399870379774], [-122.0614157161106, 37.07043975952283], [-122.06148342763298, 37.070485185629856], [-122.06154525674813, 37.070535711240915], [-122.06160060797085, 37.07059084967571], [-122.06164894811103, 37.070650070127606], [-122.06168981173091, 37.07071280212326], [-122.06172280534541, 37.07077844159478], [-122.06174761095436, 37.0708463564059], [-122.06175345180382, 37.07087115340031], [-122.06175509414759, 37.07087225005394], [-122.0617756730694, 37.07088898866728], [-122.06179692826038, 37.070905172767695], [-122.06180664254025, 37.07091417886666], [-122.06181706994782, 37.07092266040296], [-122.06183550222579, 37.07094093477535], [-122.06185467555616, 37.07095871031325], [-122.06186324223525, 37.07096843692252], [-122.06187258107465, 37.070977695773294], [-122.06188868867726, 37.07099732899733], [-122.06190559595943, 37.07101652568687], [-122.06191293160673, 37.07102687840258], [-122.06192109297487, 37.071036826069935], [-122.06193472151801, 37.07105762997733], [-122.0619491993384, 37.0710780621027], [-122.06195523308166, 37.07108894058087], [-122.0619621386195, 37.07109948179958], [-122.0619731569257, 37.071121256236495], [-122.06198506563075, 37.07114272682181], [-122.06198973991174, 37.071154027398286], [-122.06199474166122, 37.071163911762675], [-122.06200922408397, 37.0711846398462], [-122.06201260890789, 37.07119084272921], [-122.06201659687764, 37.071196810519844], [-122.06203029208771, 37.071223248235064], [-122.06204460431441, 37.0712494762051], [-122.0620472139924, 37.07125591480237], [-122.06205045298397, 37.07126216746003], [-122.06206084864877, 37.07128955430156], [-122.06207188346231, 37.07131677925743], [-122.06207369299285, 37.07132339180626], [-122.06207615157794, 37.07132986877942], [-122.06208314701618, 37.07135793939274], [-122.06209079872605, 37.07138590080773], [-122.06209179077491, 37.07139262407358], [-122.062093445091, 37.07139926243663], [-122.0620969729865, 37.07142774587133], [-122.06210116783505, 37.07145617517774], [-122.06210133273744, 37.07146294427385], [-122.0621021670304, 37.071469680353864], [-122.06210219394272, 37.07149830430423], [-122.06210289099772, 37.07152692553133], [-122.06210222709156, 37.07153367428194], [-122.06210223348513, 37.071540444107605], [-122.06209875862167, 37.071568934181656], [-122.06209595149647, 37.0715974704593], [-122.06209446530627, 37.07160413473636], [-122.06209364348479, 37.07161087241283], [-122.06208670073696, 37.07163895124711], [-122.06208041628044, 37.07166713074468], [-122.06207812198393, 37.07167364611985], [-122.06207648005558, 37.0716802868103], [-122.06206613560093, 37.07170768612965], [-122.06205643476746, 37.07173523539256], [-122.0620533546201, 37.07174153921388], [-122.0620509082195, 37.0717480189521], [-122.06203726182383, 37.07177447435192], [-122.0620242380849, 37.071801128565085], [-122.06202040197337, 37.071807159683075], [-122.06201717447207, 37.07181341654696], [-122.06200035750987, 37.07183867297615], [-122.061984136183, 37.07186417568836], [-122.06197958047049, 37.07186987688068], [-122.06197560344373, 37.07187584964383], [-122.06195577762807, 37.071899664099135], [-122.06193651517435, 37.07192376947119], [-122.06193128453249, 37.07192908484304], [-122.06192659557108, 37.071934717103986], [-122.0619039529504, 37.0719568589005], [-122.06188183388355, 37.07197933609766], [-122.06187597718436, 37.071984215826795], [-122.06187062275775, 37.07198945188521], [-122.06184538353239, 37.07200970642517], [-122.0618387376975, 37.07201524370037], [-122.06183559414774, 37.07201866524251], [-122.06182654697675, 37.07202988901534], [-122.0618094319873, 37.07204714044113], [-122.06179312439804, 37.07206488969377], [-122.06178196916757, 37.07207482193935], [-122.06177159183768, 37.072085281976875], [-122.06175244669534, 37.07210110790752], [-122.06173404862646, 37.0721174889672], [-122.06170814868844, 37.072138389150176], [-122.06167660185835, 37.072161462544116], [-122.06164517357638, 37.072184599784975], [-122.06164400419857, 37.072185304621264], [-122.0616429231948, 37.072186095248746], [-122.06160871194717, 37.072206576214484], [-122.06157459868838, 37.072227137178395], [-122.06154109856296, 37.072245337353245], [-122.06152413177456, 37.07225361161851], [-122.06150774699799, 37.072262608540775], [-122.06148643509142, 37.07227199544812], [-122.06146566015408, 37.072282126829236], [-122.06144776206303, 37.07228902899638], [-122.0614303564912, 37.072296695297915], [-122.06140799910284, 37.072304363063054], [-122.0613860847254, 37.07231281403966], [-122.06136742883561, 37.072318277153975], [-122.06134916896269, 37.07232453960484], [-122.06132598175574, 37.07233041430522], [-122.0613031386297, 37.07233710361398], [-122.06128390389237, 37.07234107518664], [-122.06126496629378, 37.072345873256715], [-122.06124586103475, 37.07234910534905], [-122.06122851599434, 37.07235738856627], [-122.06122577183126, 37.07235842184259], [-122.06122315618303, 37.072359651919854], [-122.06118580871251, 37.07237346931771], [-122.06114858917768, 37.0723874837706], [-122.0611457318646, 37.07238829647855], [-122.06114297831616, 37.07238931525628], [-122.06110411730896, 37.072400133682756], [-122.06106536570178, 37.07241115640813], [-122.06106242312111, 37.07241174074576], [-122.06105955777956, 37.07241253842486], [-122.06101956669487, 37.0724202513026], [-122.06097964731526, 37.07242817863638], [-122.06097664619475, 37.072428529226464], [-122.06097369829568, 37.07242909774531], [-122.06093296141913, 37.07243363194646], [-122.0608922593948, 37.07243838635078], [-122.06088923026655, 37.072438499468774], [-122.06088622664578, 37.072438833811574], [-122.06056992370293, 37.07246143400258], [-122.06053072106083, 37.072462686327086], [-122.06049153509828, 37.072464282564134], [-122.0601968953178, 37.072464684975536], [-122.06019500530857, 37.07252117443351], [-122.06018399704456, 37.07259138627981], [-122.06016445314138, 37.07266039544567], [-122.06013656188095, 37.07272753728535], [-122.06010059175668, 37.07279216527432], [-122.06005688937752, 37.07285365685206], [-122.06000587545061, 37.07291141997069], [-122.05994804123043, 37.07296489829542], [-122.05988394372697, 37.07301357666551], [-122.05981420035367, 37.07305698637053], [-122.05973948257592, 37.07309470933711], [-122.05971621995216, 37.07310403908321], [-122.05999138761044, 37.073215670782865], [-122.06000762546935, 37.07322308178492], [-122.06002436236363, 37.07322974461302], [-122.06004597346659, 37.07324058384705], [-122.06006812522087, 37.07325069389398], [-122.06008337888323, 37.07325934480152], [-122.06009921959178, 37.073267289787], [-122.06041601846226, 37.07344408836053], [-122.06042321924394, 37.07344854287757], [-122.06043083128012, 37.07345253435875], [-122.06090862964822, 37.073730832259955], [-122.06091580551788, 37.07373545961844], [-122.06092340768572, 37.07373962631198], [-122.06095019258572, 37.07375763397435], [-122.06097743024519, 37.073775198121794], [-122.06098400503343, 37.07378036633358], [-122.06099106135439, 37.07378511037351], [-122.06101551449203, 37.073805135007525], [-122.06104047268387, 37.07382475385926], [-122.06104638388662, 37.07383041384512], [-122.06105282563475, 37.07383568898737], [-122.06110782573629, 37.07388538870168], [-122.06112620454437, 37.07390373630955], [-122.0611453265314, 37.073921588710235], [-122.06115382933822, 37.07393131405058], [-122.06116310565321, 37.07394057462282], [-122.06117915173891, 37.07396027748803], [-122.06119599774243, 37.07397954562865], [-122.06122279802989, 37.07401364547496], [-122.06122322963843, 37.07401425958867], [-122.06122373323446, 37.074014837945825], [-122.06124490264307, 37.07404509418323], [-122.06126613576401, 37.074075302876565], [-122.06126649026926, 37.07407594801891], [-122.06126692062894, 37.074076563114104], [-122.06128428803234, 37.07410833821437], [-122.06130172250354, 37.074140067150424], [-122.06130199638363, 37.07414073698383], [-122.06130234941719, 37.07414138292567], [-122.06131574331721, 37.0741743613976], [-122.06132921572609, 37.07420731443886], [-122.06132940635673, 37.07420800281311], [-122.06132967865585, 37.074208673174766], [-122.06133897340933, 37.07424254286407], [-122.06134835047978, 37.07427639733937], [-122.06134845603523, 37.07427709720915], [-122.06134864497562, 37.0742777858404], [-122.061356045348, 37.07431288581708], [-122.06135641696706, 37.074315391670815], [-122.06135707185813, 37.07431786028518], [-122.06136162657852, 37.07435052190256], [-122.06136646603947, 37.074383155215685], [-122.06136652932135, 37.074385678369744], [-122.0613668790902, 37.07438818639411], [-122.06136741654386, 37.074421044992434], [-122.06136824084739, 37.07445390468895], [-122.06136799518902, 37.07445642098112], [-122.06136803642288, 37.074458944050804], [-122.06136455178806, 37.07449168716748], [-122.06136135249706, 37.07452445291372], [-122.0613608002301, 37.0745269373937], [-122.06136053265561, 37.074529451980005], [-122.0613495333704, 37.07459475208774], [-122.06134854780666, 37.0745990131295], [-122.06134802361724, 37.07460332649822], [-122.06134050368385, 37.07463379319489], [-122.06133344072488, 37.074664331022326], [-122.06133193854417, 37.07466849450014], [-122.0613308893162, 37.07467274557314], [-122.06131967904595, 37.074702474021], [-122.06130891414843, 37.07473231109562], [-122.06130691002477, 37.074736336382145], [-122.0613053457045, 37.074740484765094], [-122.06103905146128, 37.07533888674862], [-122.06100534387515, 37.07540429349372], [-122.06096379752977, 37.075466737915576], [-122.06091481244138, 37.0755256186957], [-122.06085886043144, 37.075580368795826], [-122.06079648033577, 37.07563046082866], [-122.06072827276391, 37.07567541242528], [-122.06065489475645, 37.07571479070027], [-122.06057705287108, 37.07574821643394], [-122.0604954968394, 37.075775367538064], [-122.06041101220802, 37.075795982783696], [-122.06032441244366, 37.075809863361606], [-122.06023653169633, 37.075816875799745], [-122.06014821624153, 37.075816952526594], [-122.06006031681892, 37.07581009271191], [-122.05997367974132, 37.07579636246681], [-122.0599479613076, 37.07579013565815], [-122.05995074471893, 37.07580373097079], [-122.0599517314317, 37.07581598707749], [-122.05995369645255, 37.07582816782949], [-122.05995457258913, 37.075851275981314], [-122.05995643015122, 37.07587434792378], [-122.05995591287359, 37.07588662329777], [-122.0599563782578, 37.075898898978856], [-122.05995442347542, 37.07592196414016], [-122.05995344960179, 37.07594507132933], [-122.05995143306053, 37.0759572470235], [-122.05995039463058, 37.07596950005828], [-122.05994562750823, 37.07599230153347], [-122.05994183181681, 37.076015220137926], [-122.05985923587626, 37.076376820842185], [-122.05985547213882, 37.07638969469779], [-122.05985270326325, 37.076402729226544], [-122.0598454063789, 37.07642412384143], [-122.05983909271924, 37.07644571941957], [-122.05983377213796, 37.07645823569747], [-122.05982942217693, 37.076470989976656], [-122.05981954277892, 37.076491709341845], [-122.0598106181231, 37.07651270417024], [-122.05980379247744, 37.076524741681325], [-122.05979790287263, 37.07653709353847], [-122.05978553669466, 37.076556936948556], [-122.05977408642863, 37.07657713014957], [-122.05976582057973, 37.07658857429822], [-122.05975844872447, 37.07660040348987], [-122.05974371478194, 37.07661917988828], [-122.05972984930419, 37.07663837673143], [-122.05972022336992, 37.0766491164681], [-122.05971143984503, 37.07666030988602], [-122.05969447951996, 37.076677839119924], [-122.05967833273927, 37.076695854255036], [-122.05966743979802, 37.07670578584404], [-122.0596573289544, 37.07671623589746], [-122.05945602936168, 37.076904437087066], [-122.05944991030442, 37.07690962000214], [-122.05944431804909, 37.07691516963691], [-122.05912136543492, 37.07720529445396], [-122.05939105112724, 37.07752680741893], [-122.05957454964945, 37.07771963583336], [-122.05973301100289, 37.07784339309671], [-122.06015905652676, 37.07809792176448], [-122.06017848562318, 37.07811076425543], [-122.0601985734573, 37.078122938258645], [-122.06136372229645, 37.07890393536617], [-122.06167285162304, 37.079070389164755], [-122.06206931948802, 37.07920367967058], [-122.06208739536467, 37.079210611049795], [-122.0621059076646, 37.07921675517165], [-122.06212720261658, 37.079225875446646], [-122.06214898527682, 37.079234228158526], [-122.0621661261854, 37.07924254569283], [-122.0621837977742, 37.07925011412312], [-122.06273829500314, 37.07951641193232], [-122.06274734583442, 37.07952125753285], [-122.06275681812164, 37.079525553275715], [-122.06278404463274, 37.07954090506877], [-122.06281172960351, 37.079555726851126], [-122.06282014421458, 37.07956125996228], [-122.06282904531902, 37.07956627888403], [-122.06285426235027, 37.07958369466649], [-122.06288000115083, 37.07960061942882], [-122.06288769840859, 37.07960678676899], [-122.06289594263663, 37.07961248050962], [-122.06291890867236, 37.07963179360109], [-122.0629424521018, 37.07965065748675], [-122.06294935747691, 37.07965739933649], [-122.06295686584782, 37.079663713369506], [-122.06330626669417, 37.07998801143174], [-122.06332146746021, 37.08000360578254], [-122.06333749862394, 37.08001866044292], [-122.06334863407197, 37.08003147576334], [-122.06336062957945, 37.08004378182517], [-122.0633738504736, 37.08006049620342], [-122.06338796160277, 37.080076736084294], [-122.06339747556711, 37.08009036400409], [-122.06340790801418, 37.0801035530751], [-122.06341902008367, 37.08012122457384], [-122.06343107706132, 37.08013849502027], [-122.06363107961752, 37.08046119368], [-122.06363920079012, 37.08047609029733], [-122.0636482985953, 37.08049062270837], [-122.06389360786557, 37.080935715226595], [-122.06417412315277, 37.08116470962597], [-122.0641977623748, 37.081186003284394], [-122.06422190384691, 37.08120692979581], [-122.0642270995828, 37.08121242965636], [-122.06423282181531, 37.081217584109055], [-122.06425374274899, 37.08124063224088], [-122.06427520751556, 37.08126335339636], [-122.06427970542298, 37.081269234808666], [-122.06428476946368, 37.08127481376182], [-122.06430276852984, 37.08129939193895], [-122.06432135178896, 37.08132369123298], [-122.0645683544126, 37.08168538966092], [-122.06457845890577, 37.08170208265743], [-122.0645895254778, 37.081718379145045], [-122.06476972807461, 37.08201787797853], [-122.06478411661102, 37.08204513594727], [-122.06479904844555, 37.08207220214461], [-122.06493775119785, 37.08236120117782], [-122.06494294092411, 37.08237383227436], [-122.06494908689122, 37.082386185257384], [-122.06509729036881, 37.08273258426848], [-122.06510787733062, 37.0827619552991], [-122.065118951693, 37.08279120649926], [-122.06512012590183, 37.08279593646355], [-122.06512179599484, 37.08280056974104], [-122.06512873795182, 37.08283062747445], [-122.06513618137603, 37.08286061073887], [-122.06519201250455, 37.08316219838973], [-122.06543597434438, 37.084369864851745], [-122.06545579672937, 37.084422089364224], [-122.06549092815737, 37.08445737106509], [-122.06572141078753, 37.084626235522066], [-122.06643036091977, 37.084929473609904], [-122.06697079359189, 37.08510726342316], [-122.06706850875074, 37.08513304216307], [-122.06728483383932, 37.08501541502236], [-122.06734763991102, 37.084962548072646], [-122.06712734406268, 37.08467515690812], [-122.0671171524854, 37.08466026912507], [-122.06710602532459, 37.08464581791943], [-122.06709592874843, 37.084629265730875], [-122.06708487050457, 37.084613111965545], [-122.06707654946986, 37.084597495692044], [-122.0670672438275, 37.08458224007315], [-122.06705922069385, 37.084564974151334], [-122.06705019238522, 37.08454803041285], [-122.06704382184816, 37.08453183546079], [-122.0670364276081, 37.08451592297507], [-122.06703055584703, 37.08449811141433], [-122.06702364347514, 37.08448053900991], [-122.06701928475239, 37.08446392117381], [-122.0670138731612, 37.084447505260094], [-122.06701020873903, 37.08442931805484], [-122.06700547962396, 37.08441128778934], [-122.06700317506319, 37.08439440830276], [-122.06699979774757, 37.08437764585074], [-122.06699837597867, 37.08435925806058], [-122.06699587557733, 37.084340943631126], [-122.06699564715115, 37.08432396455843], [-122.06699433688591, 37.084307017537235], [-122.06699263813026, 37.084200517521715], [-122.06699349419648, 37.08418163755108], [-122.06699327075432, 37.084162746473346], [-122.06699509630019, 37.084146300330744], [-122.06699584443535, 37.08412980046144], [-122.06699900589642, 37.084111079786894], [-122.0670010948786, 37.08409226098556], [-122.06700492385743, 37.08407603702434], [-122.0670076869154, 37.084059675596905], [-122.06701312391075, 37.084041291828584], [-122.06701750482922, 37.08402272929732], [-122.06704760588264, 37.08392242948336], [-122.06704952071608, 37.08391719408849], [-122.06705088682841, 37.08391184954432], [-122.06706193551754, 37.08388325075707], [-122.06707244328021, 37.083854521247225], [-122.06707498938557, 37.083849461452445], [-122.06707700281969, 37.08384424981835], [-122.06709149760422, 37.08381665525204], [-122.06710546904631, 37.08378889043939], [-122.06710862174552, 37.08378405517623], [-122.0671112632099, 37.08377902650783], [-122.06712906308067, 37.083752704658316], [-122.06714636500534, 37.08372616904375], [-122.06715009459687, 37.08372160404925], [-122.06715333805816, 37.083716807718], [-122.06730313926981, 37.08351910869533], [-122.06732735074404, 37.08349042951753], [-122.06735147889125, 37.0834617178599], [-122.06771348036801, 37.08307352009284], [-122.06772542061563, 37.083061946630245], [-122.06773652466877, 37.083049851985194], [-122.06775353906927, 37.08303469208612], [-122.06776975211471, 37.08301897711445], [-122.06778304995855, 37.08300839765216], [-122.06779558091459, 37.08299723256157], [-122.06798928893596, 37.082840807962874], [-122.06798938097778, 37.082840733599824], [-122.06798938120498, 37.08284073342133], [-122.06822598894291, 37.082649609145264], [-122.06825709396897, 37.082626835714656], [-122.06828807210364, 37.08260394905478], [-122.06853562903667, 37.082438301724515], [-122.06871589022575, 37.082310898413944], [-122.06871923981592, 37.08219753781864], [-122.0687193436759, 37.08219639611271], [-122.06871931188765, 37.08219525153877], [-122.06871932269505, 37.08219492910356], [-122.06836269540607, 37.08210939535056], [-122.06834459934475, 37.082104267470385], [-122.06832617719279, 37.082099952520096], [-122.06830299025373, 37.082092476610576], [-122.06827942733277, 37.082085799535825], [-122.06826204692284, 37.08207927568241], [-122.06824424010011, 37.082073534404834], [-122.06822207926048, 37.08206427348119], [-122.06819944687616, 37.08205577828144], [-122.06818294786935, 37.08204792069308], [-122.06816592963175, 37.08204080889531], [-122.06814500868819, 37.08202985243565], [-122.06812352433528, 37.082019620595595], [-122.06810806635005, 37.08201050534427], [-122.06809199990067, 37.08200209119411], [-122.06793214973546, 37.08190909775845], [-122.06792616398755, 37.08191015988385], [-122.06790198837514, 37.081915323635975], [-122.06788307376799, 37.08191780597201], [-122.06786435961922, 37.08192112664803], [-122.06783951821879, 37.081923522100176], [-122.06781482724283, 37.08192676243766], [-122.0677956990892, 37.08192774748225], [-122.06777666977143, 37.081929582417196], [-122.06775165652402, 37.0819300154194], [-122.06772668649734, 37.08193130129796], [-122.06770752954355, 37.081930779415785], [-122.0676883676492, 37.0819311111152], [-122.06766342157414, 37.081929577687134], [-122.06763841488554, 37.08192889640929], [-122.06761941414915, 37.08192687257038], [-122.06760030378265, 37.08192569788445], [-122.06757566535713, 37.08192221280701], [-122.06755086247168, 37.081919570950774], [-122.06753220087882, 37.08191606471192], [-122.06751332630535, 37.08191339491497], [-122.06748923240274, 37.08190799160033], [-122.06746487253987, 37.08190341475415], [-122.06744673047723, 37.08189846007502], [-122.0674282727487, 37.08189432074888], [-122.06740495540204, 37.081887051140626], [-122.0673812733896, 37.08188058351796], [-122.06736382533595, 37.08187422819377], [-122.06734596229295, 37.08186865904743], [-122.06732364611382, 37.0818595930593], [-122.06730086980713, 37.081851296937515], [-122.06728428254537, 37.08184360159338], [-122.06726718768763, 37.08183665681463], [-122.06724608874093, 37.08182588232165], [-122.06722443644506, 37.0818158372103], [-122.06720887151813, 37.081806876852845], [-122.0671927075105, 37.08179862253322], [-122.06717302738735, 37.08178624244047], [-122.06715270931049, 37.08177454581384], [-122.06713831474626, 37.08176440570973], [-122.06712323923963, 37.08175492223384], [-122.06710516974785, 37.08174105730756], [-122.06708637905231, 37.081727820387684], [-122.06707329450414, 37.081716598898296], [-122.06705945163318, 37.08170597700086], [-122.06704316419726, 37.08169075866391], [-122.06702608470752, 37.08167611089798], [-122.06701443631908, 37.081663916193875], [-122.06700195927633, 37.08165225806152], [-122.06695635944358, 37.08160515778749], [-122.06693723256171, 37.08158326198768], [-122.06691745397252, 37.08156174018504], [-122.06691192182922, 37.08155428689971], [-122.06690571588715, 37.08154718256194], [-122.06688935929371, 37.08152388939057], [-122.06687230943412, 37.081500918690544], [-122.06686771597842, 37.08149306725022], [-122.06686240878852, 37.08148550936764], [-122.06684898126659, 37.08146104488574], [-122.06683482304989, 37.08143684480161], [-122.0668312118096, 37.08142866946429], [-122.06682685534024, 37.08142073209094], [-122.06681648508669, 37.08139533014094], [-122.06680535603567, 37.08137013548982], [-122.06680276269199, 37.08136171730227], [-122.06679939776961, 37.08135347476495], [-122.06679218483723, 37.08132737969401], [-122.06678419188444, 37.081301433434795], [-122.06678264089183, 37.08129285146234], [-122.06678030060772, 37.08128438496756], [-122.06677631479575, 37.081257849357286], [-122.06677153453971, 37.081231400068745], [-122.06677104084322, 37.0812227381692], [-122.06676974761018, 37.08121412811814], [-122.06676902730574, 37.081187406375555], [-122.06676750587793, 37.08116070996775], [-122.06676807431339, 37.08115205065722], [-122.06676784060143, 37.08114338088802], [-122.0667703924941, 37.0811167342009], [-122.0667721445571, 37.081090043901796], [-122.06677376983139, 37.081081469977], [-122.0667745977576, 37.08107282451658], [-122.06678039747558, 37.081046505715015], [-122.06678540609742, 37.08102008234543], [-122.06678807197906, 37.08101167868013], [-122.06678995391019, 37.08100313850379], [-122.06679894638104, 37.080977399364365], [-122.06680716262251, 37.08095149916584], [-122.06681084383449, 37.080943345154054], [-122.06681376141508, 37.080934994037], [-122.06682585883146, 37.08091008607803], [-122.0668372045191, 37.080884954785546], [-122.0668418655567, 37.08087712901946], [-122.0668457906844, 37.080869047414986], [-122.06686087681581, 37.080845209761755], [-122.06687524253839, 37.08082109006958], [-122.06688083860006, 37.08081366782311], [-122.06688573341691, 37.08080593358364], [-122.06690366267364, 37.080783395935704], [-122.0669209103488, 37.08076052003618], [-122.06692738767826, 37.08075357290701], [-122.06693320491935, 37.08074626038554], [-122.06695380487167, 37.08072523943114], [-122.0669737680961, 37.08070382802597], [-122.06698106387977, 37.080697423123645], [-122.06698774789339, 37.08069060255081], [-122.06701082030213, 37.08067130053285], [-122.06703330674813, 37.08065156005784], [-122.06704135138169, 37.08064575866949], [-122.06704883722954, 37.08063949614654], [-122.0670741605506, 37.08062209844871], [-122.06709895299865, 37.08060421945951], [-122.06710766770917, 37.080599078293204], [-122.06711588446072, 37.08059343320389], [-122.06714321396107, 37.08057810808135], [-122.06717007438932, 37.08056226204078], [-122.0672545739846, 37.08051736244325], [-122.06727861713765, 37.08050590647188], [-122.06730213160388, 37.08049376352884], [-122.06731655343243, 37.08048783073374], [-122.06733048573356, 37.080481192348856], [-122.06735581539935, 37.080471679346516], [-122.0673807013284, 37.080461441911226], [-122.06739577786537, 37.08045667074833], [-122.0674104567835, 37.080451157851414], [-122.06743682939607, 37.08044367955553], [-122.06746057479742, 37.0804361650012], [-122.06746065312237, 37.08041603046302], [-122.06745979563293, 37.08039213054857], [-122.06746079061602, 37.08038066844559], [-122.06746083528165, 37.08036917831814], [-122.06746385298992, 37.080345389279735], [-122.06746592350781, 37.080321537267096], [-122.06746831583895, 37.0803102089219], [-122.06746976597672, 37.08029877716915], [-122.06747567938699, 37.080275339909655], [-122.06748065788189, 37.080251765136616], [-122.0674953584089, 37.08019826522199], [-122.06749771597903, 37.080191326410166], [-122.06749938938272, 37.080184261431434], [-122.06750931147626, 37.08015719898878], [-122.0675185574549, 37.080129986284255], [-122.06752175217557, 37.080123266784014], [-122.06752428207525, 37.08011636646412], [-122.06753746686802, 37.080090213763235], [-122.06754999756825, 37.080063857880845], [-122.06755399929861, 37.08005742100316], [-122.06755736089784, 37.08005075320205], [-122.06757368097054, 37.08002576298206], [-122.06758937616843, 37.080000517077906], [-122.06759414622745, 37.07999442534534], [-122.06759830724386, 37.079988053717614], [-122.0676148166627, 37.07996787465908], [-122.0676076225899, 37.07991761943089], [-122.06760620755284, 37.07984686470495], [-122.06761345516004, 37.07977633961388], [-122.06762929553157, 37.079706723260585], [-122.06765357609275, 37.07963868607368], [-122.06768606300463, 37.07957288332875], [-122.06772644337966, 37.07950994885625], [-122.06777432828778, 37.07945048848525], [-122.06782925664372, 37.079395075026575], [-122.0678906993332, 37.07934424208597], [-122.067958064785, 37.07929847924082], [-122.06803070409376, 37.07925822712317], [-122.0681079177064, 37.07922387341642], [-122.06818896210731, 37.0791957489422], [-122.06823821554634, 37.07918308376264], [-122.06824288291779, 37.079175997674824], [-122.06825484822723, 37.07915608614178], [-122.06826348188021, 37.079144724333936], [-122.06827123113264, 37.07913295941288], [-122.06828643458222, 37.07911451879812], [-122.06830077752457, 37.079095643617606], [-122.06831075942287, 37.07908501468829], [-122.06831991062566, 37.0790739149221], [-122.06833729585057, 37.079056757904574], [-122.06835387966694, 37.07903909909034], [-122.0683651144009, 37.079029304687154], [-122.06837557882197, 37.079018977634966], [-122.06839497865035, 37.0790032690262], [-122.06841364341138, 37.078986997125426], [-122.06842602238095, 37.078978132031814], [-122.06843769958134, 37.078968676687616], [-122.06845892766434, 37.078954567266976], [-122.06847949301637, 37.07893983959617], [-122.0684928968224, 37.07893198940671], [-122.0685056745393, 37.07892349655906], [-122.06852852580772, 37.07891112253663], [-122.0685507944942, 37.07889808041503], [-122.0685650946388, 37.078891320467186], [-122.06857884924112, 37.07888387225216], [-122.06860310545929, 37.07887335188725], [-122.06862686116686, 37.07886212197219], [-122.06864191745515, 37.078856518227326], [-122.06865651881469, 37.07885018537259], [-122.06868194710587, 37.07884161995371], [-122.06870696036125, 37.07883231041107], [-122.06876995983956, 37.078811810549986], [-122.06878109962496, 37.078808686518535], [-122.06879193103285, 37.07880492854515], [-122.06882276168584, 37.07879700278085], [-122.06885332019186, 37.07878843298612], [-122.06886478850502, 37.078786198862495], [-122.06887602745081, 37.07878330960358], [-122.06890767964944, 37.07877784315184], [-122.06893913901283, 37.07877171454304], [-122.06895082500449, 37.078770391811], [-122.06896236359889, 37.078768399083245], [-122.06904876276361, 37.07875699921926], [-122.06905648534854, 37.078756289954924], [-122.06906411243294, 37.07875508272923], [-122.06910034607287, 37.07875226173597], [-122.06913650729764, 37.07874894069851], [-122.06914427946248, 37.07874884134306], [-122.0691520173898, 37.07874823891847], [-122.06918842025861, 37.07874827710947], [-122.0692170237016, 37.07874791145587], [-122.06922183153469, 37.07873663294602], [-122.0692248157093, 37.07873138228572], [-122.06922725159284, 37.078725953262236], [-122.069257052104, 37.07866855345073], [-122.06926685109148, 37.07865201776364], [-122.06927566100697, 37.078635128537265], [-122.06928578038597, 37.07862007491785], [-122.0692949334394, 37.078604629267815], [-122.06930670801749, 37.078588942964316], [-122.06931754159484, 37.078572826789795], [-122.06932945364095, 37.07855864058793], [-122.0693404522467, 37.07854398795442], [-122.0693540897646, 37.07852930104246], [-122.06936684215233, 37.07851411411839], [-122.06943544870624, 37.07844048603848], [-122.06950486705911, 37.07836124181471], [-122.0695292360506, 37.078336139591606], [-122.06955330285163, 37.07831083452151], [-122.06967120312179, 37.07819873518174], [-122.06973136076779, 37.07814692551577], [-122.06979756658309, 37.078100089849], [-122.06986918314423, 37.07805867909954], [-122.0699455205687, 37.07802309212479], [-122.07002584376572, 37.0779936715421], [-122.07010937933393, 37.0779707008087], [-122.07019532257343, 37.0779544011221], [-122.07028284594698, 37.07794492941349], [-122.07037110652202, 37.07794237687396], [-122.07045925441723, 37.07794676811934], [-122.07054644068118, 37.07795806080143], [-122.07063182560782, 37.07797614630392], [-122.0706419522475, 37.077979169085296], [-122.07068564829895, 37.07797381420057], [-122.07077383963721, 37.077970023108676], [-122.07086206997354, 37.07797317635969], [-122.07094948975977, 37.07798324359185], [-122.07103525712246, 37.07800012780245], [-122.07111854606252, 37.078023666313435], [-122.07119855453263, 37.07805363254702], [-122.07127451195001, 37.078089737977216], [-122.07134568681425, 37.07813163471309], [-122.07141139363287, 37.07817891951866], [-122.07147099974752, 37.07823113675049], [-122.07152393111872, 37.078287783720654], [-122.07156967778731, 37.07834831488562], [-122.07160779943449, 37.07841214720749], [-122.07163386462726, 37.07846969343512], [-122.07163550593563, 37.07846959910683], [-122.07170190529267, 37.07846839907647], [-122.07170508297106, 37.07846846667542], [-122.07170825470271, 37.07846830229793], [-122.07174921449881, 37.07846940512766], [-122.071790192868, 37.07847027651937], [-122.07179334725782, 37.07847059335062], [-122.07179652359285, 37.07847067887444], [-122.07183714960233, 37.07847499299748], [-122.07187782576602, 37.07847907854393], [-122.07188092630474, 37.078479641574035], [-122.07188407665423, 37.07847997612882], [-122.07204857525778, 37.078504075846794], [-122.07207376256522, 37.078508799742586], [-122.0720991705282, 37.07851269904753], [-122.07213919428433, 37.078520490186975], [-122.07224896344293, 37.07853148749929], [-122.07225581330381, 37.07853244924251], [-122.07226273724545, 37.078532954105135], [-122.07229929196725, 37.07853855415667], [-122.07233595660341, 37.07854370219416], [-122.07234265529229, 37.078545197189044], [-122.07234948466358, 37.078546243407914], [-122.07257378272365, 37.07858984297509], [-122.07265848682447, 37.07860988079864], [-122.07274033177558, 37.07863647425283], [-122.07281852948921, 37.07866936722457], [-122.07289232681265, 37.07870824294116], [-122.0729610131397, 37.078752727094006], [-122.07302392689402, 37.0788023912242], [-122.0730804621132, 37.07885675710016], [-122.07313007447075, 37.07891530109102], [-122.0731722860507, 37.078977459341424], [-122.07320669045481, 37.07904263339969], [-122.07323295622554, 37.07911019556246], [-122.0732506134666, 37.0791786540444], [-122.07375987625517, 37.07961948080965], [-122.0738061651447, 37.07958805396431], [-122.073878819023, 37.07954781837385], [-122.07395604518986, 37.0795134822174], [-122.07403710004121, 37.07948537617239], [-122.07412120279304, 37.07946377095504], [-122.07420754361414, 37.07944887458982], [-122.07422543261404, 37.079447234693944], [-122.07422118905758, 37.079436377846115], [-122.07420318263864, 37.0793671002936], [-122.07419373801856, 37.079296742184525], [-122.07419294604816, 37.07922598118025], [-122.07420081439358, 37.079155498617574], [-122.07421726716079, 37.079085973466555], [-122.07424214599695, 37.07901807512788], [-122.07427521128756, 37.0789524575834], [-122.07431614448724, 37.07888975283435], [-122.07436455134822, 37.078830564526825], [-122.07441996592054, 37.0787754628456], [-122.07448185422683, 37.078724978413575], [-122.07454962039725, 37.078679597382475], [-122.0746226117886, 37.078639756786], [-122.07470012544756, 37.07860584035409], [-122.07478141490806, 37.07857817460027], [-122.07486569731127, 37.07855702608323], [-122.07495216109162, 37.07854259840235], [-122.07503997342207, 37.0785350304533], [-122.07512828866517, 37.0785343952321], [-122.07521625637202, 37.07854069881595], [-122.07522755430699, 37.07854241510957], [-122.07525314789638, 37.078499776064916], [-122.07525365422829, 37.078499028877495], [-122.07525406862008, 37.07849824681014], [-122.07527472088708, 37.07846793678115], [-122.07529528554757, 37.0784375856826], [-122.07529588044805, 37.07843688227239], [-122.07529638890547, 37.07843613600272], [-122.0753206418747, 37.0784076030237], [-122.0753448281281, 37.07837900389749], [-122.07534550714314, 37.07837834972822], [-122.07534610359785, 37.07837764795239], [-122.0753737231106, 37.078351163857995], [-122.07540129863233, 37.07832459504305], [-122.0754020536798, 37.07832399789376], [-122.07540273379468, 37.0783233457158], [-122.07543349248482, 37.078299132726414], [-122.07546415316182, 37.07827488308909], [-122.07546497674727, 37.078274348670185], [-122.0754657341451, 37.078273752440204], [-122.07549930278184, 37.078252074257705], [-122.07553278616138, 37.07823034663526], [-122.07553367227469, 37.07822987886593], [-122.07553449798226, 37.07822934563492], [-122.07557053915211, 37.078210417402445], [-122.07560653699495, 37.078191414726184], [-122.07560747589751, 37.07819101884868], [-122.07560836299938, 37.07819055297944], [-122.07564654951169, 37.07817454494052], [-122.07568469528938, 37.0781584622063], [-122.07568567804756, 37.0781581420269], [-122.07568661782626, 37.07815774804853], [-122.07572658602108, 37.07814481366745], [-122.07576650828513, 37.07813180653252], [-122.07576752507416, 37.078131565129475], [-122.07576850893464, 37.07813124676076], [-122.07577586889846, 37.07812919538453], [-122.07577657458677, 37.07807909609364], [-122.07578622262524, 37.07800875563126], [-122.07580442898534, 37.07793951170787], [-122.07583101848934, 37.07787203098099], [-122.07586573494028, 37.07780696334023], [-122.07590824401291, 37.077744935530056], [-122.07595813625686, 37.0776865447737], [-122.07600489290492, 37.077641931604724], [-122.07598939221583, 37.077575415422515], [-122.07598176956304, 37.07750491558963], [-122.07598280783797, 37.077434156567385], [-122.07599249717232, 37.077363819736064], [-122.07601074426991, 37.07729458266921], [-122.07603565384989, 37.077231468155155], [-122.07603157481948, 37.07722566634207], [-122.07602720362932, 37.07721771367827], [-122.07602211026004, 37.07721004284408], [-122.07594881128327, 37.077085242409936], [-122.07594812360813, 37.0770839047844], [-122.07594736772513, 37.077082755290206], [-122.07568359595187, 37.07712542419063], [-122.0756485952554, 37.07712966623926], [-122.07561370279049, 37.077134454106876], [-122.07560494907483, 37.07713495601288], [-122.07559627204697, 37.077136007648164], [-122.0755609220159, 37.077137480374574], [-122.07552561084528, 37.07713950495932], [-122.07551683738045, 37.077139316954444], [-122.07550807396251, 37.07713968203546], [-122.07547271441263, 37.07713837141204], [-122.07543732520857, 37.07713761301429], [-122.07542861724926, 37.07713673693497], [-122.07541985107319, 37.07713641196712], [-122.07538482284635, 37.07713233065671], [-122.0753496960663, 37.077128796527994], [-122.0749875928489, 37.07707779597], [-122.07494545824356, 37.077070136797495], [-122.07490330870108, 37.077062550326566], [-122.07490239914473, 37.07706230949912], [-122.07490146442679, 37.07706213959576], [-122.0748604587405, 37.077051205222695], [-122.07481945122996, 37.077040347890865], [-122.07449144874832, 37.07693894699986], [-122.07446815781805, 37.076930673024776], [-122.07444445935376, 37.07692318197464], [-122.07442781388856, 37.07691634097646], [-122.0744107113752, 37.076910265392335], [-122.07438854616112, 37.07690020270777], [-122.0743658767761, 37.07689088595784], [-122.07431004834032, 37.07686509386959], [-122.0743088661745, 37.07686511447884], [-122.07427991156645, 37.076864479874345], [-122.07425094832065, 37.07686462977289], [-122.07417194751655, 37.07686192977696], [-122.07414183116731, 37.076859710334496], [-122.07411164272517, 37.076858238843165], [-122.07409788049581, 37.07685647138629], [-122.07408400188778, 37.076855448566214], [-122.07405430151296, 37.07685087447008], [-122.07402443893247, 37.076847039238665], [-122.07401095996923, 37.07684419960612], [-122.0739972725355, 37.07684209163228], [-122.07396827403069, 37.07683520685049], [-122.07393902520415, 37.07682904492182], [-122.07388612476939, 37.076815644762455], [-122.07385945354066, 37.076807715738674], [-122.07383245389948, 37.07680053861506], [-122.07381807686866, 37.076795414923915], [-122.07380332355774, 37.07679102888174], [-122.07377775082831, 37.07678104331367], [-122.07375175925642, 37.07677178036547], [-122.07373807775674, 37.07676555193392], [-122.07372393251148, 37.07676002855864], [-122.07369970517163, 37.07674808302369], [-122.0736749711294, 37.076736823006144], [-122.07366211706858, 37.076729549907476], [-122.07364871604338, 37.07672294236466], [-122.07362606759158, 37.07670915217538], [-122.07360282916366, 37.07669600331579], [-122.07359092634236, 37.076687755385436], [-122.07357839858598, 37.07668012751209], [-122.0735575461125, 37.0766646249798], [-122.07353602821438, 37.07664971442245], [-122.07346672818377, 37.0765967139833], [-122.07344713943809, 37.07658018649842], [-122.0734268419102, 37.07656421774851], [-122.07341674823667, 37.07655454467143], [-122.07340591158783, 37.076545401580226], [-122.073388439056, 37.07652741538989], [-122.07337019264389, 37.076509929286026], [-122.07336133058955, 37.07649950982379], [-122.0733516649835, 37.07648955993098], [-122.07333647643752, 37.07647028752464], [-122.0733204573925, 37.076451453107], [-122.07331291302451, 37.076440388349525], [-122.07330451067645, 37.07642972675366], [-122.07329175312914, 37.07640935461042], [-122.0732781149482, 37.076389352459465], [-122.07327196010561, 37.07637774780221], [-122.07326490288698, 37.07636647826448], [-122.07325469904414, 37.07634520258861], [-122.07324357336232, 37.07632422546295], [-122.07323886776169, 37.076312193237406], [-122.07323322309205, 37.07630042373266], [-122.073225671357, 37.07627845009305], [-122.07321716495538, 37.07625669921007], [-122.07321395387247, 37.07624435505997], [-122.07320977627583, 37.07623219932115], [-122.07320494867604, 37.07620973740682], [-122.07319914436123, 37.07618742416224], [-122.07318554508937, 37.076118324009954], [-122.07318224979133, 37.0760938141019], [-122.07317804453628, 37.07606939362246], [-122.07317752233283, 37.076058653159954], [-122.07317608564595, 37.0760479672067], [-122.07317580442546, 37.076023316166726], [-122.07317460680189, 37.07599868329453], [-122.07317650853092, 37.075848583331315], [-122.07317652440993, 37.07584836937317], [-122.07317651408721, 37.07584815457928], [-122.07317731478027, 37.075788454606716], [-122.07317774060158, 37.075782759831306], [-122.07317758017366, 37.075777057860485], [-122.0731803802462, 37.07574745373441], [-122.07318259594737, 37.07571781736851], [-122.07318371601811, 37.07571218489658], [-122.07318425403534, 37.075706496316066], [-122.07319066257229, 37.07567725210287], [-122.07319649251843, 37.07564793495156], [-122.07319829641409, 37.07564241698255], [-122.07319952756929, 37.075636798719145], [-122.07326793022818, 37.075394999241794], [-122.07327383697577, 37.07537802959764], [-122.07327869244162, 37.075360847030936], [-122.07328569266477, 37.07534396885895], [-122.0732916559432, 37.0753268366825], [-122.07329961000396, 37.07531041278601], [-122.07330654403997, 37.0752936941839], [-122.07331557558314, 37.07527744627523], [-122.07332360556217, 37.075260865766154], [-122.07333353007984, 37.075245146112195], [-122.07334247615313, 37.0752290521234], [-122.07343497732164, 37.07508245277885], [-122.07344002058262, 37.075075348771875], [-122.07344438108846, 37.075067959275934], [-122.0734618449023, 37.07504460696206], [-122.07347864369483, 37.07502094396615], [-122.07348453241833, 37.07501426949841], [-122.07348977522804, 37.075007258810494], [-122.07367153681774, 37.074789237400445], [-122.07370304901805, 37.074743669820734]], [[-122.06524255763703, 37.03256273422524], [-122.06521302658386, 37.03257049711913], [-122.06520446461855, 37.03257238030334], [-122.06519611222544, 37.03257479579506], [-122.06516191690355, 37.032581738336845], [-122.06512790611923, 37.03258921874868], [-122.06511915586431, 37.03259041988257], [-122.06511054777116, 37.032592167575935], [-122.06502454698634, 37.032606067611624], [-122.06498596940435, 37.03261073720159], [-122.06494745855814, 37.03261575894288], [-122.0647519362389, 37.032633412975365], [-122.06462747730448, 37.0326470269714], [-122.06457267526062, 37.03265370466992], [-122.06416104805949, 37.03277124488128], [-122.0638241843713, 37.03288924738206], [-122.06391632013059, 37.03297344735957], [-122.06396399831702, 37.03300817287939], [-122.06397355886222, 37.03301585552653], [-122.0639837488052, 37.03302299859962], [-122.06406087135599, 37.03308266088579], [-122.06406089318635, 37.03308267773397], [-122.06406104889089, 37.03308279821804], [-122.06414067127474, 37.03314436050173], [-122.06415623090314, 37.03315763246798], [-122.06417256200393, 37.0331702953084], [-122.06432956223242, 37.03330459444309], [-122.06433621360067, 37.03331087524068], [-122.06434343476982, 37.033316736059874], [-122.06436476360147, 37.0333378346887], [-122.06438668925412, 37.033358538787844], [-122.0643925403567, 37.03336531156822], [-122.064399010597, 37.03337171199264], [-122.06454221139576, 37.03352851115069], [-122.0645609967057, 37.03355135274766], [-122.0645804121355, 37.03357385335037], [-122.0647032131328, 37.033732252555396], [-122.06471829072926, 37.033754014853606], [-122.06473415261287, 37.03377541619004], [-122.06473971020344, 37.03378493060513], [-122.0647460730645, 37.03379411442249], [-122.06475841740365, 37.033816956596745], [-122.06477158639953, 37.03383950149654], [-122.06477595391353, 37.03384940657265], [-122.06478116345004, 37.033859046422016], [-122.06479065578709, 37.03388274903835], [-122.06480100492128, 37.03390621980542], [-122.06490027889222, 37.03417224223968], [-122.06490027900243, 37.034172242420816], [-122.06490030763193, 37.034172319175696], [-122.06497108689088, 37.034361906823065], [-122.06501204872613, 37.03444216004157], [-122.06502268559264, 37.03445788341085], [-122.06505074209184, 37.0344392372928], [-122.06511605509583, 37.03438127702189], [-122.06523030638337, 37.03425170881835], [-122.06542410693594, 37.03401761305376], [-122.06554512313419, 37.033860585418196], [-122.06556390465512, 37.03383869516563], [-122.06558201079187, 37.033816444888245], [-122.0655889038161, 37.033809558088066], [-122.06559514633112, 37.0338022823464], [-122.06561651243719, 37.033781974573806], [-122.06563725295307, 37.03376125290343], [-122.06571775311922, 37.03368845343738], [-122.06571889728036, 37.03368751570158], [-122.06571992619504, 37.033686495391045], [-122.06574976541214, 37.03366221800355], [-122.06577947687127, 37.03363786821115], [-122.06578072971892, 37.03363702525688], [-122.06578187879097, 37.03363609035349], [-122.06581453721304, 37.03361427822402], [-122.06584708787291, 37.033592376809146], [-122.06584843863743, 37.03359163585281], [-122.06584969560132, 37.033590796355554], [-122.06588486160997, 37.03357165651253], [-122.06591993504485, 37.03355241749672], [-122.06592136901072, 37.033551786625075], [-122.06592272343744, 37.033551049482625], [-122.06610242251902, 37.033463250218716], [-122.06611678385566, 37.03345698653979], [-122.06613063385079, 37.0334500238514], [-122.06618360622431, 37.03342621327108], [-122.0662209431411, 37.03339105397237], [-122.06623898375284, 37.03337566420768], [-122.06625625241011, 37.03335971183782], [-122.06626919208837, 37.03334989443149], [-122.06628139094693, 37.03333948798495], [-122.06630122718884, 37.033325589202796], [-122.06632036198788, 37.03331107149153], [-122.06641696178866, 37.03324467191596], [-122.06641871800474, 37.03324357998134], [-122.06642033960928, 37.03324236169228], [-122.0664535901343, 37.033221896684594], [-122.06648670919996, 37.03320130353506], [-122.0664885900351, 37.033200355001824], [-122.06649035325022, 37.03319926979159], [-122.06652595455284, 37.03318151169832], [-122.06656142283228, 37.03316362472847], [-122.06656341007178, 37.03316282882771], [-122.066565297905, 37.033161887108825], [-122.0666805973075, 37.033110487592985], [-122.06671269464252, 37.03309778985937], [-122.0667444960305, 37.03308461510943], [-122.06675225856488, 37.033082138261136], [-122.0667597513735, 37.0330791740646], [-122.06679324983232, 37.03306905876695], [-122.06682650542167, 37.03305844748964], [-122.06683453344415, 37.03305659252991], [-122.06684235257283, 37.03305423141046], [-122.06687692647085, 37.033046797122196], [-122.06691131920628, 37.033038850212456], [-122.06704763177085, 37.033013086942944], [-122.06707176889799, 37.03299323751139], [-122.0670888172623, 37.03298052942469], [-122.06709086210246, 37.0329788567207], [-122.06708389240136, 37.03297749776737], [-122.06704894614059, 37.03297123126042], [-122.06704102746103, 37.03296913993295], [-122.0670329252151, 37.03296756015103], [-122.06699912247106, 37.03295807279748], [-122.0669651117362, 37.03294909056854], [-122.0669574869209, 37.032946387058715], [-122.06694961690674, 37.032944178204104], [-122.06685411617637, 37.03291307794066], [-122.06683193832335, 37.03290481719442], [-122.06680933157857, 37.032897343422526], [-122.06679193792712, 37.032889918040034], [-122.06677406781519, 37.032883261862125], [-122.0667530086146, 37.03287329903342], [-122.06674789327772, 37.03287111534793], [-122.06672916037472, 37.032871192090624], [-122.06671865269043, 37.0328704058029], [-122.06670810130316, 37.032870250694714], [-122.06667473175634, 37.03286711939715], [-122.06664127649778, 37.03286461605568], [-122.0664085744634, 37.03283791570475], [-122.06639232298886, 37.032835393157995], [-122.06637590764007, 37.032833674454295], [-122.06596630390294, 37.03277427388708], [-122.0659626142476, 37.032773587356836], [-122.0659588623952, 37.03277316877517], [-122.06591962843441, 37.032765589359684], [-122.06588032342275, 37.032758276187685], [-122.06587673577111, 37.032757303089994], [-122.06587305283139, 37.032756591640926], [-122.06583493780833, 37.03274596659674], [-122.06579671271756, 37.03273559901633], [-122.06579326057681, 37.03273434844902], [-122.06578968311771, 37.03273335118116], [-122.06552932772101, 37.032649079044404], [-122.06527451046303, 37.03257360576306], [-122.06527249476396, 37.03257291689463], [-122.06527040893306, 37.032572381794154], [-122.06524255763703, 37.03256273422524]], [[-122.07108839710514, 37.03475028779627], [-122.07108021160259, 37.03475595403137], [-122.07072797334219, 37.0349765521571], [-122.07068407364946, 37.03502238313898], [-122.0706728839913, 37.035471178653104], [-122.07067288065505, 37.035471314017954], [-122.07067288065396, 37.03547131410808], [-122.07066968553535, 37.03560067869592], [-122.07066938059478, 37.03560422216305], [-122.07066946673417, 37.035607773200425], [-122.0706663431462, 37.035639515136864], [-122.07066360983258, 37.035671275183425], [-122.07066287329937, 37.03567477696022], [-122.07066252475711, 37.03567831837309], [-122.07065553556642, 37.03570966099522], [-122.0706489320898, 37.03574105432232], [-122.07064777065196, 37.03574448219075], [-122.07064699100985, 37.03574797831142], [-122.07063620479522, 37.03577861702955], [-122.07062579348846, 37.03580934413633], [-122.070624218577, 37.03581266420274], [-122.07062301520426, 37.03581608227765], [-122.07055691677954, 37.0359737827398], [-122.07055431051936, 37.03597911828913], [-122.0705522599664, 37.03598460773468], [-122.07053884614145, 37.036010833493805], [-122.0705260745403, 37.03603726358297], [-122.07052533099092, 37.03603844364594], [-122.07052472961756, 37.036039674670384], [-122.0705214833472, 37.03604477994405], [-122.07051877169046, 37.03605008158527], [-122.0705022168741, 37.036075125780336], [-122.07048627441185, 37.03610042635231], [-122.07048538985185, 37.03610154275281], [-122.07048464116247, 37.036102720071014], [-122.07048078663306, 37.03610754528923], [-122.07047743955896, 37.03611260875795], [-122.07045790159845, 37.036136232488275], [-122.07043894339971, 37.036160157409725], [-122.07034754829965, 37.03626387598139], [-122.07027301752562, 37.03639305294458], [-122.07025452815853, 37.036434768924465], [-122.070280008597, 37.03644923845876], [-122.07034669093348, 37.03649560496077], [-122.07040738314856, 37.03654698786244], [-122.07046150096402, 37.03660289250167], [-122.07050852303475, 37.03666278036023], [-122.07054799661377, 37.036726074786685], [-122.07057954142518, 37.036792166164176], [-122.07060285375096, 37.036860417981664], [-122.07061770905565, 37.03693017298362], [-122.07062396427239, 37.03700075940739], [-122.0706215589617, 37.037071497482344], [-122.07061051647034, 37.037141705928924], [-122.07059094295154, 37.037210708621394], [-122.07055363753712, 37.03731764970857], [-122.07056156422004, 37.03734190477846], [-122.07057097145405, 37.03736830597158], [-122.07057274555012, 37.03737611873024], [-122.07057525593196, 37.03738380042349], [-122.07058064664969, 37.03741091426099], [-122.07058414714292, 37.03742632991785], [-122.07059031077789, 37.03742065013657], [-122.07061763437187, 37.03739521417012], [-122.07061927465007, 37.03739396018512], [-122.07062076174094, 37.037392589800675], [-122.0707014155346, 37.03732524682864], [-122.07072975570908, 37.03729622480834], [-122.07080410964888, 37.03719629721881], [-122.07080503844392, 37.03719517773728], [-122.07080583153346, 37.037193992832655], [-122.07082947832836, 37.03716572041539], [-122.07085299499272, 37.03713737576314], [-122.07085405652614, 37.0371363343908], [-122.0708549903439, 37.037135217832684], [-122.07094513746223, 37.03703810199839], [-122.07096608097477, 37.0370140475997], [-122.07097498286826, 37.03700119179455], [-122.07099311307378, 37.03697071692219], [-122.07100287437004, 37.03694160614597], [-122.07101698343327, 37.03688251453362], [-122.07102330034287, 37.036833578697276], [-122.07102965314012, 37.03680037652645], [-122.07103579908527, 37.036767152363744], [-122.07103634361408, 37.03676540943483], [-122.07103668357989, 37.03676363245367], [-122.07103891668558, 37.036756632413706], [-122.07100376087577, 37.036727997609695], [-122.07094830646166, 37.036672941247645], [-122.07089985064829, 37.03661379239271], [-122.07085885996624, 37.03655112087901], [-122.07082572935765, 37.03648553014252], [-122.07080077763318, 37.036417651776745], [-122.07078424529452, 37.03634813974626], [-122.07077629147426, 37.03627766324156], [-122.07077699265578, 37.03620690107999], [-122.07078634208341, 37.036136534850534], [-122.07080424984696, 37.03606724206372], [-122.0708305432938, 37.035999690115574], [-122.0708649691359, 37.035934529543745], [-122.07090719611256, 37.035872387828974], [-122.0717288553668, 37.03479290853448], [-122.0717235568444, 37.03478043346164], [-122.07171925053592, 37.034768386837115], [-122.07171399995767, 37.03475658251374], [-122.07170709818762, 37.034734391903804], [-122.07169923943476, 37.03471240752912], [-122.07169642656804, 37.034700079812005], [-122.07169368083673, 37.034691251873916], [-122.07161120962921, 37.03470961721765], [-122.07152425557669, 37.034721781904274], [-122.07143623304677, 37.03472705512735], [-122.07134798955585, 37.034725386098636], [-122.07126037506765, 37.03471679084564], [-122.07117423333526, 37.0347013521438], [-122.07116183219313, 37.03469807824082], [-122.07115447419902, 37.034703424470486], [-122.07114702092632, 37.03470970660356], [-122.07112178646396, 37.03472717469173], [-122.07109708347218, 37.034745123327795], [-122.07108839710514, 37.03475028779627]], [[-122.07441971660221, 37.03797156519688], [-122.0744171179941, 37.03797251672864], [-122.07431261728469, 37.038005916954894], [-122.07429284364642, 37.03801135174433], [-122.07427344536644, 37.03801759901068], [-122.07425111648884, 37.03802282041434], [-122.07422911659997, 37.0380288670928], [-122.07420877327458, 37.03803272203813], [-122.07418870503886, 37.038037414818746], [-122.07416584736073, 37.038040856222736], [-122.07414321202708, 37.03804514550588], [-122.07412249376893, 37.038047383545624], [-122.07410194986915, 37.03805047657257], [-122.07398317829372, 37.03806356024313], [-122.07385248364349, 37.03808591397215], [-122.07371166860926, 37.038115393020156], [-122.07371140405691, 37.03811543737707], [-122.07371114724192, 37.038115501985835], [-122.07363716698896, 37.038130951440756], [-122.07350635632065, 37.03816740689548], [-122.07350222238026, 37.03816837958931], [-122.07349821186999, 37.03816964169633], [-122.07345987779435, 37.03817834258983], [-122.07342165698958, 37.03818733541902], [-122.07341742473136, 37.03818797841953], [-122.07341327846626, 37.038188919554976], [-122.07337406148073, 37.038194566868185], [-122.07333492879282, 37.03820051256071], [-122.07333063820651, 37.03820081996035], [-122.07332639689366, 37.038201430706756], [-122.07324539616636, 37.03820983072432], [-122.07322400353827, 37.038211197990684], [-122.07320272511355, 37.03821342860909], [-122.07318003413215, 37.03821400826397], [-122.073157403341, 37.038215454634404], [-122.07313594734116, 37.03821513441132], [-122.07311449787991, 37.03821568228796], [-122.07309184569816, 37.03821447609609], [-122.07308714231566, 37.03821440590867], [-122.07308494438091, 37.03821562014583], [-122.07305849295867, 37.038227348535266], [-122.07303250530155, 37.03823972847169], [-122.07296420489139, 37.03826872870631], [-122.0728842652637, 37.03829874162942], [-122.0728010410201, 37.03832232858701], [-122.07271533350512, 37.038339262461875], [-122.07262796813883, 37.03834938005631], [-122.07253978640775, 37.03835258410309], [-122.0724516376508, 37.03834884365204], [-122.07236437061815, 37.03833819463509], [-122.0723545178191, 37.038336184266896], [-122.07232636664303, 37.03836466198867], [-122.07231167536136, 37.03837811136027], [-122.0722978160076, 37.03839211745224], [-122.07220301611216, 37.03847881796714], [-122.07220160523744, 37.03847998723294], [-122.07221113950438, 37.03848108254118], [-122.07229687097787, 37.03849793872381], [-122.07238012886003, 37.03852145013384], [-122.07246011106086, 37.03855139038298], [-122.07253604750022, 37.03858747104794], [-122.07260720692807, 37.038629344788305], [-122.07267290385974, 37.038676608284774], [-122.07273250572179, 37.0387288063509], [-122.07278543853229, 37.03878543639394], [-122.07283119246772, 37.03884595296491], [-122.0728351571417, 37.03885258817703], [-122.07285214825941, 37.03884977886298], [-122.07293993286797, 37.038842346602245], [-122.07302820347508, 37.03884184789019], [-122.07311611009143, 37.03884828744314], [-122.07320280601151, 37.03886160330167], [-122.07328745635513, 37.038881667077455], [-122.07336924602726, 37.03890828581817], [-122.07344738735243, 37.03894120287805], [-122.0735211276768, 37.038980101492506], [-122.07358975698642, 37.039024607000506], [-122.07365261426959, 37.03907429067989], [-122.07378391439465, 37.039188789971824], [-122.07378603212129, 37.039190829075515], [-122.07378837142633, 37.03919270549282], [-122.07381426566965, 37.039218014545305], [-122.07384039451205, 37.039243173446714], [-122.07384225261971, 37.03924536907977], [-122.07384435131185, 37.03924742029293], [-122.07386702393595, 37.03927463922987], [-122.07388995323234, 37.03930173288771], [-122.07389153431734, 37.039304064452736], [-122.07389337172684, 37.03930627028958], [-122.07391260695523, 37.03933513935863], [-122.07393211343714, 37.03936390453663], [-122.07393340159115, 37.03936634865354], [-122.0739349607617, 37.039368688700414], [-122.0739777613659, 37.03944128836024], [-122.07397996261724, 37.03944555214736], [-122.0739826093665, 37.03944964967715], [-122.07399683559717, 37.03947823418404], [-122.07401151831797, 37.03950667406112], [-122.07401318777039, 37.03951109054134], [-122.07401532062072, 37.0395153760586], [-122.07402598364096, 37.039544941783575], [-122.07403711802316, 37.039574397338924], [-122.07403823933363, 37.03957892329794], [-122.07403983808756, 37.03958335617237], [-122.07404683498143, 37.03961361783125], [-122.0740543141463, 37.039643806003134], [-122.0740548767035, 37.03964839845153], [-122.07405592569364, 37.03965293538388], [-122.07407550593197, 37.03976921007584], [-122.07410740310556, 37.039777951949205], [-122.07418772939343, 37.039807296724284], [-122.07426408091642, 37.03984281173232], [-122.07433572251647, 37.03988415502131], [-122.07440196412797, 37.03993092847426], [-122.07446216781591, 37.039982681559366], [-122.07451575390482, 37.04003891588445], [-122.07454325311245, 37.040074538184996], [-122.07460792353457, 37.04004811046569], [-122.0746079624088, 37.040048094543636], [-122.07469246213373, 37.040013526539255], [-122.07471506878876, 37.04000330740452], [-122.0746420724081, 37.039872083764756], [-122.07461011989737, 37.039806117931406], [-122.07458638697217, 37.039737959085826], [-122.07457110211531, 37.03966826361483], [-122.07456441255462, 37.03959770277391], [-122.07456638265826, 37.03952695600421], [-122.07457699344937, 37.03945670470899], [-122.07459614268919, 37.03938762549378], [-122.07462364597106, 37.03932038350461], [-122.07465923836885, 37.03925562640163], [-122.07470257710364, 37.03919397780008], [-122.0747532448761, 37.03913603143726], [-122.07481075353725, 37.039082345252474], [-122.07487454932192, 37.03903343638036], [-122.07494401797395, 37.03898977578284], [-122.075018490309, 37.03895178387611], [-122.0750972491207, 37.03891982661878], [-122.07517953608559, 37.03889421169], [-122.0752540916003, 37.03887752813295], [-122.07480018537403, 37.03791368873502], [-122.07478929136738, 37.03788660193559], [-122.07477775073166, 37.03785969001288], [-122.07477597445863, 37.03785368822007], [-122.07477359703024, 37.037847819744286], [-122.07477339171537, 37.03784706889563], [-122.07477309788636, 37.03784633844959], [-122.0747655688278, 37.03781852828054], [-122.07475737346549, 37.037790837038216], [-122.07475633932309, 37.03778472285836], [-122.07475545388888, 37.037781485499345], [-122.07474352116084, 37.037791761660266], [-122.07471558173023, 37.037816130483115], [-122.0747134517865, 37.037817656536035], [-122.07471150441462, 37.03781933355579], [-122.07468054608533, 37.03784123259434], [-122.07464976520492, 37.037863286337526], [-122.07464745802821, 37.03786463820766], [-122.07464531584344, 37.037866153527276], [-122.07461183194054, 37.03788551288274], [-122.07457849976305, 37.03790504341695], [-122.07457603890988, 37.03790620722582], [-122.07457372130541, 37.03790754720475], [-122.07453802403236, 37.03792418569185], [-122.07450247202728, 37.03794099945261], [-122.07449988124519, 37.03794196411762], [-122.07449741041746, 37.03794311576821], [-122.07445985531048, 37.03795686741337], [-122.07442241404361, 37.03797080841835], [-122.07441971660221, 37.03797156519688]], [[-122.0760226168361, 37.04106790886311], [-122.07555983781481, 37.0412771067928], [-122.07554311012116, 37.04128382360685], [-122.07552688386923, 37.04129128780403], [-122.07552646845524, 37.04129145772678], [-122.0755347886445, 37.04129218671386], [-122.07562117925957, 37.04130673282237], [-122.07570537525461, 37.041327996792255], [-122.07578656591734, 37.041355773913686], [-122.0758639692921, 37.04138979669466], [-122.07593684001917, 37.04142973744573], [-122.07600447626689, 37.04147521148841], [-122.07606622665747, 37.04152578090456], [-122.07612149651311, 37.04158095873096], [-122.07616975353542, 37.04164021351017], [-122.076210533025, 37.0417029747391], [-122.07623668247906, 37.041755150338844], [-122.07651570860067, 37.04163278286629], [-122.07667426224715, 37.041483603749455], [-122.07664706219994, 37.0414635630599], [-122.07658188406572, 37.04145104104736], [-122.07649846908546, 37.04142788271576], [-122.07641828757298, 37.04139828165152], [-122.07634211163526, 37.04136252294711], [-122.07627067487454, 37.04132095097956], [-122.07620466523105, 37.041273966109365], [-122.07614471850619, 37.04122202093382], [-122.07609141200929, 37.041165615639954], [-122.07604525899153, 37.04110529336357], [-122.0760226168361, 37.04106790886311]], [[-122.07138031128653, 37.042032083934764], [-122.07143871184834, 37.04212715796542], [-122.0714559395101, 37.0421590658417], [-122.07147325062037, 37.042190983112135], [-122.07154762871414, 37.042348888467515], [-122.07164447625634, 37.042543937880374], [-122.07165723328723, 37.042573821074896], [-122.07167038744383, 37.042603606959], [-122.07173408922476, 37.04277400656751], [-122.0717408607186, 37.04279599061156], [-122.07174859794843, 37.04281776966027], [-122.0717514356749, 37.042830322816805], [-122.07175525038389, 37.042842707573165], [-122.07175930106858, 37.042865117153774], [-122.07176433823878, 37.04288739996308], [-122.07178133941166, 37.042991499889474], [-122.07178482892915, 37.04302592060889], [-122.07178841935558, 37.04306032886691], [-122.07179348279881, 37.043178398457854], [-122.07181633671206, 37.043276071366435], [-122.07181703126238, 37.04328012996181], [-122.07181816178256, 37.04328412364165], [-122.07182302761612, 37.04331517170774], [-122.0718283336259, 37.043346179138595], [-122.07182852848254, 37.043350272134134], [-122.07182916539514, 37.043354336047436], [-122.07182991969515, 37.04336228908366], [-122.0718918722555, 37.04335134062288], [-122.07180728840821, 37.0423677957808], [-122.07180722571456, 37.04236525161902], [-122.07180687431453, 37.042362720973024], [-122.0718012172924, 37.042289405837856], [-122.07179249641678, 37.042228179885036], [-122.07176854709326, 37.04212434053669], [-122.07175110037352, 37.042049700574275], [-122.07172513928917, 37.041992624366856], [-122.07172202363158, 37.04198733867507], [-122.0716485397185, 37.042006740239366], [-122.07156239087921, 37.04202218292569], [-122.07147476862946, 37.04203078218812], [-122.07138651690626, 37.04203245539026], [-122.07138031128653, 37.042032083934764]], [[-122.07191920325583, 37.04714402956352], [-122.07190689273571, 37.04713423479061], [-122.07185063412963, 37.04707970028561], [-122.07180131499739, 37.04702100833327], [-122.0717594105429, 37.046958724054136], [-122.07172532402039, 37.04689344734006], [-122.07169938388517, 37.04682580679219], [-122.07168183981554, 37.046756454010634], [-122.07167762150235, 37.04672338160329], [-122.07155712300889, 37.046776936561095], [-122.07153216980187, 37.04678677623212], [-122.07150768035395, 37.04679733578234], [-122.07149258523182, 37.04680238538294], [-122.07147790743123, 37.04680817316183], [-122.07145187087272, 37.04681600493444], [-122.07142620838368, 37.04682458950643], [-122.0713369225619, 37.046850411694805], [-122.07116213594445, 37.046912227639666], [-122.07114975504042, 37.046916036212366], [-122.07113773007285, 37.04692051695254], [-122.07110856530629, 37.04692870689211], [-122.07107971481967, 37.04693758173756], [-122.07106692855486, 37.04694039909964], [-122.07105441290531, 37.04694391365123], [-122.07082105626351, 37.04699930063896], [-122.07059331877699, 37.04706063618787], [-122.07057497771444, 37.04706478515921], [-122.07055695295621, 37.04706974813891], [-122.07034139848278, 37.04711976679723], [-122.07016366248081, 37.04717704356034], [-122.07012580960243, 37.04718754387214], [-122.07008807614943, 37.0471983200358], [-122.07001400937612, 37.04721624217575], [-122.06989916963411, 37.04725867132063], [-122.0698769698828, 37.04726583685283], [-122.06985519599802, 37.04727379471783], [-122.06966747131999, 37.04733366994208], [-122.0694241523451, 37.04741507561761], [-122.06922329181403, 37.04749197978626], [-122.06896929269328, 37.0476145783932], [-122.06881591295146, 37.04770189755211], [-122.06881134837366, 37.0477042348464], [-122.06880705061685, 37.047706878909004], [-122.06851564940878, 37.047868580101174], [-122.06851318860555, 37.047869806968606], [-122.06851087848528, 37.0478712093504], [-122.06847571070203, 37.047888492446994], [-122.06846938393643, 37.04789164680392], [-122.06848587422263, 37.04790712068637], [-122.06853635881748, 37.047965172695626], [-122.06857950158614, 37.04802691164769], [-122.06861488705923, 37.04809174287826], [-122.06864217434833, 37.048159041930255], [-122.06866110078047, 37.04822816089188], [-122.06867148396822, 37.048298433911235], [-122.0686732238603, 37.0483691843332], [-122.06866276549312, 37.04865444970699], [-122.06883261526106, 37.04888858556525], [-122.06903802151979, 37.04906626990128], [-122.06911199841704, 37.04909448976044], [-122.06913091740941, 37.04910264230876], [-122.06915032661875, 37.04911002070004], [-122.06922720686975, 37.049143043316754], [-122.06922072279369, 37.049125184964474], [-122.06921930431835, 37.049119110640774], [-122.0692172767627, 37.04911314745856], [-122.06921118548384, 37.04908434194893], [-122.0692044805241, 37.0490556287049], [-122.06920381168857, 37.049049472105544], [-122.0692025231162, 37.04904337842911], [-122.06919998358916, 37.049014233554665], [-122.06919682210119, 37.04898513130394], [-122.06919690937355, 37.04897895197242], [-122.06919637211415, 37.04897278621948], [-122.06919740877186, 37.04894358422145], [-122.06919782130471, 37.048914371647435], [-122.0691986639729, 37.04890822771866], [-122.0691988832422, 37.04890205068472], [-122.06920348567537, 37.04887307217806], [-122.06920746866368, 37.04884403121124], [-122.06920905844648, 37.04883798364506], [-122.06921003207611, 37.048831853002746], [-122.06921815618684, 37.04880337464161], [-122.0692256709755, 37.048774787477186], [-122.06922799266093, 37.04876889384371], [-122.06922971126072, 37.04876286928207], [-122.06924127901489, 37.0487351656508], [-122.06925225307657, 37.04870730718661], [-122.06925528403457, 37.04870162472719], [-122.0692577312682, 37.0486957638074], [-122.06927263190188, 37.048669100759724], [-122.06928695892891, 37.04864224030965], [-122.0692906700398, 37.048636823600525], [-122.0692938222731, 37.048631182924986], [-122.0693119120592, 37.0486058183034], [-122.06932945428886, 37.04858021339605], [-122.0693338098309, 37.0485751143475], [-122.06933763670754, 37.0485697484827], [-122.06935874069788, 37.04854592762527], [-122.06937932981441, 37.04852182383095], [-122.06938428803049, 37.048517091331234], [-122.06938875259317, 37.048512052087524], [-122.06941266542566, 37.0484900062119], [-122.06943610518758, 37.04846763382815], [-122.06944161919361, 37.048463313029515], [-122.06944667754577, 37.04845864954876], [-122.06947317072698, 37.04843858877846], [-122.06949923378679, 37.048418165419406], [-122.06950524874408, 37.048414299068064], [-122.06951085379576, 37.04841005496849], [-122.06953967590387, 37.04839217013754], [-122.06956810736442, 37.04837389499298], [-122.06968420694677, 37.04830649549318], [-122.06970001314757, 37.04829823576811], [-122.06971521600644, 37.048289276418274], [-122.06973696938323, 37.04827892375478], [-122.06975816230965, 37.04826784908582], [-122.06977490289107, 37.04826087072011], [-122.06979112759025, 37.04825314924681], [-122.06981404252718, 37.0482445553898], [-122.06983648735881, 37.048235199221814], [-122.06985400068653, 37.0482295697234], [-122.06987109147317, 37.04822316008059], [-122.06989494609556, 37.04821640811024], [-122.06991842773658, 37.04820886015675], [-122.06993654548084, 37.04820463364067], [-122.06995433730381, 37.04819959772107], [-122.06997890276368, 37.04819475245511], [-122.07000319429116, 37.04818908566147], [-122.07002174165028, 37.04818630294185], [-122.07004006366462, 37.048182689072135], [-122.0700651038032, 37.04817979706321], [-122.07008997087091, 37.04817606610886], [-122.07010876871644, 37.048174753994616], [-122.07012744484528, 37.0481725969399], [-122.07015271822111, 37.048171686131], [-122.07017792154086, 37.04816992681799], [-122.07019678900677, 37.048170097862766], [-122.070215639295, 37.04816941847666], [-122.07024090233865, 37.04817049768506], [-122.070266199479, 37.04817072695219], [-122.07028495564718, 37.04817237955774], [-122.07030379772725, 37.04817318443328], [-122.07032206394204, 37.048174687977316], [-122.07034767050392, 37.04816265029772], [-122.07038483105254, 37.04814509155818], [-122.07038574282664, 37.04814475238395], [-122.0703866093246, 37.048144345069446], [-122.07042578235146, 37.04812985910435], [-122.07046491212137, 37.048115304190496], [-122.07046586033427, 37.048115038495084], [-122.0704667730999, 37.04811470095054], [-122.07050752922719, 37.04810336226115], [-122.07054824989531, 37.04809195170849], [-122.07054922664848, 37.04809176168342], [-122.07055017574058, 37.04809149761675], [-122.07059211147416, 37.04808341760704], [-122.07063404208208, 37.04807525921041], [-122.07063503734285, 37.048075146850266], [-122.07063601407363, 37.04807495862712], [-122.070678719821, 37.04807021404049], [-122.07072146221199, 37.04806538742741], [-122.0707224670842, 37.048065353744136], [-122.07072346153451, 37.04806524326985], [-122.07083576051566, 37.04805724325159], [-122.07083685874078, 37.04805720840558], [-122.07083794798116, 37.04805708956859], [-122.07088096976548, 37.048055809131824], [-122.07092397491425, 37.04805444489897], [-122.07092507197326, 37.04805449648755], [-122.07092617062173, 37.0480544638074], [-122.0709691419082, 37.04805656960387], [-122.07101210669498, 37.048058590692165], [-122.07101319236003, 37.04805872827468], [-122.07101428950526, 37.048058782026466], [-122.07105679794849, 37.04806425388116], [-122.07109930721128, 37.048069640544476], [-122.07110037047941, 37.04806986268268], [-122.07110145611843, 37.048070002427544], [-122.07114308685436, 37.04807878688513], [-122.07118473660636, 37.048087488187356], [-122.07118576816794, 37.0480877929155], [-122.07118683096047, 37.04808801721259], [-122.07122717359596, 37.04810002605969], [-122.07126757224012, 37.04811196168701], [-122.07126856167196, 37.04811234612918], [-122.0712695918618, 37.04811265273881], [-122.07130827138843, 37.048127773161504], [-122.0713470164238, 37.04814282539755], [-122.07134795399053, 37.04814328560161], [-122.07134894171563, 37.04814367174244], [-122.07138557951212, 37.048161755023514], [-122.07142230392773, 37.048179782092824], [-122.07142318113192, 37.04818031402618], [-122.07142411643308, 37.04818077565415], [-122.07150581613719, 37.04822567526069], [-122.07150621409112, 37.048225917787946], [-122.07150663942514, 37.04822612825925], [-122.07154134074506, 37.0482473266381], [-122.07157609190254, 37.048268506557534], [-122.0715764584507, 37.048268779306184], [-122.07157685572822, 37.048269022008185], [-122.07160881375597, 37.04829285650429], [-122.07164079172242, 37.04831665292834], [-122.07164112263033, 37.048316952710394], [-122.07164148894857, 37.048317225907745], [-122.07167037212106, 37.04834345064239], [-122.07169929261448, 37.0483696505129], [-122.07169958588003, 37.04836997550995], [-122.0716999163353, 37.048370275558725], [-122.07172543873884, 37.048398626622], [-122.07175103108251, 37.04842698913401], [-122.07175128293188, 37.048427335260236], [-122.07175157541182, 37.04842766016087], [-122.07177354567285, 37.04845793180193], [-122.07178717785179, 37.04847666685652], [-122.07179031654638, 37.04845911099393], [-122.07181134572998, 37.048390383652155], [-122.07184067782178, 37.048323639361755], [-122.07187803046662, 37.04825952104153], [-122.07192304369208, 37.048198646033015], [-122.07197528413664, 37.04814160063524], [-122.07201192579734, 37.04810887284262], [-122.07201339684151, 37.04810465172204], [-122.0720233008553, 37.04807480153521], [-122.07202526819007, 37.04807058790219], [-122.07202677861765, 37.04806625387328], [-122.07204073747405, 37.04803745588092], [-122.07205424449452, 37.04800852653351], [-122.07205671766374, 37.048004487672415], [-122.0720587507733, 37.048000293212304], [-122.0720761633866, 37.047972731282236], [-122.07208409300905, 37.04795978164448], [-122.07207386148384, 37.04795189465465], [-122.07201653338828, 37.04789808010945], [-122.07196606200739, 37.047840020564564], [-122.07192293353158, 37.04777827527661], [-122.0718875630939, 37.04771343882155], [-122.07186029146413, 37.0476461355698], [-122.07184138118429, 37.04757701388678], [-122.07183101440516, 37.047506739174885], [-122.0718292909292, 37.047435988449564], [-122.07183622728854, 37.04736544303064], [-122.07185175671165, 37.047295782142115], [-122.07187572953535, 37.04722767687599], [-122.07190791497919, 37.04716178308535], [-122.07191920325583, 37.04714402956352]], [[-122.06513813275076, 37.04718518931519], [-122.0651476128384, 37.04718056771286], [-122.06557937930673, 37.046992693307146], [-122.06557945546044, 37.04699204940407], [-122.06558667402699, 37.046962384762246], [-122.06559336271327, 37.0469326365327], [-122.06559512262369, 37.04692766509692], [-122.06559635656576, 37.04692259414998], [-122.06560716766177, 37.04689363980379], [-122.06561746187039, 37.04686456005653], [-122.06561982096545, 37.04685975135549], [-122.0656216692251, 37.04685480125721], [-122.06563596946957, 37.046826834563106], [-122.06564976948074, 37.04679870473956], [-122.06565270538596, 37.04679410420755], [-122.06565514993635, 37.04678932349126], [-122.06567280083225, 37.046762615218675], [-122.06568997435016, 37.04673570478493], [-122.06569345839893, 37.046731357446056], [-122.0656964759673, 37.046726791448776], [-122.06587857750753, 37.04648119270065], [-122.06592735072022, 37.04642220854102], [-122.06595809430229, 37.04639195181592], [-122.06518232780053, 37.04646936425339], [-122.06509429282757, 37.04647464970459], [-122.06500603554778, 37.04647299298834], [-122.06491840583193, 37.04646440990722], [-122.06483224755495, 37.04644898328333], [-122.06480299386067, 37.04644126607946], [-122.06481113157493, 37.046504429948044], [-122.0648113165312, 37.04650718221655], [-122.06481181094458, 37.046509908350025], [-122.06481369009114, 37.04654249913421], [-122.06481588049111, 37.04657509165068], [-122.06481572807326, 37.04657784486526], [-122.06481588671696, 37.04658059701645], [-122.0648137711997, 37.04661318389349], [-122.06481196586513, 37.04664578619566], [-122.064811477524, 37.04664851368623], [-122.06481129892083, 37.04665126552252], [-122.06479490051326, 37.046780865668985], [-122.06479224875193, 37.04679491412732], [-122.06479063137247, 37.046809061330684], [-122.06478564930379, 37.04682987564506], [-122.06478169330639, 37.046850833528715], [-122.06477733640361, 37.04686460587573], [-122.0647739969207, 37.046878557960405], [-122.06476649367988, 37.04689888060437], [-122.06475999393867, 37.04691942668413], [-122.06475397400106, 37.04693279029407], [-122.06474894442125, 37.046946412932094], [-122.06473899200905, 37.046966048506846], [-122.06473001133648, 37.04698598469741], [-122.06472526838166, 37.046993962937705], [-122.06479733538632, 37.047132980739086], [-122.06481008988186, 37.04713400197627], [-122.0648472522767, 37.047136519493684], [-122.06485400296168, 37.04713751809816], [-122.06486083127457, 37.04713806481008], [-122.06489739429523, 37.04714393666386], [-122.06493406862485, 37.04714936156694], [-122.06494066307933, 37.04715088535419], [-122.06494739341592, 37.047151966181175], [-122.06499839287449, 37.04716226608204], [-122.06501945499956, 37.04716741286999], [-122.06504080763257, 37.04717172264776], [-122.06505848656957, 37.04717681283901], [-122.06507649478496, 37.04718109562226], [-122.06507961529663, 37.04718211383033], [-122.06508283838427, 37.04718290145665], [-122.06510316981179, 37.04718967824662], [-122.06511871368741, 37.04719415379324], [-122.06512825448405, 37.04718924034604], [-122.06513813275076, 37.04718518931519]], [[-122.07887237560337, 37.04978295765557], [-122.07888659905127, 37.04974738731244], [-122.07892165583105, 37.04968244109399], [-122.07896448586837, 37.04962056184535], [-122.07897777026893, 37.04960515318606], [-122.07891878892737, 37.04961248058359], [-122.07889018041465, 37.049614889832434], [-122.07886169041228, 37.04961808232239], [-122.07884630333825, 37.04961858490309], [-122.07883098681943, 37.049619874774336], [-122.07880222061328, 37.04962002476247], [-122.07877347816054, 37.0496209635657], [-122.07875810291539, 37.04962025483107], [-122.0787427032892, 37.04962033508359], [-122.0787140584253, 37.04961822437206], [-122.07868533848881, 37.04961690044626], [-122.07867012344204, 37.04961498704718], [-122.07865478860288, 37.049613857116846], [-122.07862654092628, 37.04960950632715], [-122.0785981200113, 37.04960593218628], [-122.0785314194684, 37.049594832084395], [-122.07849447436251, 37.049587150626024], [-122.07845741414658, 37.04957986578078], [-122.07845176292726, 37.049578270295875], [-122.07844596237757, 37.04957706422866], [-122.07841013614943, 37.049566517582235], [-122.07837414356291, 37.04955635570359], [-122.07836871455662, 37.04955432385913], [-122.07836308948791, 37.04955266790874], [-122.07835557700488, 37.04954975804571], [-122.0783419032191, 37.04954881251675], [-122.07831748930505, 37.0495479861786], [-122.07829795049226, 37.049545773135016], [-122.07827829036103, 37.04954441367579], [-122.07825426803034, 37.04954082558334], [-122.07824410510817, 37.049539674579684], [-122.07823088530242, 37.0495681144322], [-122.0781921009882, 37.04963168469377], [-122.07814572963625, 37.049691901716734], [-122.0780922178522, 37.04974818557482], [-122.0780320809502, 37.04979999428346], [-122.07796589794438, 37.049846828809194], [-122.07789430642666, 37.049888238168265], [-122.077817995657, 37.04992382351992], [-122.07773770077911, 37.049953242178134], [-122.0776541949092, 37.04997621079553], [-122.07756828235333, 37.04999250819555], [-122.0774807905976, 37.05000197738365], [-122.07729646957907, 37.05001458449816], [-122.07728841970454, 37.05001732705242], [-122.07727924554268, 37.05002003490092], [-122.07727035651001, 37.05002329635469], [-122.07701405454745, 37.05010539701229], [-122.07701292810421, 37.05010570743496], [-122.07701184303038, 37.05010610273108], [-122.07697118066194, 37.05011721046667], [-122.07693056416342, 37.050128401924916], [-122.07692940473363, 37.050128622400514], [-122.07692827696872, 37.050128930468446], [-122.07688646119105, 37.05013678838591], [-122.07684466252898, 37.05014473665219], [-122.07684348161003, 37.05014486501661], [-122.07684232164806, 37.0501450829633], [-122.07679974190103, 37.05014961828291], [-122.07675717691166, 37.0501542439325], [-122.07675598632844, 37.0501542788355], [-122.07675480510241, 37.050154404672725], [-122.07668821409585, 37.05015884628613], [-122.07654670893548, 37.050205068055845], [-122.07652400873909, 37.050211461043496], [-122.0765016886681, 37.050218660226086], [-122.07648238728294, 37.050223182752006], [-122.07646341479222, 37.050228525948505], [-122.07644004336723, 37.05023310448863], [-122.07641694918328, 37.05023851573523], [-122.07639718667372, 37.05024150019896], [-122.0763776531576, 37.05024532691037], [-122.0763538340469, 37.05024804731136], [-122.07633018962588, 37.050251618008986], [-122.07631015809191, 37.0502530354379], [-122.07629024989372, 37.050255309165], [-122.076266213178, 37.050256145093726], [-122.07624224554704, 37.0502578410432], [-122.07622213622764, 37.0502576778725], [-122.07620204671414, 37.05025837650367], [-122.07617802393942, 37.05025731993751], [-122.07615396395892, 37.05025712472779], [-122.07584118623245, 37.050242262863186], [-122.07584144019195, 37.05024325313971], [-122.07584511239968, 37.05027130365856], [-122.07584948098594, 37.050299287219445], [-122.07584971700902, 37.05030647747566], [-122.07585065354019, 37.05031363100326], [-122.07585087780545, 37.05034183322942], [-122.07585180347301, 37.05037002703788], [-122.07585115912842, 37.0503772013316], [-122.07585121631354, 37.05038439380014], [-122.07584961671986, 37.05041439381779], [-122.07584748753749, 37.05043293161735], [-122.07584643703727, 37.050451527847855], [-122.07584344352571, 37.050468142441304], [-122.07584152343158, 37.050484860134254], [-122.07583713758032, 37.05050314148157], [-122.07583381803073, 37.050521565534666], [-122.07582880708672, 37.05053786505512], [-122.07582485190233, 37.05055435127789], [-122.07581825131463, 37.05057220072519], [-122.07581269489557, 37.050590274553215], [-122.0758072448961, 37.050602632693504], [-122.07580806738524, 37.05060919320115], [-122.07580807655476, 37.050612897857924], [-122.07580849154233, 37.05061658818905], [-122.07580816410622, 37.050648273643255], [-122.07580818738501, 37.05065771466707], [-122.07583228277335, 37.05067669275414], [-122.07588888620428, 37.050730999371176], [-122.0759385760611, 37.05078949149583], [-122.0759808737874, 37.05085160563798], [-122.07601537220297, 37.05091674379816], [-122.07604173881559, 37.05098427863107], [-122.07605256329002, 37.051025985121925], [-122.07609059306748, 37.050988257077506], [-122.07615254108865, 37.050937837219124], [-122.07622035647222, 37.050892527008294], [-122.07629338616103, 37.05085276267689], [-122.07637092680459, 37.05081892715374], [-122.07645223166173, 37.050791346513236], [-122.07653651773245, 37.050770286064974], [-122.07662297342219, 37.050755948881495], [-122.07664024746865, 37.05075378638149], [-122.07682721782152, 37.05067487001345], [-122.07685128909415, 37.050665890155756], [-122.07687490576241, 37.05065616102496], [-122.0769547051888, 37.05062716132271], [-122.07697233670552, 37.050621572618844], [-122.07698954967375, 37.05061520130281], [-122.07701336114775, 37.05060856898736], [-122.0770368050994, 37.05060113786891], [-122.07705503556231, 37.050596961172936], [-122.07707294431754, 37.050591972962195], [-122.07709745349797, 37.05058724306027], [-122.07712169194382, 37.05058168986902], [-122.0771403441912, 37.05057896571678], [-122.07715877789607, 37.050575408227154], [-122.07718374772993, 37.05057262657751], [-122.07720854825251, 37.050569004399435], [-122.07722744428796, 37.05056775871796], [-122.07724622371568, 37.05056566661049], [-122.07731192310558, 37.050560966620225], [-122.07732828623021, 37.05056044262588], [-122.07734457682366, 37.05055910995742], [-122.07737236794273, 37.0505590310733], [-122.0774001391818, 37.050558141847084], [-122.07741648727533, 37.0505589059186], [-122.07743286272425, 37.05055885947881], [-122.0774605315914, 37.05056096453392], [-122.07748827592127, 37.05056226125038], [-122.07750445062297, 37.050564305846585], [-122.07752075415515, 37.050565546219126], [-122.07754803314205, 37.0505698150145], [-122.07757548452949, 37.0505732850589], [-122.07759133178412, 37.050576590683825], [-122.07760740464342, 37.05057910581773], [-122.07763402952625, 37.05058549699875], [-122.07766092522351, 37.05059110714047], [-122.07767629191427, 37.05059564177641], [-122.07769197976346, 37.05059940757677], [-122.07771769544331, 37.05060785984926], [-122.07774377509257, 37.05061555587433], [-122.07775851296678, 37.05062127582357], [-122.07777366510132, 37.05062625605512], [-122.07783356465677, 37.050648755863186], [-122.0778398909886, 37.05065144317674], [-122.07784646978034, 37.05065370410575], [-122.07787888034862, 37.05066800512734], [-122.07791157348589, 37.05068189251928], [-122.07791753961064, 37.05068506333579], [-122.07792381144857, 37.050687830716605], [-122.07795432003633, 37.05070461084566], [-122.07798515457598, 37.050720998235086], [-122.07799070451368, 37.05072462264424], [-122.07799660742427, 37.05072786931431], [-122.07802491508109, 37.05074696406856], [-122.07804974834094, 37.05076318139779], [-122.07831950249746, 37.05064249734078], [-122.07836740898266, 37.05062015499082], [-122.07836753316904, 37.050619845602554], [-122.07837467539414, 37.05059933161433], [-122.07838104434917, 37.05058618230046], [-122.07838643364984, 37.05057275486441], [-122.07845083493267, 37.05043575533092], [-122.07846366654441, 37.05041205436366], [-122.07847570984787, 37.050388089289704], [-122.07848123078432, 37.05037961193459], [-122.07848597998606, 37.05037083968472], [-122.07850164739185, 37.050348261985384], [-122.07851656402234, 37.05032535737228], [-122.07852309540458, 37.05031735415972], [-122.07852889410594, 37.050308997764745], [-122.07854724713998, 37.05028775949227], [-122.07856489271057, 37.05026613722261], [-122.07857237072885, 37.050258686168], [-122.07857916387466, 37.05025082506342], [-122.0786000260879, 37.05023113054421], [-122.07862023039786, 37.050210999049185], [-122.07863742494055, 37.05019549072739], [-122.07863825961819, 37.05018610422928], [-122.07865313803504, 37.05011635203], [-122.07867647452939, 37.05004810469668], [-122.07870804431548, 37.04998201931408], [-122.07874754346264, 37.0499187324299], [-122.07879459133729, 37.04985885349376], [-122.07884873505857, 37.04980295912325], [-122.07887237560337, 37.04978295765557]], [[-122.08117540948233, 37.05102690409827], [-122.08117535666914, 37.051026928477796], [-122.08047855217048, 37.05131293079121], [-122.08047853929345, 37.05131293546882], [-122.08047852753222, 37.05131294087623], [-122.08031761018358, 37.051378983194944], [-122.08020482573862, 37.05143160099839], [-122.08043595117768, 37.051747011836326], [-122.08045049633621, 37.05176929792572], [-122.0804658277375, 37.051791247484516], [-122.08047094978659, 37.05180063662922], [-122.08047687474276, 37.05180971497384], [-122.08048862488606, 37.05183303709971], [-122.0805011978592, 37.051856084815185], [-122.08050514668332, 37.05186583047363], [-122.08050993338277, 37.05187533122504], [-122.08051877537221, 37.051899465325484], [-122.08052846888843, 37.051923388606866], [-122.08053120670637, 37.0519333968313], [-122.08053480879019, 37.05194322858934], [-122.08054065713662, 37.05196794252333], [-122.08054737804041, 37.051992510792665], [-122.08054887889757, 37.05200268610426], [-122.08055126118911, 37.0520127534088], [-122.08055405895722, 37.05203780660264], [-122.08055774326282, 37.052062785721574], [-122.08055799247782, 37.05207303038497], [-122.08055913219374, 37.052083235888574], [-122.08055885280737, 37.05210838818353], [-122.08055946462147, 37.05213353656888], [-122.08055845990641, 37.05214375096142], [-122.08055834607175, 37.05215399731783], [-122.08055499198467, 37.052179007337216], [-122.08055252557153, 37.052204081926234], [-122.08055027653778, 37.05221416822992], [-122.08054891023171, 37.05222435638318], [-122.08054251369978, 37.052248982800364], [-122.08053699287818, 37.05227374247142], [-122.08053352127672, 37.05228360341272], [-122.08053091560109, 37.052293635211065], [-122.08052153876481, 37.05231763927414], [-122.0805130162032, 37.05234184736509], [-122.08050835499246, 37.05235138891207], [-122.08050453541264, 37.052361166840164], [-122.0804922687714, 37.0523843176783], [-122.0804829653637, 37.05240336188689], [-122.08070342529717, 37.05231480557437], [-122.08105295232004, 37.052097665655275], [-122.081072040834, 37.05208696603863], [-122.08109048884535, 37.052075568819376], [-122.08110819435036, 37.05206670122194], [-122.08112530362787, 37.05205711103606], [-122.08114560791549, 37.0520479629448], [-122.081165361571, 37.052038069541695], [-122.08191335726649, 37.0517031722512], [-122.08192680971115, 37.05169782557669], [-122.08193980451489, 37.05169179065319], [-122.08196633939941, 37.051682114551085], [-122.08199245449481, 37.05167173507467], [-122.08200649758959, 37.051667470499034], [-122.08202016630756, 37.051662486138824], [-122.08256628121394, 37.05148872637749], [-122.08255650574597, 37.05148505183473], [-122.08253512480516, 37.05147485611455], [-122.08251321860182, 37.05146540440258], [-122.08249721043454, 37.0514567763046], [-122.08248063104546, 37.05144887022721], [-122.0824605997291, 37.05143704374738], [-122.08243995506835, 37.05142591660616], [-122.08242507875548, 37.05141607215597], [-122.08240954643894, 37.05140690183705], [-122.08239105860463, 37.05139355904535], [-122.08237187326188, 37.05138086311068], [-122.08231987327474, 37.051342862887694], [-122.08231074589713, 37.05133550380487], [-122.08230100456171, 37.05132867044762], [-122.08227964134161, 37.051310425378425], [-122.0822576289763, 37.05129267763544], [-122.08224944538625, 37.051284636816675], [-122.0822405867063, 37.051277071132354], [-122.08222155668477, 37.05125723455767], [-122.08220182168182, 37.05123784385825], [-122.08219466101573, 37.051229198987144], [-122.08218677003609, 37.05122097365717], [-122.08217025747032, 37.05119973774272], [-122.08215298866408, 37.05117888970774], [-122.08214691975515, 37.051169724157106], [-122.08214007255805, 37.051160918283635], [-122.08212623614845, 37.051138486715494], [-122.08211160036058, 37.05111638302058], [-122.08210668163709, 37.05110678495019], [-122.08210094411407, 37.05109748332544], [-122.08206894464209, 37.0510384830745], [-122.08206791627843, 37.051036299851], [-122.08206664307563, 37.051034201628255], [-122.08205232855401, 37.051003205635325], [-122.08203776207675, 37.050972279532765], [-122.08203700570455, 37.050970026030996], [-122.08203599517064, 37.05096783789732], [-122.08202553885225, 37.05093586281537], [-122.0820148256662, 37.05090394505701], [-122.08201434866433, 37.050901643508766], [-122.08201361033655, 37.05089938590986], [-122.08200711398379, 37.05086674026766], [-122.08200035621007, 37.050834137582], [-122.08200016293097, 37.05083180938433], [-122.08199970429625, 37.050829504913345], [-122.08199723191669, 37.05079651317198], [-122.08199449302303, 37.05076352946372], [-122.08199458533757, 37.050761196625395], [-122.08199441084663, 37.05075886785194], [-122.08199598492897, 37.050725837474424], [-122.0819972926677, 37.05069280070891], [-122.08199766960833, 37.05069048747016], [-122.08199778080989, 37.050688155138516], [-122.0820000800144, 37.05067472390395], [-122.0819203969392, 37.05071649268353], [-122.08191745214215, 37.05071787590237], [-122.08191467566913, 37.050719466935305], [-122.08187937221905, 37.050735762767104], [-122.081844226221, 37.05075227145635], [-122.08184112684573, 37.050753416497976], [-122.08183816876463, 37.05075478194452], [-122.08117546460373, 37.051026884153494], [-122.08117540948233, 37.05102690409827]], [[-122.07589398328065, 37.05165712214315], [-122.07588767097357, 37.05166679027179], [-122.07587396573454, 37.051683546047435], [-122.07586116255477, 37.051700755583816], [-122.07584977655857, 37.05171311931129], [-122.07583926511455, 37.05172597029834], [-122.07582357656186, 37.05174156890047], [-122.07580873064832, 37.05175768948719], [-122.07579588733712, 37.05176909925906], [-122.07578385513506, 37.05178106241004], [-122.07576633455444, 37.05179535330858], [-122.07574958869904, 37.05181023002264], [-122.07573541244389, 37.051820575482644], [-122.07572853289818, 37.051826186837104], [-122.075925568472, 37.05173258834545], [-122.07591708647392, 37.05171652453922], [-122.07589398328065, 37.05165712214315]], [[-122.07736936958908, 37.05609494231522], [-122.0773574875898, 37.05610049150408], [-122.07737684274245, 37.05612748336675], [-122.07766640072246, 37.055991200972024], [-122.07768110972614, 37.055985035088945], [-122.07769531941841, 37.055978158892984], [-122.07772020557276, 37.05596864644375], [-122.07774463830722, 37.05595840438462], [-122.07776003036867, 37.05595342373762], [-122.07777501274028, 37.05594769687773], [-122.07780094367527, 37.055940184813004], [-122.0778265100811, 37.05593191191965], [-122.07783719258649, 37.05592939838532], [-122.0777946264124, 37.05591334999474], [-122.07736936958908, 37.05609494231522]], [[-122.07831305645661, 37.05955792096443], [-122.07831395514918, 37.05955941544041], [-122.07831661467361, 37.05956300628683], [-122.07840361569819, 37.05969480573734], [-122.07840383211234, 37.059695176452585], [-122.07840409205598, 37.05969552839632], [-122.07844836546536, 37.059762782959126], [-122.07849607644992, 37.059835044003755], [-122.07851237799692, 37.05986296788666], [-122.0785291201963, 37.059890727078965], [-122.07856314342249, 37.05995501180674], [-122.07850631547981, 37.059785184542555], [-122.07845556347095, 37.05968357493623], [-122.07836331974546, 37.05956154807871], [-122.07833218538187, 37.05952801181711], [-122.07831305645661, 37.05955792096443]], [[-122.08286883418235, 37.06114529439624], [-122.08286962611879, 37.06128949748676], [-122.08291084359617, 37.06140784021074], [-122.08291871797469, 37.06143565416857], [-122.08292725250966, 37.061463344419394], [-122.08292848322012, 37.06147014716821], [-122.0829303809888, 37.06147685042153], [-122.08293481563835, 37.06150514923963], [-122.08293992241374, 37.06153337636427], [-122.08294031519311, 37.06154024312424], [-122.0829413839572, 37.06154706309953], [-122.08294233614971, 37.06157557395485], [-122.0829439660116, 37.06160406634239], [-122.08294390144496, 37.06161985786008], [-122.08295132957196, 37.06162117986489], [-122.08298122425353, 37.0616290316123], [-122.08301138199802, 37.06163620338533], [-122.08302315604263, 37.06164004495817], [-122.08303523765832, 37.061643218174495], [-122.083037780413, 37.06164411570625], [-122.08303766343046, 37.06164206041732], [-122.08303776783644, 37.06161820085102], [-122.08303691975722, 37.061594353391754], [-122.08304440779158, 37.06130301514106], [-122.0830443599638, 37.061301923894945], [-122.08302893389879, 37.061292230045595], [-122.0829651239993, 37.061243317410636], [-122.08290760375564, 37.06118962780597], [-122.08286883418235, 37.06114529439624]], [[-122.08554934588035, 37.07167761323158], [-122.08554544209835, 37.07167668488776], [-122.08553130185784, 37.07167207129669], [-122.08551682260133, 37.07166819513972], [-122.0854904309465, 37.071658735979945], [-122.08546365153597, 37.07164999846019], [-122.08545014420224, 37.07164429661142], [-122.08543620822454, 37.071639301759355], [-122.08541109994604, 37.07162781486249], [-122.08538551915386, 37.07161701650196], [-122.08537277411232, 37.07161028111798], [-122.08535951650094, 37.07160421584708], [-122.08533593504536, 37.071590812703384], [-122.08531179754246, 37.07157805670883], [-122.08529993764394, 37.07157035264779], [-122.0852874859396, 37.07156327536226], [-122.0852656564433, 37.0715480839069], [-122.08524319663917, 37.07153349413856], [-122.08523233674093, 37.07152489611258], [-122.08522081015971, 37.071516874527155], [-122.08520094447677, 37.07150004197332], [-122.08518037701485, 37.071483758184215], [-122.08517062074878, 37.07147434821041], [-122.08516013129613, 37.07146546026029], [-122.08514242040263, 37.07144714862351], [-122.08512394374543, 37.07142932765876], [-122.08511538563465, 37.07141919678816], [-122.08510603386463, 37.07140952780196], [-122.08509064798197, 37.071389912999514], [-122.08507444038464, 37.071370726872196], [-122.08506716294504, 37.071359973003986], [-122.08506367747447, 37.0713555294351], [-122.08504699874275, 37.07146593292183], [-122.08505029482836, 37.07159495937804], [-122.08507902320005, 37.07174842770489], [-122.08559885125086, 37.07174590253767], [-122.08559447828029, 37.071740990985674], [-122.08558242428154, 37.07172418050127], [-122.08556945116656, 37.07170781579292], [-122.08556043945921, 37.07169352041277], [-122.08555048207894, 37.07167963391735], [-122.08554934588035, 37.07167761323158]], [[-122.08159959454358, 37.07193339160554], [-122.08125066876363, 37.071783886952595], [-122.08117492927556, 37.07174749697869], [-122.08110400576474, 37.0717053335733], [-122.08103858145033, 37.07165780271097], [-122.08099786037718, 37.07162178904744], [-122.08097982473953, 37.071627680927094], [-122.08089517460326, 37.07164784416706], [-122.08080846569408, 37.07166126162811], [-122.08072053292909, 37.07166780420657], [-122.08063222336702, 37.071667408787626], [-122.0806214230312, 37.07166650758872], [-122.08062578549652, 37.07169050710781], [-122.08062642829239, 37.07170158470826], [-122.08062800141799, 37.07171260434894], [-122.08062847830784, 37.07173691213412], [-122.08062988738156, 37.07176119478476], [-122.08062985558769, 37.07177089152939], [-122.08063646834275, 37.07177207089025], [-122.08072037467434, 37.071794140775694], [-122.08080117744473, 37.07182269438699], [-122.08087809839621, 37.07185745681179], [-122.08095039677367, 37.07189809330663], [-122.08101737637213, 37.07194421250605], [-122.08107839212705, 37.07199537025906], [-122.08113285647467, 37.07205107391461], [-122.08118024480686, 37.072110787050626], [-122.08122010069735, 37.072173934561945], [-122.08124750560933, 37.072230541321765], [-122.08149477191483, 37.072231217950666], [-122.08152015618212, 37.072232286815115], [-122.08154557442049, 37.072232507088835], [-122.08156422459425, 37.072234142336676], [-122.08158296180733, 37.07223493130012], [-122.08160809395996, 37.072237988845345], [-122.08163336214794, 37.07224020435913], [-122.08165172398394, 37.072243296817405], [-122.08167027296393, 37.07224555341136], [-122.08169490802494, 37.07225056961749], [-122.08171978546362, 37.07225475939859], [-122.08173768057752, 37.072259279112465], [-122.08175586430248, 37.072262981685455], [-122.08177976841698, 37.07226990904214], [-122.08180401239744, 37.072276032181975], [-122.08198976603646, 37.07233111185301], [-122.08213049090575, 37.07234565492978], [-122.08219771672154, 37.072345703011806], [-122.08200663662525, 37.07219362487488], [-122.08159959454358, 37.07193339160554]], [[-122.09043906629557, 37.08644805755068], [-122.09073539263491, 37.08634492781914], [-122.09046011313409, 37.08631747409272], [-122.09045215453959, 37.086365284255734], [-122.09043906629557, 37.08644805755068]], [[-122.09366958260875, 37.08899099022174], [-122.09364438323043, 37.088985853273726], [-122.09364454746213, 37.08898593249992], [-122.09364919811921, 37.08898775723069], [-122.0936759972651, 37.088999612267415], [-122.09366958260875, 37.08899099022174]], [[-122.08425448078285, 37.08234861675267], [-122.08424089498999, 37.0823497185482], [-122.08415257189571, 37.08234991004148], [-122.08410690448595, 37.08234640634152], [-122.08403771987652, 37.08237336034211], [-122.08404096871821, 37.08237447567648], [-122.08407247920113, 37.082384621270464], [-122.08408154462869, 37.08238840522793], [-122.08409094023514, 37.0823916307042], [-122.08418630303582, 37.082428906443525], [-122.0842231166611, 37.08238140803066], [-122.08425448078285, 37.08234861675267]], [[-122.07520001999033, 37.05206705996296], [-122.07519973333282, 37.052067124071456], [-122.07518075016546, 37.05207226379852], [-122.07515723831614, 37.05207662843518], [-122.07513399243311, 37.052081827495876], [-122.07511425819942, 37.05208460698329], [-122.07509473864691, 37.05208823041178], [-122.07507080714772, 37.052090726757484], [-122.0750470365922, 37.052094074646256], [-122.07502705670814, 37.05209529034356], [-122.07502407121034, 37.05209560175558], [-122.07502292928703, 37.05214577465279], [-122.07520001999033, 37.05206705996296]], [[-122.06257439341468, 37.04982717348939], [-122.06256455649502, 37.049845488504324], [-122.06252186670795, 37.04990742974037], [-122.06250722100677, 37.04992448336575], [-122.06253150095876, 37.04998208192628], [-122.06255142683021, 37.05005102005468], [-122.06256282663155, 37.05012119170811], [-122.06256559056871, 37.050191921141604], [-122.06255969179796, 37.050262527044154], [-122.06254518724008, 37.0503323295761], [-122.06252221649416, 37.05040065649012], [-122.06250807511799, 37.05043064353781], [-122.06259169441476, 37.050440212068956], [-122.06267745047785, 37.05045703144529], [-122.06276073686044, 37.05048050712079], [-122.06284075137306, 37.05051041300171], [-122.062916723623, 37.05054646105063], [-122.06298792195115, 37.05058830413527], [-122.06305366058834, 37.05063553932962], [-122.06311330646776, 37.05068771175327], [-122.06316628524512, 37.05074431885504], [-122.06321208663319, 37.050804815592635], [-122.06321910310389, 37.05081654009835], [-122.0632741232287, 37.0508002483303], [-122.0633595392012, 37.05078235037049], [-122.06344673249406, 37.050771249159574], [-122.06353486342553, 37.05076705146171], [-122.06362308345732, 37.050769797810645], [-122.06365520971488, 37.05077334763535], [-122.06387770640318, 37.05063112131192], [-122.06356350551953, 37.05052501631908], [-122.06353682744117, 37.05051474409577], [-122.06350974652479, 37.05050516853488], [-122.06349705776096, 37.05049943090793], [-122.0634839255217, 37.05049437439342], [-122.06345863046573, 37.05048205480954], [-122.06343285268561, 37.05047039853683], [-122.06327125195924, 37.05038869790076], [-122.06324471190828, 37.05037377240296], [-122.06321769702498, 37.05035940805826], [-122.06320915335121, 37.05035382599418], [-122.06320011994438, 37.05034876314569], [-122.06319957205402, 37.05034838690062], [-122.06319898044373, 37.0503480542086], [-122.06317439284504, 37.05033111514763], [-122.06314926522167, 37.05031469787506], [-122.06314144461719, 37.05030847088443], [-122.06313307460356, 37.05030272324668], [-122.06293557445167, 37.05015302225589], [-122.06290624427776, 37.05012849607535], [-122.06287679412533, 37.050104061603925], [-122.06257439341468, 37.04982717348939]], [[-122.06565371676673, 37.051240148378184], [-122.0655835210351, 37.05132348535951], [-122.06557347886721, 37.05133423029395], [-122.06556427203081, 37.0513454453083], [-122.06554702835427, 37.05136253157524], [-122.06553058923508, 37.05138012093994], [-122.06551928160103, 37.05139002498881], [-122.06550874745004, 37.05140046290053], [-122.0654894963808, 37.051416112826246], [-122.0654709862741, 37.051432325291756], [-122.06545852219372, 37.05144129304235], [-122.06544676205054, 37.05145085333018], [-122.06524536179784, 37.051599254316876], [-122.06522111577064, 37.051615434344775], [-122.065197445687, 37.05163215226564], [-122.06508618028107, 37.05170327743286], [-122.06508672553477, 37.05170777548897], [-122.06508668737665, 37.05173084350533], [-122.06508763316224, 37.05175390115792], [-122.06508662894323, 37.05176620765558], [-122.06508660856755, 37.05177853948427], [-122.06508374956861, 37.051801493957115], [-122.0650818711021, 37.05182451438805], [-122.06507936687316, 37.05183668250695], [-122.0650778384504, 37.051848953594394], [-122.06507218605995, 37.05187157317497], [-122.06506750156973, 37.051894334962725], [-122.06506352148602, 37.051906247169676], [-122.06506049972877, 37.051918339637886], [-122.06505695124785, 37.05192963048447], [-122.06505153674195, 37.0519732668612], [-122.06504725925811, 37.05199622881175], [-122.06504395161635, 37.05201929404453], [-122.06504074382447, 37.05203120431469], [-122.06503849889668, 37.0520432551303], [-122.0650314341115, 37.052065770010785], [-122.06502532169627, 37.052088464744955], [-122.06502323112267, 37.05209368144648], [-122.06504465394592, 37.05209119944821], [-122.0650838932658, 37.05208633555822], [-122.06541269018972, 37.052058735818676], [-122.0654210026408, 37.05205836728152], [-122.06542925253025, 37.05205746948855], [-122.06546506359547, 37.05205641356819], [-122.06550084337817, 37.05205482709581], [-122.06550916084468, 37.05205511337032], [-122.06551748089392, 37.05205486801774], [-122.06585177763374, 37.052058167984896], [-122.06588033931779, 37.05205957535281], [-122.06590894354729, 37.05206019089684], [-122.06592437513737, 37.05206174527476], [-122.06593989928864, 37.052062510210554], [-122.06596815026683, 37.05206615455379], [-122.06599654255653, 37.052069014341015], [-122.06632213966932, 37.05211491388014], [-122.06635810440496, 37.05212145645608], [-122.06639419913112, 37.05212753266726], [-122.06676059595989, 37.052204431940645], [-122.0667829128586, 37.05221006693592], [-122.0668055295352, 37.052214870308134], [-122.06682499042063, 37.05222069159308], [-122.06684480445134, 37.05222569465589], [-122.06686632558133, 37.052233056050625], [-122.06688824512572, 37.05223961282907], [-122.06689160201981, 37.052240770403316], [-122.06689145499831, 37.05223921162427], [-122.06689175664101, 37.05222857384822], [-122.06689114678464, 37.05221794440653], [-122.0668927592773, 37.05219321784283], [-122.06689346113399, 37.05216846581762], [-122.06689506214664, 37.052157903253146], [-122.06689575513212, 37.052147276757914], [-122.06690038342695, 37.0521227971928], [-122.06690410896273, 37.05209821822295], [-122.06690699427755, 37.05208783143783], [-122.06690898321075, 37.05207731140568], [-122.06691658246717, 37.05205331438244], [-122.06692329615845, 37.05202914543654], [-122.06692743777376, 37.052019035076874], [-122.06693070364906, 37.05200872222468], [-122.06694120098167, 37.05198543756684], [-122.06695083787749, 37.05196191258708], [-122.06697773839157, 37.05190571280543], [-122.06698449621602, 37.05189343315416], [-122.06699030782904, 37.05188084652464], [-122.06706976532415, 37.05173168942133], [-122.06706737583393, 37.051731221911645], [-122.06703258516798, 37.051722946374596], [-122.06699761904675, 37.05171515953972], [-122.06699027987244, 37.051712883466976], [-122.06698273675457, 37.051711089211665], [-122.06694912697424, 37.05170012080504], [-122.0669152802088, 37.05168962394124], [-122.06565371676673, 37.051240148378184]], [[-122.05547145418687, 37.07209855707205], [-122.05549343649422, 37.07194959633673], [-122.05547660801653, 37.07195161513125], [-122.055388409354, 37.07195518236835], [-122.05530019918868, 37.07195180507636], [-122.05529751175152, 37.071951488642895], [-122.05535361874212, 37.0719898051625], [-122.0554148928781, 37.07204076381392], [-122.05546963868032, 37.07209628965923], [-122.05547145418687, 37.07209855707205]], [[-122.0589751034723, 37.07441985056991], [-122.05897301791558, 37.0744190044657], [-122.05858528415197, 37.07435808199551], [-122.05825825477055, 37.074320589165325], [-122.05824098795173, 37.07432824275245], [-122.05820935812868, 37.07434283247917], [-122.05814525772158, 37.074369132654866], [-122.05812678047913, 37.074375818336506], [-122.05810877285855, 37.074383280513366], [-122.05808656116118, 37.07439037082451], [-122.05806476970135, 37.074398255626065], [-122.05804556371426, 37.07440345784541], [-122.05802672996607, 37.07440946985947], [-122.05800375830287, 37.074414781429695], [-122.05798110684285, 37.07442091689261], [-122.0579613560991, 37.07442458582003], [-122.0579418784027, 37.07442908944422], [-122.05791836745058, 37.07443257129306], [-122.0578950746326, 37.07443689812781], [-122.05787497160937, 37.07443899797326], [-122.05785503532877, 37.074441950420166], [-122.05769633386416, 37.074459050560506], [-122.05768880722113, 37.074459561885924], [-122.05768135867876, 37.074460561758166], [-122.05764482764158, 37.074462549697635], [-122.0576083357467, 37.07446502883821], [-122.05760078258788, 37.07446494655706], [-122.05759324786024, 37.07446535658517], [-122.05743994635094, 37.07446765659979], [-122.05743707790839, 37.074467586750444], [-122.0574342122522, 37.074467728030584], [-122.05739294992838, 37.074466512761724], [-122.05735167318669, 37.07446550811077], [-122.05734882541762, 37.074465213164245], [-122.05734595805592, 37.07446512871864], [-122.05730504806192, 37.07446067920925], [-122.05726408803372, 37.07445643697016], [-122.0572612911626, 37.07445591996109], [-122.05725844672237, 37.0744556106165], [-122.0571163497153, 37.07443442050665], [-122.05707621365741, 37.07446176351855], [-122.05704779944116, 37.07447927117477], [-122.05701979412915, 37.07449719698869], [-122.05693329385504, 37.07454719742865], [-122.05692341384089, 37.07455233732976], [-122.05691402078925, 37.07455803365918], [-122.05687028051126, 37.07458194840798], [-122.05797734036561, 37.075865822540294], [-122.05831782807897, 37.07547362895685], [-122.05833544684424, 37.075455321018545], [-122.0583522783221, 37.0754365421561], [-122.05836239731808, 37.07542731628478], [-122.0583717568393, 37.07541759059694], [-122.0583915305931, 37.0754007542552], [-122.05841057786122, 37.07538338806959], [-122.05842177576378, 37.07537500202783], [-122.05843228084048, 37.07536605747702], [-122.05845402073157, 37.0753508539317], [-122.05847509890255, 37.075335068595024], [-122.05848726829728, 37.07532760265423], [-122.05849881728508, 37.075319525957546], [-122.05852231144915, 37.07530610351624], [-122.05854521988718, 37.07529204904772], [-122.05855824481189, 37.07528557430742], [-122.0585707253679, 37.0752784440747], [-122.05859574676364, 37.075266932175694], [-122.05862026566886, 37.075254743749866], [-122.05863402059094, 37.075249322940955], [-122.05864731262622, 37.075243207444736], [-122.05867362174276, 37.07523371604769], [-122.05869951352543, 37.075223512022426], [-122.05871386494006, 37.07521919762696], [-122.0587278413992, 37.07521415543979], [-122.05875518478119, 37.07520677600563], [-122.05878220017804, 37.07519865454548], [-122.05879701032909, 37.07519548810514], [-122.05881153618098, 37.07519156782118], [-122.05883965174205, 37.075186371191116], [-122.05886752935945, 37.07518041080463], [-122.05888265455296, 37.07517842281732], [-122.05889759107744, 37.07517566209484], [-122.05892620753743, 37.07517269848593], [-122.05895467938404, 37.07516895635701], [-122.0589699751681, 37.07516816586724], [-122.05898517725495, 37.075166591497485], [-122.0590140177491, 37.075165889720104], [-122.05904281092388, 37.07516440163135], [-122.05905813062613, 37.07516481621866], [-122.0590734511708, 37.07516444343952], [-122.05910223809747, 37.07516601003446], [-122.05913107535063, 37.075166790461765], [-122.05914626974165, 37.07516840614798], [-122.05916156291048, 37.075169238399575], [-122.0591900197215, 37.075173058373416], [-122.05921862238779, 37.07517609978814], [-122.0592335472152, 37.07517890127737], [-122.05924866371741, 37.075180930434904], [-122.0592765145893, 37.07518696653624], [-122.05929987430852, 37.07519135125292], [-122.05929260540526, 37.075132858939156], [-122.05929255495691, 37.07509522787552], [-122.05928685513072, 37.07509116459415], [-122.05927616759725, 37.07508188943881], [-122.05926476994924, 37.07507317301523], [-122.05924622878076, 37.07505590722581], [-122.05922694578385, 37.07503917251193], [-122.05921744401027, 37.07502910234944], [-122.05920716792646, 37.07501953308045], [-122.05919082919722, 37.07500089542823], [-122.05917368507174, 37.074982725700444], [-122.05916546066915, 37.07497195743835], [-122.05915640490743, 37.07496162742058], [-122.05914242380905, 37.074941795002324], [-122.05912758600635, 37.07492236754473], [-122.05912071901112, 37.074911006111236], [-122.05911296987607, 37.07490001374242], [-122.05907007044468, 37.07483151346978], [-122.05905690767135, 37.07480764025625], [-122.05904297966607, 37.074784043648485], [-122.05903907050883, 37.07477528908384], [-122.0590343816967, 37.074766785141684], [-122.05902420255248, 37.07474199300412], [-122.0590132282209, 37.074717416210355], [-122.05901040882597, 37.07470839689688], [-122.05900678287605, 37.074699565615624], [-122.05899968499598, 37.07467409158725], [-122.05899177050527, 37.07464877306043], [-122.05899006813233, 37.07463957692109], [-122.05898753966709, 37.074630502135676], [-122.05898359189808, 37.07460459140375], [-122.05897881297211, 37.07457877512365], [-122.0589782437501, 37.07456948954214], [-122.0589768375454, 37.074560259876755], [-122.05897607838614, 37.07453416459829], [-122.05897448046194, 37.0745080965572], [-122.05897448130942, 37.07442999654797], [-122.0589751034723, 37.07441985056991]], [[-122.08068661614655, 37.081639308284196], [-122.08068691090723, 37.08163981183686], [-122.08070090039244, 37.08167145931393], [-122.08073789627632, 37.0816623371096], [-122.08082445154075, 37.08164825210432], [-122.08091231311987, 37.08164103202523], [-122.08100063493676, 37.081640746571544], [-122.08108856643507, 37.08164739852646], [-122.08117526067984, 37.081660923639674], [-122.08125988300428, 37.08168119186614], [-122.0813133152224, 37.08169872208878], [-122.08133690129185, 37.08165491960893], [-122.08137966846562, 37.08159300480741], [-122.08142980413255, 37.08153474661757], [-122.08146384677492, 37.08150248368117], [-122.08145132388492, 37.081482106750855], [-122.08144086992942, 37.08146604227047], [-122.08142636245589, 37.081470214972036], [-122.08139877267935, 37.081475776712516], [-122.08137144284605, 37.08148210746018], [-122.08135597064023, 37.08148440507244], [-122.08134070965946, 37.08148748150476], [-122.08131257053213, 37.08149085001324], [-122.08128459957408, 37.081495003674036], [-122.08126892142393, 37.08149607512945], [-122.08125335691203, 37.08149793835031], [-122.08122494290335, 37.081499080687614], [-122.08119659681641, 37.081501017946934], [-122.08095749455642, 37.08150791793683], [-122.08093321827405, 37.08150766337232], [-122.08090895230687, 37.081508269087486], [-122.08090566060628, 37.08150809205196], [-122.08090236195808, 37.081508155004954], [-122.08088579321405, 37.081507166121575], [-122.08086917975741, 37.08150699193397], [-122.08084505091095, 37.081504832126186], [-122.08082082823957, 37.08150352926707], [-122.08081757452656, 37.081503094633405], [-122.08081428362291, 37.081502898221444], [-122.08079791538276, 37.081500612865874], [-122.08078140340056, 37.08149913485831], [-122.08075765519605, 37.0814950905446], [-122.08073370844949, 37.08149189173143], [-122.08073052294047, 37.081491203519796], [-122.08072727249775, 37.0814907497092], [-122.08071126257049, 37.08148718992747], [-122.08069501109145, 37.08148442231317], [-122.08067187335935, 37.081478532864345], [-122.08064843180084, 37.08147346853963], [-122.08064534524416, 37.08147253329831], [-122.08064216671076, 37.081471826569576], [-122.08062667016632, 37.08146702691637], [-122.0806108346959, 37.08146299614069], [-122.08058852806276, 37.08145531771298], [-122.08056581982848, 37.081448437060196], [-122.08056286316258, 37.08144726422355], [-122.08055978571294, 37.08144631102267], [-122.08054495006206, 37.081440317081665], [-122.080529684937, 37.08143506247135], [-122.08052262965333, 37.08143194526913], [-122.08055098328848, 37.08145709498648], [-122.08055139617962, 37.08145754257709], [-122.08055186145403, 37.0814579565911], [-122.08057765261914, 37.08148600786824], [-122.08060347664089, 37.08151400440916], [-122.08060383280014, 37.081514482387604], [-122.08060424511963, 37.081514930784856], [-122.0806264719408, 37.081544861057054], [-122.08064875516017, 37.081574762106236], [-122.08064905126702, 37.08157526593986], [-122.08064940663286, 37.081575744452856], [-122.08066785386013, 37.08160725729828], [-122.08068638285019, 37.08163878312372], [-122.08068661614655, 37.081639308284196]], [[-122.06373545016741, 37.08621674957643], [-122.06373055577005, 37.08623341327449], [-122.06372223445439, 37.08625658026468], [-122.06372433400614, 37.08626281332336], [-122.06372447010088, 37.08626346646822], [-122.06372468377879, 37.086264105442716], [-122.06373173742973, 37.08629834245543], [-122.0637388781205, 37.08633261107267], [-122.06373893367451, 37.08633327187447], [-122.06373906808973, 37.086333924375076], [-122.0637418989764, 37.086368549630954], [-122.06374481274605, 37.08640321484182], [-122.06374478716614, 37.08640387662558], [-122.06374484115298, 37.08640453678403], [-122.06374342172444, 37.08643922799718], [-122.06374208074092, 37.08647394461786], [-122.06374197432949, 37.086474601076176], [-122.06374194729142, 37.08647526248786], [-122.06374156883, 37.086477564821834], [-122.06374315129108, 37.08647745806069], [-122.06377873549238, 37.08647786113397], [-122.06381432312098, 37.086477720320886], [-122.06382287850423, 37.08647836123911], [-122.06383147027738, 37.086478458541244], [-122.06386683314035, 37.08648165390004], [-122.06390226746656, 37.086484308343415], [-122.0639107035757, 37.08648561805153], [-122.06391924171571, 37.08648638952922], [-122.06395404170357, 37.08649234617434], [-122.06398898224562, 37.086497770562254], [-122.06399721800254, 37.086499736522136], [-122.06400518281309, 37.08650109983245], [-122.06403788480273, 37.086491792859164], [-122.06404338325879, 37.08649070013563], [-122.06404874543254, 37.086489234600265], [-122.0640862387325, 37.086482182954775], [-122.06412361423904, 37.086474754936056], [-122.06412921983234, 37.08647409923988], [-122.06413473560805, 37.08647306181426], [-122.06417290943251, 37.086468988498346], [-122.06421101529287, 37.08646453099937], [-122.06421667472928, 37.08646431858015], [-122.06422229031514, 37.08646371938587], [-122.0642607753765, 37.08646266339911], [-122.06429924641586, 37.08646121950836], [-122.0643049048762, 37.086461452547475], [-122.06431056642339, 37.08646129719882], [-122.06448706477688, 37.08646339710366], [-122.06450574976189, 37.08646435549062], [-122.0645244723991, 37.08646446577706], [-122.06454979846743, 37.0864666149188], [-122.06457521211392, 37.086467918424546], [-122.06459368920466, 37.086470339386615], [-122.06461044126318, 37.086471760881615], [-122.06460804724476, 37.08647069583716], [-122.06460350725814, 37.08646907266709], [-122.06456945021827, 37.08645352544274], [-122.06453517316078, 37.08643827672832], [-122.06453108348006, 37.086436010716106], [-122.0645267639209, 37.0864340388189], [-122.06449477041907, 37.08641589046561], [-122.06446252682603, 37.08639802506227], [-122.06445873439392, 37.086395449058585], [-122.06445467654906, 37.086393147239036], [-122.06431767616955, 37.0863070466183], [-122.06431758190087, 37.086306981154216], [-122.06431747932977, 37.086306922925935], [-122.06428413087357, 37.086283746110176], [-122.06425093902037, 37.08626069112766], [-122.0642508529428, 37.086260618336695], [-122.06425075822867, 37.0862605525085], [-122.06422057862439, 37.08623501459224], [-122.06419019464114, 37.086209318122336], [-122.06419011720138, 37.086209238278464], [-122.0641900317934, 37.08620916594345], [-122.0641203058182, 37.086144040536105], [-122.06411642047989, 37.0861416837291], [-122.06411190554383, 37.08613940740565], [-122.06408121656692, 37.08612033034161], [-122.06405025102775, 37.086101547826686], [-122.0640007575147, 37.08606834373652], [-122.06398783140534, 37.08606210292971], [-122.06396628046541, 37.08605050636137], [-122.0639441614053, 37.086039618399724], [-122.06392964019248, 37.08603079033641], [-122.0639145078246, 37.086022647646594], [-122.06389447963535, 37.08600941479112], [-122.06387379908621, 37.08599684219368], [-122.06386042810325, 37.08598691646682], [-122.0638463645778, 37.08597762454198], [-122.06382805132765, 37.085962882213366], [-122.06380900908093, 37.08594874653584], [-122.06379691654563, 37.085937818445665], [-122.06378405791183, 37.08592746705916], [-122.06376763751987, 37.08591135863476], [-122.06375041531251, 37.08589579472134], [-122.06374770750533, 37.08589280143822], [-122.06374942736286, 37.08590125380264], [-122.06375416397518, 37.08591914002529], [-122.06375652853794, 37.085936153447186], [-122.06375996634183, 37.085953049236714], [-122.06376141270155, 37.08597129681292], [-122.06376393830769, 37.085989469079664], [-122.06376420987782, 37.08600658631384], [-122.06376556411078, 37.086023670631164], [-122.06376477104038, 37.08604194424492], [-122.06376506112761, 37.08606022704095], [-122.06376323723468, 37.08607728257159], [-122.06376249471646, 37.086094391619156], [-122.06375946954111, 37.08611251600655], [-122.0637575215533, 37.08613073245757], [-122.06375361995948, 37.08614756237038], [-122.0637507876676, 37.08616453088679], [-122.06374555989211, 37.08618232960642], [-122.06374139238257, 37.08620030633948], [-122.06373545016741, 37.08621674957643]], [[-122.06168381360204, 37.08632248189902], [-122.06170197433097, 37.086317908043945], [-122.061727384995, 37.08631259047703], [-122.06175251125865, 37.086306466789054], [-122.06177009041004, 37.08630365379741], [-122.06178743479703, 37.08630002426361], [-122.0618105150589, 37.08629709100433], [-122.06182272660952, 37.08627619048223], [-122.061834181487, 37.086254743675504], [-122.06184143833468, 37.086244164335426], [-122.06184782701996, 37.08623322991733], [-122.06184949760518, 37.0862307017359], [-122.06181661217629, 37.086235837694694], [-122.06177632929256, 37.08624235762357], [-122.06177327477019, 37.08624260603959], [-122.0617702605996, 37.08624307678877], [-122.06172933800701, 37.08624617931367], [-122.06168845328459, 37.08624950440844], [-122.06168538316886, 37.08624951175552], [-122.06168232581284, 37.08624974356109], [-122.0616412219269, 37.08624961762142], [-122.0616001260747, 37.08624971617881], [-122.06159706962025, 37.08624948241801], [-122.06159399892374, 37.086249472992144], [-122.06156181791097, 37.08624683405005], [-122.06131898060876, 37.08631041165047], [-122.06127673867306, 37.086319660023534], [-122.06125015684178, 37.086325496531124], [-122.06125494212985, 37.08632515898007], [-122.06152223963959, 37.08631685906803], [-122.0615352001422, 37.08631696650141], [-122.06154813959618, 37.086316353731235], [-122.06157934007997, 37.08631733238773], [-122.06161056260368, 37.086317591174854], [-122.06162344823325, 37.08631871586307], [-122.06163639965189, 37.086319122116606], [-122.06168381360204, 37.08632248189902]], [[-122.06106888730638, 37.08634535658115], [-122.06106049359843, 37.08634905174048], [-122.06107867270086, 37.08634479785197], [-122.06106888730638, 37.08634535658115]], [[-122.08741306551468, 37.0896846631408], [-122.08741309943113, 37.08968425560943], [-122.08741650595493, 37.08966074677796], [-122.08736133102505, 37.08967729755338], [-122.08734090887305, 37.08968252370877], [-122.08732084211812, 37.08968856989332], [-122.08729886153903, 37.08969328377126], [-122.08727718771124, 37.08969883019352], [-122.0872674860074, 37.08970049503844], [-122.08705496845732, 37.08982168214458], [-122.08693981286488, 37.08991698216497], [-122.08685737726155, 37.090013456251214], [-122.08685537824209, 37.09001737726195], [-122.08687739817678, 37.09002387283155], [-122.08695689871212, 37.09005471578324], [-122.08703224290309, 37.09009165267184], [-122.08710270500491, 37.09013432790549], [-122.08716760651545, 37.090182330460586], [-122.0872263224256, 37.09023519807593], [-122.087242058308, 37.09025252634051], [-122.08734825601509, 37.09013621437567], [-122.0874129823577, 37.089685067138355], [-122.08741306551468, 37.0896846631408]], [[-122.09278390980614, 37.091146711946976], [-122.0927845088302, 37.09114179724039], [-122.09279189505563, 37.09111191895192], [-122.09279876845879, 37.09108197030648], [-122.09280047152684, 37.091077225756884], [-122.09280166910654, 37.09107238134121], [-122.09281267569685, 37.09104322635675], [-122.09282318005167, 37.091013962245626], [-122.09282545555666, 37.091009373960375], [-122.09282723998577, 37.09100464724944], [-122.09295066771797, 37.09072756727238], [-122.09291896627806, 37.09072945694953], [-122.09283065822646, 37.09072776563571], [-122.09274298240739, 37.09071914824363], [-122.09265678310186, 37.09070368785364], [-122.09261512905861, 37.09069268774314], [-122.09262206090445, 37.090702232145354], [-122.09264392379333, 37.090732207225095], [-122.09264427189291, 37.090732814276], [-122.09264469189777, 37.090733392581676], [-122.09266271291075, 37.090764973577556], [-122.09268079724427, 37.09079651097674], [-122.09268106965784, 37.09079714304815], [-122.09268141651074, 37.09079775090069], [-122.0926954793293, 37.09083057771513], [-122.09270962536131, 37.090863400387086], [-122.09270981913045, 37.090864050786074], [-122.0927100899672, 37.090864683025636], [-122.09273969092668, 37.09094668279745], [-122.09274535787563, 37.090965862473524], [-122.09275206035396, 37.09098482472233], [-122.09275552445058, 37.09100027108038], [-122.09276003705345, 37.09101554400865], [-122.09276332991227, 37.09103507599487], [-122.09276768015117, 37.09105447364966], [-122.09276923770753, 37.09107011851145], [-122.09277185979016, 37.0910856713721], [-122.09277274705047, 37.09110536658532], [-122.0927747030406, 37.09112501363748], [-122.09277433886652, 37.091140705542486], [-122.09277504542025, 37.091156389323785], [-122.09277351851686, 37.09117605957701], [-122.09277306125755, 37.09119576541603], [-122.09277062078847, 37.09122461086042], [-122.09278279535364, 37.091151567724985], [-122.09278390980614, 37.091146711946976]], [[-122.0888463183647, 37.0912679946932], [-122.08860462520468, 37.09122850030038], [-122.0885778230404, 37.09128209206052], [-122.08883456711919, 37.091318878890036], [-122.0888463183647, 37.0912679946932]], [[-122.082271195197, 37.09021760723505], [-122.08225891179156, 37.09018896680935], [-122.08225744102057, 37.09018399665937], [-122.08225545463793, 37.090179142675225], [-122.08225408206975, 37.090174193386375], [-122.08223838355414, 37.09018225513733], [-122.08220690917945, 37.09019893185288], [-122.08220121116167, 37.090201344240455], [-122.08219578633695, 37.09020413002779], [-122.08216217845381, 37.090217869510695], [-122.08212881197177, 37.09023199583931], [-122.0821228459515, 37.09023394923033], [-122.08211710664284, 37.09023629558236], [-122.08208198051521, 37.09024732955454], [-122.08204704527944, 37.09025876818898], [-122.08204086875728, 37.090260243738136], [-122.08203487014711, 37.090262128095794], [-122.08199856349147, 37.09027035064035], [-122.08196239659912, 37.090278991061886], [-122.0819560693832, 37.09027997453896], [-122.08194986896363, 37.09028137877809], [-122.08191272726802, 37.090286711441614], [-122.08187568113779, 37.090292469661954], [-122.08186926511864, 37.09029295145018], [-122.081862921787, 37.090293862234994], [-122.08183175409651, 37.09029584294891], [-122.08230520269545, 37.090289212866075], [-122.08229450421064, 37.09027036045454], [-122.08229280057247, 37.09026635651358], [-122.08229067170011, 37.09026248530261], [-122.08228297185475, 37.090246385257075], [-122.082271195197, 37.09021760723505]], [[-122.09061320153505, 37.09154475434556], [-122.09093610008895, 37.091580794964685], [-122.09093920510722, 37.09154410591725], [-122.09062305827044, 37.09150206933636], [-122.09061320153505, 37.09154475434556]]]}}]}