{"type": "FeatureCollection", "features": [{"id": "59", "type": "Feature", "properties": {"GEOID": "060871207001029", "POP100": 54, "density": 3706.1}, "geometry": {"type": "Polygon", "coordinates": [[[-122.058384, 37.051225], [-122.057463, 37.05064], [-122.057128, 37.051155], [-122.055988, 37.050629], [-122.05404, 37.051117], [-122.05456, 37.051867], [-122.056497, 37.051619], [-122.057873, 37.052378], [-122.058384, 37.051225]]]}}, {"id": "99", "type": "Feature", "properties": {"GEOID": "060871208001003", "POP100": 25, "density": 3002.3}, "geometry": {"type": "Polygon", "coordinates": [[[-122.03969, 37.04361], [-122.040188, 37.042475], [-122.039431, 37.041859], [-122.038424, 37.04417], [-122.039362, 37.044355], [-122.03969, 37.04361]]]}}, {"id": "100", "type": "Feature", "properties": {"GEOID": "060871206001031", "POP100": 0, "density": 0.0}, "geometry": {"type": "Polygon", "coordinates": [[[-122.061979, 37.05372], [-122.061833, 37.05362], [-122.061017, 37.054385], [-122.060628, 37.055254], [-122.060943, 37.055078], [-122.061189, 37.054503], [-122.061979, 37.05372]]]}}, {"id": "101", "type": "Feature", "properties": {"GEOID": "060871206002040", "POP100": 12, "density": 705.2}, "geometry": {"type": "Polygon", "coordinates": [[[-122.060783, 37.05574], [-122.060536, 37.055759], [-122.059677, 37.057507], [-122.058288, 37.059598], [-122.057593, 37.060238], [-122.056102, 37.061183], [-122.055557, 37.061867], [-122.055392, 37.062662], [-122.055467, 37.063252], [-122.056061, 37.064838], [-122.055974, 37.066062], [-122.057431, 37.066068], [-122.055995, 37.063177], [-122.056036, 37.061695], [-122.056516, 37.061106], [-122.058174, 37.060048], [-122.057938, 37.060121], [-122.058693, 37.059317], [-122.060509, 37.056474], [-122.060783, 37.05574]]]}}, {"id": "126", "type": "Feature", "properties": {"GEOID": "060871203012010", "POP100": 65, "density": 1002.0}, "geometry": {"type": "Polygon", "coordinates": [[[-122.092625, 37.045276], [-122.092591, 37.044467], [-122.092023, 37.043558], [-122.09196, 37.042268], [-122.091704, 37.041863], [-122.08635, 37.040827], [-122.085869, 37.040862], [-122.085464, 37.041175], [-122.085432, 37.041317], [-122.085764, 37.041585], [-122.085619, 37.041786], [-122.083261, 37.041696], [-122.08189, 37.041191], [-122.081682, 37.040702], [-122.081155, 37.041419], [-122.081202, 37.041624], [-122.081679, 37.041957], [-122.081552, 37.04228], [-122.081912, 37.043148], [-122.083822, 37.042978], [-122.085054, 37.042473], [-122.087672, 37.042153], [-122.088245, 37.042728], [-122.090419, 37.043465], [-122.091087, 37.04432], [-122.092257, 37.044796], [-122.092625, 37.045276]]]}}, {"id": "177", "type": "Feature", "properties": {"GEOID": "060871203011017", "POP100": 18, "density": 691.2}, "geometry": {"type": "Polygon", "coordinates": [[[-122.118985, 37.097915], [-122.117967, 37.097202], [-122.117415, 37.09639], [-122.11701, 37.096331], [-122.115992, 37.096686], [-122.115895, 37.09753], [-122.11523, 37.098249], [-122.116479, 37.099017], [-122.117188, 37.099164], [-122.118583, 37.099112], [-122.118813, 37.098894], [-122.11876, 37.09846], [-122.118985, 37.097915]]]}}, {"id": "178", "type": "Feature", "properties": {"GEOID": "060871203011015", "POP100": 8, "density": 1589.6}, "geometry": {"type": "Polygon", "coordinates": [[[-122.118435, 37.099176], [-122.116479, 37.099017], [-122.11523, 37.098249], [-122.114959, 37.098508], [-122.115212, 37.09909], [-122.115658, 37.099286], [-122.118134, 37.099439], [-122.118332, 37.099413], [-122.118435, 37.099176]]]}}, {"id": "186", "type": "Feature", "properties": {"GEOID": "060871206002039", "POP100": 0, "density": 0.0}, "geometry": {"type": "Polygon", "coordinates": [[[-122.048139, 37.068325], [-122.048151, 37.064899], [-122.0453, 37.064881], [-122.045473, 37.065248], [-122.044973, 37.068048], [-122.045072, 37.068318], [-122.048139, 37.068325]]]}}, {"id": "188", "type": "Feature", "properties": {"GEOID": "060871203012023", "POP100": 0, "density": 0.0}, "geometry": {"type": "Polygon", "coordinates": [[[-122.114505, 37.053349], [-122.112709, 37.052395], [-122.110844, 37.052016], [-122.109699, 37.052462], [-122.108904, 37.052456], [-122.1078, 37.051863], [-122.105331, 37.051081], [-122.105388, 37.053457], [-122.109943, 37.05366], [-122.109884, 37.053379], [-122.114505, 37.053349]]]}}, {"id": "206", "type": "Feature", "properties": {"GEOID": "060871206001008", "POP100": 31, "density": 6607.1}, "geometry": {"type": "Polygon", "coordinates": [[[-122.07558, 37.075317], [-122.074908, 37.074433], [-122.074108, 37.075643], [-122.074095, 37.076192], [-122.074503, 37.076154], [-122.074981, 37.075636], [-122.07558, 37.075317]]]}}, {"id": "291", "type": "Feature", "properties": {"GEOID": "060871203022028", "POP100": 37, "density": 2010.9}, "geometry": {"type": "Polygon", "coordinates": [[[-122.083703, 37.069036], [-122.08317, 37.06851], [-122.080347, 37.067849], [-122.078468, 37.067173], [-122.076936, 37.066936], [-122.076676, 37.06709], [-122.077461, 37.067833], [-122.078619, 37.068337], [-122.07908, 37.068713], [-122.082396, 37.068529], [-122.083703, 37.069036]]]}}, {"id": "320", "type": "Feature", "properties": {"GEOID": "060871207001005", "POP100": 46, "density": 2162.0}, "geometry": {"type": "Polygon", "coordinates": [[[-122.063094, 37.051757], [-122.063306, 37.051456], [-122.06309, 37.051379], [-122.063166, 37.051146], [-122.062656, 37.050362], [-122.061724, 37.050245], [-122.061498, 37.050778], [-122.061539, 37.051481], [-122.0623, 37.051701], [-122.062499, 37.052135], [-122.062177, 37.052465], [-122.061087, 37.05275], [-122.060648, 37.053107], [-122.060095, 37.055429], [-122.059894, 37.055438], [-122.059758, 37.055769], [-122.060536, 37.055759], [-122.061017, 37.054385], [-122.062262, 37.053155], [-122.063094, 37.051757]]]}}, {"id": "371", "type": "Feature", "properties": {"GEOID": "060871203021007", "POP100": 40, "density": 5216.2}, "geometry": {"type": "Polygon", "coordinates": [[[-122.086182, 37.073269], [-122.086117, 37.072453], [-122.08431, 37.072467], [-122.084483, 37.073717], [-122.085451, 37.073664], [-122.086182, 37.073269]]]}}, {"id": "372", "type": "Feature", "properties": {"GEOID": "060871203022025", "POP100": 21, "density": 4479.8}, "geometry": {"type": "Polygon", "coordinates": [[[-122.084321, 37.072548], [-122.084149, 37.071185], [-122.083046, 37.071272], [-122.083073, 37.071633], [-122.082901, 37.071845], [-122.084055, 37.072536], [-122.084321, 37.072548]]]}}, {"id": "414", "type": "Feature", "properties": {"GEOID": "060871206001024", "POP100": 15, "density": 1383.8}, "geometry": {"type": "Polygon", "coordinates": [[[-122.067394, 37.059477], [-122.067514, 37.059224], [-122.063242, 37.05861], [-122.063565, 37.059573], [-122.063762, 37.059624], [-122.064614, 37.059549], [-122.066852, 37.059723], [-122.067394, 37.059477]]]}}, {"id": "417", "type": "Feature", "properties": {"GEOID": "060871206001011", "POP100": 0, "density": 0.0}, "geometry": {"type": "Polygon", "coordinates": [[[-122.066982, 37.085848], [-122.066638, 37.080491], [-122.063497, 37.078611], [-122.060928, 37.076851], [-122.061636, 37.076208], [-122.060648, 37.076093], [-122.060054, 37.076383], [-122.058586, 37.077908], [-122.059072, 37.078377], [-122.060737, 37.079438], [-122.062445, 37.080273], [-122.064063, 37.082536], [-122.064667, 37.084816], [-122.065512, 37.085357], [-122.066982, 37.085848]]]}}, {"id": "418", "type": "Feature", "properties": {"GEOID": "060871206001018", "POP100": 25, "density": 4357.0}, "geometry": {"type": "Polygon", "coordinates": [[[-122.063876, 37.065223], [-122.063971, 37.065103], [-122.063172, 37.064723], [-122.061331, 37.064338], [-122.061318, 37.065211], [-122.063876, 37.065223]]]}}, {"id": "440", "type": "Feature", "properties": {"GEOID": "060871206002002", "POP100": 332, "density": 268.2}, "geometry": {"type": "Polygon", "coordinates": [[[-122.053101, 37.090973], [-122.053126, 37.090875], [-122.048893, 37.090886], [-122.044498, 37.096201], [-122.037766, 37.10627], [-122.038237, 37.113717], [-122.039545, 37.118128], [-122.039307, 37.119166], [-122.038231, 37.120581], [-122.036826, 37.12361], [-122.035813, 37.125173], [-122.033787, 37.126827], [-122.03285, 37.127828], [-122.042396, 37.127895], [-122.042857, 37.126827], [-122.044854, 37.127031], [-122.045499, 37.126932], [-122.046434, 37.126412], [-122.047469, 37.126526], [-122.048306, 37.12585], [-122.049847, 37.125226], [-122.0506, 37.124557], [-122.050589, 37.124079], [-122.050922, 37.123786], [-122.050861, 37.123159], [-122.05155, 37.121618], [-122.051679, 37.120839], [-122.050228, 37.118686], [-122.049889, 37.117765], [-122.049775, 37.115562], [-122.049422, 37.11432], [-122.049085, 37.113698], [-122.047915, 37.112716], [-122.047861, 37.111212], [-122.048012, 37.110788], [-122.048291, 37.110613], [-122.048314, 37.110185], [-122.048576, 37.109813], [-122.048518, 37.109427], [-122.048719, 37.108974], [-122.048492, 37.108402], [-122.048771, 37.107698], [-122.049159, 37.107395], [-122.049166, 37.107087], [-122.049012, 37.106938], [-122.04769, 37.106864], [-122.047359, 37.106704], [-122.047685, 37.106299], [-122.048687, 37.105818], [-122.048421, 37.105591], [-122.046952, 37.105068], [-122.047349, 37.105603], [-122.047143, 37.105772], [-122.046301, 37.105558], [-122.045617, 37.105081], [-122.045603, 37.104693], [-122.046053, 37.103933], [-122.046612, 37.103776], [-122.046733, 37.103565], [-122.046095, 37.103376], [-122.04613, 37.102944], [-122.044945, 37.103372], [-122.044518, 37.103375], [-122.043805, 37.104108], [-122.043641, 37.103788], [-122.043702, 37.102917], [-122.043224, 37.102383], [-122.043326, 37.101868], [-122.043741, 37.101575], [-122.043695, 37.100522], [-122.04608, 37.100016], [-122.046547, 37.099727], [-122.046731, 37.0994], [-122.048633, 37.09912], [-122.049161, 37.099232], [-122.04991, 37.098975], [-122.049985, 37.098565], [-122.049536, 37.097943], [-122.049459, 37.096816], [-122.048991, 37.095721], [-122.04906, 37.095524], [-122.049685, 37.095352], [-122.050175, 37.093586], [-122.049612, 37.092379], [-122.049095, 37.091841], [-122.049335, 37.091586], [-122.050058, 37.091476], [-122.050064, 37.091204], [-122.050363, 37.091043], [-122.05117, 37.09151], [-122.051722, 37.092337], [-122.051475, 37.093551], [-122.051743, 37.095205], [-122.051358, 37.096506], [-122.051739, 37.096908], [-122.051843, 37.095756], [-122.052319, 37.094915], [-122.052384, 37.093762], [-122.052883, 37.092983], [-122.053101, 37.090973]]]}}, {"id": "444", "type": "Feature", "properties": {"GEOID": "060871207002019", "POP100": 173, "density": 2634.1}, "geometry": {"type": "Polygon", "coordinates": [[[-122.085322, 37.03134], [-122.083389, 37.030138], [-122.082609, 37.030799], [-122.08234, 37.031521], [-122.081103, 37.031353], [-122.079736, 37.031503], [-122.077673, 37.032119], [-122.077596, 37.031697], [-122.077285, 37.031721], [-122.076899, 37.032009], [-122.076891, 37.0324], [-122.076594, 37.032841], [-122.077327, 37.033008], [-122.078149, 37.033543], [-122.080324, 37.033854], [-122.080823, 37.033832], [-122.081302, 37.033382], [-122.082102, 37.033299], [-122.082795, 37.033953], [-122.083316, 37.034117], [-122.084252, 37.03386], [-122.084282, 37.033584], [-122.083508, 37.032404], [-122.083493, 37.032135], [-122.084834, 37.032109], [-122.085322, 37.03134]]]}}, {"id": "472", "type": "Feature", "properties": {"GEOID": "060871207001010", "POP100": 203, "density": 1205.6}, "geometry": {"type": "Polygon", "coordinates": [[[-122.06159, 37.047197], [-122.061532, 37.046897], [-122.060349, 37.046532], [-122.05991, 37.046133], [-122.059413, 37.046565], [-122.058821, 37.046778], [-122.057076, 37.046519], [-122.054505, 37.044693], [-122.052281, 37.043393], [-122.050381, 37.045196], [-122.050528, 37.051076], [-122.050704, 37.052444], [-122.050845, 37.052627], [-122.051417, 37.051869], [-122.052058, 37.051995], [-122.052401, 37.051883], [-122.052473, 37.051262], [-122.052818, 37.050856], [-122.053298, 37.050775], [-122.054004, 37.050953], [-122.054478, 37.049459], [-122.053085, 37.050107], [-122.053161, 37.049722], [-122.053408, 37.049449], [-122.054236, 37.049052], [-122.055308, 37.048836], [-122.055268, 37.048381], [-122.056183, 37.048197], [-122.056698, 37.048257], [-122.057582, 37.048829], [-122.057721, 37.049468], [-122.05851, 37.049065], [-122.058682, 37.048781], [-122.058539, 37.04829], [-122.057994, 37.047796], [-122.058834, 37.048041], [-122.059322, 37.048599], [-122.059618, 37.048431], [-122.060364, 37.048498], [-122.061318, 37.048061], [-122.06159, 37.047197]]]}}, {"id": "481", "type": "Feature", "properties": {"GEOID": "060871206002028", "POP100": 120, "density": 193.1}, "geometry": {"type": "Polygon", "coordinates": [[[-122.051755, 37.079022], [-122.051109, 37.077457], [-122.050735, 37.077479], [-122.050584, 37.078831], [-122.05071, 37.079306], [-122.050541, 37.079923], [-122.049399, 37.081827], [-122.047986, 37.082875], [-122.047753, 37.08379], [-122.047447, 37.084079], [-122.046236, 37.083358], [-122.046038, 37.083455], [-122.046379, 37.084175], [-122.046295, 37.08439], [-122.043746, 37.084423], [-122.043699, 37.084734], [-122.044297, 37.085398], [-122.044205, 37.08601], [-122.043797, 37.086567], [-122.041123, 37.087105], [-122.040552, 37.087566], [-122.039832, 37.087575], [-122.038665, 37.087088], [-122.038295, 37.086625], [-122.038276, 37.085831], [-122.037873, 37.085645], [-122.035706, 37.088626], [-122.035706, 37.091667], [-122.034786, 37.091667], [-122.034709, 37.092247], [-122.035493, 37.092243], [-122.035399, 37.092706], [-122.035028, 37.093245], [-122.035158, 37.093922], [-122.034848, 37.094886], [-122.034603, 37.094983], [-122.03404, 37.096273], [-122.032408, 37.09691], [-122.031959, 37.097587], [-122.030881, 37.098266], [-122.021981, 37.098605], [-122.021951, 37.106015], [-122.023783, 37.105577], [-122.024945, 37.104837], [-122.027087, 37.104829], [-122.027651, 37.104695], [-122.030584, 37.103026], [-122.03366, 37.100819], [-122.034172, 37.099876], [-122.034472, 37.099851], [-122.035042, 37.10015], [-122.035256, 37.099952], [-122.036038, 37.099764], [-122.037281, 37.097825], [-122.039119, 37.096957], [-122.03903, 37.096282], [-122.03923, 37.095408], [-122.04076, 37.094337], [-122.042146, 37.092711], [-122.042969, 37.091381], [-122.042942, 37.090502], [-122.043285, 37.089453], [-122.043443, 37.089337], [-122.044602, 37.089343], [-122.044172, 37.088535], [-122.044603, 37.087445], [-122.045289, 37.087162], [-122.046218, 37.087562], [-122.046759, 37.087501], [-122.04702, 37.086534], [-122.046828, 37.086185], [-122.047349, 37.085594], [-122.046949, 37.085271], [-122.046856, 37.085387], [-122.046873, 37.084947], [-122.048595, 37.084536], [-122.048918, 37.082981], [-122.049967, 37.082113], [-122.050568, 37.081861], [-122.050531, 37.081003], [-122.051755, 37.079022]]]}}, {"id": "498", "type": "Feature", "properties": {"GEOID": "060871203011036", "POP100": 0, "density": 0.0}, "geometry": {"type": "Polygon", "coordinates": [[[-122.112873, 37.061294], [-122.112985, 37.061195], [-122.112405, 37.060901], [-122.111404, 37.059978], [-122.109635, 37.059764], [-122.108942, 37.059418], [-122.108283, 37.058243], [-122.107652, 37.057748], [-122.106782, 37.057688], [-122.106534, 37.057728], [-122.107268, 37.057805], [-122.107855, 37.058157], [-122.108765, 37.059609], [-122.109108, 37.059796], [-122.110851, 37.060118], [-122.112317, 37.061214], [-122.112873, 37.061294]]]}}, {"id": "547", "type": "Feature", "properties": {"GEOID": "060871203021005", "POP100": 14, "density": 5464.9}, "geometry": {"type": "Polygon", "coordinates": [[[-122.085636, 37.080727], [-122.084903, 37.080227], [-122.084715, 37.079678], [-122.084393, 37.079551], [-122.084266, 37.07992], [-122.084941, 37.08085], [-122.085408, 37.08087], [-122.085636, 37.080727]]]}}, {"id": "593", "type": "Feature", "properties": {"GEOID": "060871203021016", "POP100": 27, "density": 5149.1}, "geometry": {"type": "Polygon", "coordinates": [[[-122.085188, 37.069103], [-122.085133, 37.068848], [-122.084853, 37.068654], [-122.08317, 37.06851], [-122.083894, 37.069257], [-122.084136, 37.069765], [-122.085188, 37.069103]]]}}, {"id": "596", "type": "Feature", "properties": {"GEOID": "060871206002043", "POP100": 22, "density": 248.7}, "geometry": {"type": "Polygon", "coordinates": [[[-122.060536, 37.055759], [-122.057658, 37.055711], [-122.054597, 37.054783], [-122.052048, 37.055018], [-122.052593, 37.05571], [-122.054962, 37.056029], [-122.055629, 37.056891], [-122.05579, 37.057516], [-122.055516, 37.058789], [-122.055693, 37.059757], [-122.054819, 37.061249], [-122.054796, 37.061597], [-122.055006, 37.062022], [-122.054876, 37.062455], [-122.055296, 37.062315], [-122.056102, 37.061183], [-122.057593, 37.060238], [-122.058288, 37.059598], [-122.059677, 37.057507], [-122.060536, 37.055759]]]}}, {"id": "642", "type": "Feature", "properties": {"GEOID": "060871203021010", "POP100": 110, "density": 1576.8}, "geometry": {"type": "Polygon", "coordinates": [[[-122.091631, 37.082542], [-122.091351, 37.082262], [-122.090822, 37.082176], [-122.089624, 37.082743], [-122.08879, 37.082261], [-122.089375, 37.081547], [-122.089082, 37.08134], [-122.088378, 37.079769], [-122.087734, 37.079044], [-122.086139, 37.078015], [-122.086315, 37.077639], [-122.086008, 37.076734], [-122.085823, 37.076741], [-122.085539, 37.077215], [-122.085015, 37.077553], [-122.084393, 37.079551], [-122.084715, 37.079678], [-122.084903, 37.080227], [-122.085636, 37.080727], [-122.085408, 37.08087], [-122.084941, 37.08085], [-122.084621, 37.081312], [-122.085533, 37.081836], [-122.086542, 37.082086], [-122.087455, 37.08282], [-122.087862, 37.08266], [-122.088445, 37.082812], [-122.088735, 37.083724], [-122.089107, 37.083903], [-122.08962, 37.083754], [-122.090057, 37.082926], [-122.091631, 37.082542]]]}}, {"id": "701", "type": "Feature", "properties": {"GEOID": "060871202001021", "POP100": 30, "density": 1994.6}, "geometry": {"type": "Polygon", "coordinates": [[[-122.116104, 37.044402], [-122.116217, 37.044158], [-122.115155, 37.043519], [-122.114019, 37.043526], [-122.114099, 37.045928], [-122.115203, 37.045655], [-122.115124, 37.04547], [-122.115876, 37.045427], [-122.115857, 37.044989], [-122.116104, 37.044402]]]}}, {"id": "743", "type": "Feature", "properties": {"GEOID": "060871207001031", "POP100": 0, "density": 0.0}, "geometry": {"type": "Polygon", "coordinates": [[[-122.05881, 37.036475], [-122.058679, 37.036217], [-122.057942, 37.035769], [-122.050924, 37.042725], [-122.051862, 37.043125], [-122.05881, 37.036475]]]}}, {"id": "876", "type": "Feature", "properties": {"GEOID": "060871206001016", "POP100": 103, "density": 832.6}, "geometry": {"type": "Polygon", "coordinates": [[[-122.063751, 37.059651], [-122.063565, 37.059573], [-122.063228, 37.058561], [-122.063223, 37.056522], [-122.062939, 37.056228], [-122.062821, 37.05566], [-122.062465, 37.055877], [-122.062112, 37.056394], [-122.061803, 37.056224], [-122.061522, 37.055547], [-122.060783, 37.05574], [-122.060509, 37.056474], [-122.058603, 37.059437], [-122.058784, 37.059779], [-122.05865, 37.060267], [-122.05837, 37.060561], [-122.056909, 37.061343], [-122.056405, 37.061875], [-122.056694, 37.063025], [-122.057843, 37.065526], [-122.058753, 37.065065], [-122.059464, 37.064901], [-122.06006, 37.064026], [-122.061331, 37.064338], [-122.061124, 37.063342], [-122.061144, 37.062347], [-122.060605, 37.062326], [-122.060609, 37.06021], [-122.060459, 37.059887], [-122.06064, 37.059501], [-122.061578, 37.059241], [-122.061906, 37.059711], [-122.061885, 37.060224], [-122.063204, 37.060314], [-122.063576, 37.060326], [-122.063751, 37.059651]]]}}, {"id": "975", "type": "Feature", "properties": {"GEOID": "060871203022002", "POP100": 34, "density": 2940.2}, "geometry": {"type": "Polygon", "coordinates": [[[-122.089845, 37.090721], [-122.088235, 37.090387], [-122.087724, 37.090954], [-122.087451, 37.09167], [-122.087935, 37.091927], [-122.089567, 37.092133], [-122.089845, 37.090721]]]}}, {"id": "976", "type": "Feature", "properties": {"GEOID": "060871203022016", "POP100": 86, "density": 3285.7}, "geometry": {"type": "Polygon", "coordinates": [[[-122.087643, 37.088815], [-122.085409, 37.08762], [-122.084729, 37.086839], [-122.084127, 37.085641], [-122.08384, 37.084169], [-122.084374, 37.083886], [-122.083889, 37.083168], [-122.083303, 37.083006], [-122.082492, 37.08358], [-122.082188, 37.083956], [-122.082986, 37.08467], [-122.083956, 37.0869], [-122.084827, 37.08844], [-122.086762, 37.089034], [-122.087643, 37.088815]]]}}, {"id": "977", "type": "Feature", "properties": {"GEOID": "060871203022010", "POP100": 38, "density": 6683.4}, "geometry": {"type": "Polygon", "coordinates": [[[-122.088529, 37.086061], [-122.088269, 37.085681], [-122.088517, 37.085532], [-122.088451, 37.084965], [-122.088152, 37.08474], [-122.087428, 37.085462], [-122.087534, 37.086618], [-122.088262, 37.086618], [-122.088226, 37.08636], [-122.088529, 37.086061]]]}}, {"id": "978", "type": "Feature", "properties": {"GEOID": "060871206002031", "POP100": 23, "density": 33.5}, "geometry": {"type": "Polygon", "coordinates": [[[-122.067484, 37.090886], [-122.06769, 37.085645], [-122.066835, 37.085831], [-122.065512, 37.085357], [-122.06476, 37.084913], [-122.06455, 37.084582], [-122.064063, 37.082536], [-122.062559, 37.080399], [-122.058949, 37.078284], [-122.055776, 37.074591], [-122.055176, 37.07428], [-122.053585, 37.075782], [-122.052133, 37.078503], [-122.050916, 37.080209], [-122.050487, 37.081166], [-122.050568, 37.081861], [-122.050941, 37.082063], [-122.051106, 37.082377], [-122.051599, 37.083904], [-122.052052, 37.085838], [-122.051907, 37.086871], [-122.052374, 37.087311], [-122.052415, 37.088091], [-122.053089, 37.089215], [-122.052969, 37.089626], [-122.053251, 37.090231], [-122.053126, 37.090875], [-122.067484, 37.090886]]]}}, {"id": "991", "type": "Feature", "properties": {"GEOID": "060871206001023", "POP100": 141, "density": 2070.3}, "geometry": {"type": "Polygon", "coordinates": [[[-122.067344, 37.065027], [-122.067285, 37.064264], [-122.065835, 37.063954], [-122.064847, 37.063493], [-122.063942, 37.062748], [-122.063278, 37.061694], [-122.063576, 37.060326], [-122.061885, 37.060224], [-122.061906, 37.059711], [-122.061578, 37.059241], [-122.06064, 37.059501], [-122.060459, 37.059887], [-122.060609, 37.06021], [-122.060605, 37.062326], [-122.061144, 37.062347], [-122.061124, 37.063342], [-122.061331, 37.064338], [-122.063075, 37.064691], [-122.063971, 37.065103], [-122.067344, 37.065027]]]}}, {"id": "1042", "type": "Feature", "properties": {"GEOID": "060871206001006", "POP100": 24, "density": 5532.7}, "geometry": {"type": "Polygon", "coordinates": [[[-122.076399, 37.074789], [-122.076179, 37.074667], [-122.075285, 37.073689], [-122.074908, 37.074433], [-122.075416, 37.075087], [-122.075652, 37.075271], [-122.076399, 37.074789]]]}}, {"id": "1046", "type": "Feature", "properties": {"GEOID": "060871206001032", "POP100": 0, "density": 0.0}, "geometry": {"type": "Polygon", "coordinates": [[[-122.065303, 37.050336], [-122.064096, 37.049928], [-122.062473, 37.05283], [-122.061833, 37.05362], [-122.061979, 37.05372], [-122.062368, 37.05329], [-122.063136, 37.052029], [-122.064654, 37.051035], [-122.065303, 37.050336]]]}}, {"id": "1080", "type": "Feature", "properties": {"GEOID": "060871206002011", "POP100": 277, "density": 252.7}, "geometry": {"type": "Polygon", "coordinates": [[[-122.051959, 37.087184], [-122.051615, 37.086745], [-122.051855, 37.085558], [-122.050816, 37.082829], [-122.050495, 37.083402], [-122.049579, 37.084025], [-122.049228, 37.085095], [-122.047865, 37.085196], [-122.04691, 37.086008], [-122.046828, 37.086185], [-122.04702, 37.086534], [-122.046759, 37.087501], [-122.046218, 37.087562], [-122.045289, 37.087162], [-122.044603, 37.087445], [-122.044172, 37.088535], [-122.044872, 37.089829], [-122.043972, 37.090907], [-122.043543, 37.092034], [-122.043019, 37.092388], [-122.043023, 37.093277], [-122.041717, 37.093892], [-122.041562, 37.094106], [-122.041657, 37.094618], [-122.040911, 37.094737], [-122.039768, 37.095883], [-122.03961, 37.096901], [-122.039393, 37.097295], [-122.038779, 37.097747], [-122.03784, 37.098128], [-122.036239, 37.099947], [-122.035439, 37.100253], [-122.034472, 37.099851], [-122.034172, 37.099876], [-122.03366, 37.100819], [-122.030584, 37.103026], [-122.027651, 37.104695], [-122.027087, 37.104829], [-122.024945, 37.104837], [-122.023783, 37.105577], [-122.021951, 37.106015], [-122.022034, 37.113818], [-122.022869, 37.114057], [-122.022776, 37.114636], [-122.023652, 37.115135], [-122.024758, 37.114649], [-122.024844, 37.114323], [-122.024263, 37.113806], [-122.024264, 37.113519], [-122.024437, 37.113485], [-122.025014, 37.113909], [-122.025608, 37.114052], [-122.025847, 37.114544], [-122.026786, 37.115206], [-122.026737, 37.115839], [-122.026927, 37.116005], [-122.02756, 37.116133], [-122.028787, 37.116796], [-122.02891, 37.116703], [-122.028769, 37.116071], [-122.028901, 37.115838], [-122.029631, 37.115833], [-122.029993, 37.116077], [-122.030717, 37.115752], [-122.031848, 37.115949], [-122.032883, 37.115798], [-122.033706, 37.116019], [-122.033974, 37.116014], [-122.034255, 37.115762], [-122.034971, 37.115795], [-122.034944, 37.115608], [-122.034598, 37.115564], [-122.034297, 37.115311], [-122.034278, 37.114657], [-122.034965, 37.115006], [-122.035965, 37.11444], [-122.036765, 37.114294], [-122.037047, 37.114462], [-122.037023, 37.115193], [-122.037446, 37.115423], [-122.037427, 37.114996], [-122.037679, 37.114609], [-122.037613, 37.114304], [-122.038132, 37.113985], [-122.038051, 37.113674], [-122.038226, 37.113541], [-122.037766, 37.10627], [-122.044498, 37.096201], [-122.051959, 37.087184]]]}}, {"id": "1081", "type": "Feature", "properties": {"GEOID": "060871203012036", "POP100": 58, "density": 2908.8}, "geometry": {"type": "Polygon", "coordinates": [[[-122.075344, 37.044587], [-122.075366, 37.043898], [-122.074491, 37.044141], [-122.073486, 37.043979], [-122.072954, 37.044072], [-122.073438, 37.04544], [-122.073397, 37.046636], [-122.075273, 37.046673], [-122.075344, 37.044587]]]}}, {"id": "1084", "type": "Feature", "properties": {"GEOID": "060871207001019", "POP100": 0, "density": 0.0}, "geometry": {"type": "Polygon", "coordinates": [[[-122.064358, 37.049028], [-122.064333, 37.048084], [-122.064012, 37.047508], [-122.064133, 37.049131], [-122.064002, 37.049678], [-122.063777, 37.049789], [-122.064096, 37.049928], [-122.064358, 37.049028]]]}}, {"id": "1085", "type": "Feature", "properties": {"GEOID": "060871207002016", "POP100": 33, "density": 2128.9}, "geometry": {"type": "Polygon", "coordinates": [[[-122.065233, 37.031618], [-122.064996, 37.031275], [-122.063873, 37.031197], [-122.061947, 37.032605], [-122.060925, 37.034809], [-122.061341, 37.034899], [-122.062501, 37.033892], [-122.063237, 37.033525], [-122.062639, 37.0329], [-122.062894, 37.032421], [-122.063981, 37.031979], [-122.065014, 37.031812], [-122.065233, 37.031618]]]}}, {"id": "1091", "type": "Feature", "properties": {"GEOID": "060871203022007", "POP100": 43, "density": 4873.7}, "geometry": {"type": "Polygon", "coordinates": [[[-122.093808, 37.089677], [-122.093773, 37.089435], [-122.093285, 37.089018], [-122.091378, 37.088629], [-122.088529, 37.088303], [-122.088493, 37.088802], [-122.091262, 37.088889], [-122.093062, 37.08955], [-122.093652, 37.089966], [-122.093808, 37.089677]]]}}, {"id": "1138", "type": "Feature", "properties": {"GEOID": "060871207003007", "POP100": 25, "density": 224.0}, "geometry": {"type": "Polygon", "coordinates": [[[-122.063342, 37.018454], [-122.063254, 37.017624], [-122.061999, 37.014619], [-122.061318, 37.014418], [-122.060155, 37.01364], [-122.056194, 37.013127], [-122.056677, 37.013492], [-122.060522, 37.014322], [-122.062103, 37.019067], [-122.061983, 37.019542], [-122.060958, 37.021035], [-122.060729, 37.021941], [-122.060728, 37.023138], [-122.058959, 37.024223], [-122.058229, 37.025945], [-122.058332, 37.030251], [-122.058754, 37.032449], [-122.05799, 37.034333], [-122.057994, 37.034901], [-122.058279, 37.035435], [-122.063205, 37.030911], [-122.062836, 37.030615], [-122.061574, 37.030844], [-122.059264, 37.030398], [-122.058856, 37.030073], [-122.058785, 37.028987], [-122.059121, 37.028313], [-122.058881, 37.026243], [-122.059306, 37.02547], [-122.059443, 37.024448], [-122.060765, 37.023954], [-122.06136, 37.023237], [-122.061389, 37.021449], [-122.06239, 37.020155], [-122.063243, 37.019338], [-122.063342, 37.018454]]]}}, {"id": "1139", "type": "Feature", "properties": {"GEOID": "060871207002005", "POP100": 209, "density": 2256.1}, "geometry": {"type": "Polygon", "coordinates": [[[-122.07863, 37.035423], [-122.077661, 37.035384], [-122.075788, 37.035774], [-122.07508, 37.036191], [-122.074717, 37.036676], [-122.073967, 37.037189], [-122.073132, 37.037388], [-122.072183, 37.037227], [-122.07155, 37.03792], [-122.070227, 37.038475], [-122.06876, 37.038457], [-122.067129, 37.037728], [-122.066923, 37.037816], [-122.067713, 37.038325], [-122.06906, 37.038731], [-122.071658, 37.04043], [-122.072537, 37.041709], [-122.076779, 37.039916], [-122.075603, 37.037584], [-122.07744, 37.036804], [-122.077063, 37.036121], [-122.07863, 37.035423]]]}}, {"id": "1140", "type": "Feature", "properties": {"GEOID": "060871207002004", "POP100": 29, "density": 5113.7}, "geometry": {"type": "Polygon", "coordinates": [[[-122.073836, 37.04311], [-122.073975, 37.043069], [-122.07315, 37.041452], [-122.072537, 37.041709], [-122.072771, 37.043231], [-122.073836, 37.04311]]]}}, {"id": "1141", "type": "Feature", "properties": {"GEOID": "060871207002003", "POP100": 55, "density": 7878.8}, "geometry": {"type": "Polygon", "coordinates": [[[-122.074811, 37.042607], [-122.07408, 37.041062], [-122.07315, 37.041452], [-122.073975, 37.043069], [-122.074811, 37.042607]]]}}, {"id": "1142", "type": "Feature", "properties": {"GEOID": "060871207002012", "POP100": 16, "density": 3046.1}, "geometry": {"type": "Polygon", "coordinates": [[[-122.065411, 37.032579], [-122.065515, 37.032143], [-122.064712, 37.032231], [-122.064552, 37.032621], [-122.063949, 37.032682], [-122.063892, 37.03287], [-122.064731, 37.033597], [-122.065256, 37.033418], [-122.065411, 37.032579]]]}}, {"id": "1143", "type": "Feature", "properties": {"GEOID": "060871207001021", "POP100": 40, "density": 130.4}, "geometry": {"type": "Polygon", "coordinates": [[[-122.072881, 37.043882], [-122.072798, 37.043514], [-122.072144, 37.043799], [-122.071815, 37.043777], [-122.070718, 37.04131], [-122.069614, 37.040101], [-122.068538, 37.039766], [-122.068202, 37.039503], [-122.066961, 37.039343], [-122.066283, 37.039371], [-122.065364, 37.0397], [-122.064576, 37.039607], [-122.064233, 37.037623], [-122.061094, 37.035491], [-122.060169, 37.035177], [-122.05881, 37.036475], [-122.059754, 37.038319], [-122.060124, 37.038759], [-122.062326, 37.039893], [-122.063052, 37.040641], [-122.064169, 37.044596], [-122.064333, 37.048084], [-122.065311, 37.049404], [-122.065824, 37.04864], [-122.066441, 37.048256], [-122.068319, 37.047992], [-122.068627, 37.0478], [-122.07019, 37.047475], [-122.071527, 37.047376], [-122.071877, 37.04703], [-122.072144, 37.045937], [-122.071914, 37.044066], [-122.072881, 37.043882]]]}}, {"id": "1144", "type": "Feature", "properties": {"GEOID": "060871207001015", "POP100": 26, "density": 2208.0}, "geometry": {"type": "Polygon", "coordinates": [[[-122.06099, 37.0501], [-122.060468, 37.049791], [-122.059887, 37.050359], [-122.0586, 37.050972], [-122.05802, 37.0522], [-122.057592, 37.052588], [-122.055842, 37.052883], [-122.057453, 37.052869], [-122.058737, 37.052039], [-122.060003, 37.05154], [-122.060269, 37.050947], [-122.060524, 37.050916], [-122.06099, 37.0501]]]}}, {"id": "1145", "type": "Feature", "properties": {"GEOID": "060871207002008", "POP100": 41, "density": 9097.8}, "geometry": {"type": "Polygon", "coordinates": [[[-122.077741, 37.039514], [-122.077255, 37.03851], [-122.076254, 37.038927], [-122.076779, 37.039916], [-122.077741, 37.039514]]]}}, {"id": "1146", "type": "Feature", "properties": {"GEOID": "060871207002006", "POP100": 34, "density": 5529.6}, "geometry": {"type": "Polygon", "coordinates": [[[-122.077255, 37.03851], [-122.076586, 37.037167], [-122.075603, 37.037584], [-122.076254, 37.038927], [-122.077255, 37.03851]]]}}, {"id": "1154", "type": "Feature", "properties": {"GEOID": "060871207002015", "POP100": 11, "density": 959.3}, "geometry": {"type": "Polygon", "coordinates": [[[-122.064046, 37.034575], [-122.063794, 37.033936], [-122.063237, 37.033525], [-122.062501, 37.033892], [-122.061264, 37.034915], [-122.062694, 37.035663], [-122.063113, 37.035244], [-122.063437, 37.034612], [-122.063641, 37.03447], [-122.064046, 37.034575]]]}}, {"id": "1155", "type": "Feature", "properties": {"GEOID": "060871207002014", "POP100": 43, "density": 7756.1}, "geometry": {"type": "Polygon", "coordinates": [[[-122.064592, 37.035177], [-122.064046, 37.034575], [-122.063641, 37.03447], [-122.062694, 37.035663], [-122.063454, 37.035974], [-122.064592, 37.035177]]]}}, {"id": "1156", "type": "Feature", "properties": {"GEOID": "060871207003008", "POP100": 0, "density": 0.0}, "geometry": {"type": "Polygon", "coordinates": [[[-122.074998, 37.020461], [-122.074781, 37.019075], [-122.074037, 37.018919], [-122.072965, 37.018314], [-122.072745, 37.017895], [-122.072912, 37.017251], [-122.072786, 37.016895], [-122.072306, 37.016388], [-122.071072, 37.015647], [-122.070761, 37.015144], [-122.070652, 37.014544], [-122.069744, 37.014481], [-122.068944, 37.014127], [-122.068699, 37.013691], [-122.068221, 37.011862], [-122.067226, 37.010508], [-122.06469, 37.009475], [-122.062028, 37.009732], [-122.061668, 37.009517], [-122.061368, 37.009058], [-122.060864, 37.008778], [-122.058079, 37.00806], [-122.057297, 37.007337], [-122.05516, 37.006041], [-122.055013, 37.005376], [-122.055404, 37.003847], [-122.054759, 37.003206], [-122.054174, 37.002884], [-122.052782, 37.002738], [-122.052085, 37.002229], [-122.052071, 37.002077], [-122.051008, 37.001574], [-122.05246, 37.00982], [-122.049793, 37.010773], [-122.050176, 37.011013], [-122.052439, 37.011217], [-122.052951, 37.011602], [-122.05408, 37.01192], [-122.05469, 37.012347], [-122.055482, 37.012603], [-122.056194, 37.013127], [-122.060271, 37.013684], [-122.061318, 37.014418], [-122.062096, 37.014713], [-122.062214, 37.015352], [-122.062671, 37.016062], [-122.063254, 37.017624], [-122.063283, 37.019261], [-122.061412, 37.021394], [-122.06136, 37.023237], [-122.060765, 37.023954], [-122.059635, 37.024288], [-122.05941, 37.024545], [-122.059306, 37.02547], [-122.058881, 37.026243], [-122.059121, 37.028313], [-122.058812, 37.028755], [-122.058796, 37.029839], [-122.059101, 37.030305], [-122.061574, 37.030844], [-122.06298, 37.030635], [-122.063205, 37.030911], [-122.069751, 37.023728], [-122.073817, 37.023747], [-122.074184, 37.021504], [-122.074998, 37.020461]]]}}, {"id": "1159", "type": "Feature", "properties": {"GEOID": "060871207002010", "POP100": 145, "density": 667.5}, "geometry": {"type": "Polygon", "coordinates": [[[-122.076594, 37.032841], [-122.076337, 37.032111], [-122.074825, 37.0314], [-122.074543, 37.031397], [-122.074052, 37.031698], [-122.073875, 37.031444], [-122.073778, 37.030589], [-122.073516, 37.030382], [-122.073233, 37.030437], [-122.073225, 37.030791], [-122.072957, 37.030991], [-122.072436, 37.031134], [-122.071501, 37.030987], [-122.071186, 37.031413], [-122.070979, 37.031407], [-122.070875, 37.030974], [-122.071111, 37.030578], [-122.071617, 37.030438], [-122.072387, 37.030522], [-122.072769, 37.030251], [-122.07256, 37.029886], [-122.07171, 37.029926], [-122.071335, 37.029645], [-122.07246, 37.028837], [-122.073119, 37.028002], [-122.072342, 37.027348], [-122.072205, 37.027907], [-122.071567, 37.028129], [-122.070337, 37.029003], [-122.070043, 37.03053], [-122.06907, 37.031505], [-122.067411, 37.031388], [-122.067269, 37.031531], [-122.067287, 37.03189], [-122.066927, 37.032106], [-122.065918, 37.031817], [-122.065501, 37.031898], [-122.065222, 37.031673], [-122.063052, 37.032322], [-122.062635, 37.032765], [-122.062806, 37.033155], [-122.063794, 37.033936], [-122.06419, 37.034847], [-122.065067, 37.035564], [-122.066122, 37.037108], [-122.066909, 37.037201], [-122.068086, 37.036187], [-122.068907, 37.036205], [-122.069895, 37.035626], [-122.070154, 37.036092], [-122.070078, 37.037471], [-122.069832, 37.037946], [-122.069208, 37.038159], [-122.067775, 37.038061], [-122.068629, 37.038426], [-122.069593, 37.038523], [-122.071022, 37.038216], [-122.072751, 37.035929], [-122.073012, 37.035159], [-122.072548, 37.034843], [-122.072624, 37.034529], [-122.073117, 37.0342], [-122.073088, 37.033542], [-122.073583, 37.032562], [-122.074375, 37.032569], [-122.074502, 37.033065], [-122.075969, 37.032654], [-122.076594, 37.032841]], [[-122.065515, 37.032143], [-122.065256, 37.033418], [-122.064587, 37.033571], [-122.063908, 37.032911], [-122.063949, 37.032682], [-122.064604, 37.032577], [-122.064664, 37.032244], [-122.065515, 37.032143]]]}}, {"id": "1224", "type": "Feature", "properties": {"GEOID": "060871206002036", "POP100": 0, "density": 0.0}, "geometry": {"type": "Polygon", "coordinates": [[[-122.053251, 37.090231], [-122.052969, 37.089626], [-122.053089, 37.089215], [-122.052641, 37.088476], [-122.052067, 37.088162], [-122.052152, 37.087596], [-122.051959, 37.087184], [-122.048893, 37.090886], [-122.053126, 37.090875], [-122.053251, 37.090231]]]}}, {"id": "1225", "type": "Feature", "properties": {"GEOID": "060871203021018", "POP100": 0, "density": 0.0}, "geometry": {"type": "Polygon", "coordinates": [[[-122.07994, 37.058961], [-122.07993, 37.058616], [-122.079042, 37.059122], [-122.07934, 37.0596], [-122.079861, 37.059271], [-122.07994, 37.058961]]]}}, {"id": "1246", "type": "Feature", "properties": {"GEOID": "060871207003001", "POP100": 20, "density": 13.6}, "geometry": {"type": "Polygon", "coordinates": [[[-122.060705, 37.019161], [-122.060753, 37.018711], [-122.060458, 37.017529], [-122.059125, 37.015323], [-122.058546, 37.014884], [-122.057327, 37.014444], [-122.056607, 37.014601], [-122.056095, 37.015488], [-122.055426, 37.015649], [-122.054269, 37.015274], [-122.052096, 37.014021], [-122.050952, 37.013872], [-122.050295, 37.014203], [-122.050299, 37.01462], [-122.050746, 37.015356], [-122.0525, 37.017297], [-122.053017, 37.018796], [-122.053033, 37.01967], [-122.052848, 37.020251], [-122.052331, 37.020779], [-122.051747, 37.020952], [-122.051037, 37.020867], [-122.050374, 37.020565], [-122.04903, 37.01947], [-122.047573, 37.017386], [-122.045561, 37.013634], [-122.044936, 37.013246], [-122.044194, 37.013078], [-122.042772, 37.013675], [-122.034291, 37.014654], [-122.036166, 37.019374], [-122.037055, 37.022845], [-122.040872, 37.031688], [-122.041469, 37.034018], [-122.042373, 37.033896], [-122.045317, 37.034722], [-122.046723, 37.034838], [-122.049438, 37.03459], [-122.050464, 37.034204], [-122.051842, 37.033316], [-122.052765, 37.033162], [-122.054168, 37.033326], [-122.055212, 37.03381], [-122.057942, 37.035769], [-122.058279, 37.035435], [-122.057953, 37.034651], [-122.058234, 37.033858], [-122.056845, 37.0322], [-122.056304, 37.03076], [-122.056366, 37.030469], [-122.057641, 37.029859], [-122.057887, 37.029227], [-122.057798, 37.026865], [-122.057196, 37.024716], [-122.058011, 37.024255], [-122.058073, 37.024007], [-122.057285, 37.023249], [-122.057182, 37.022694], [-122.057484, 37.022343], [-122.057909, 37.022244], [-122.059608, 37.022683], [-122.059992, 37.022623], [-122.060149, 37.02242], [-122.060108, 37.021112], [-122.060705, 37.019161]]]}}, {"id": "1297", "type": "Feature", "properties": {"GEOID": "060871202001016", "POP100": 18, "density": 1334.3}, "geometry": {"type": "Polygon", "coordinates": [[[-122.11409, 37.045935], [-122.114042, 37.044834], [-122.112038, 37.045109], [-122.111743, 37.045801], [-122.110251, 37.045844], [-122.111482, 37.046251], [-122.112097, 37.046754], [-122.11409, 37.045935]]]}}, {"id": "1306", "type": "Feature", "properties": {"GEOID": "060871203011019", "POP100": 6, "density": 1942.5}, "geometry": {"type": "Polygon", "coordinates": [[[-122.095122, 37.091289], [-122.09476, 37.090973], [-122.094068, 37.090337], [-122.093712, 37.091298], [-122.094775, 37.091396], [-122.095122, 37.091289]]]}}, {"id": "1307", "type": "Feature", "properties": {"GEOID": "060871203011027", "POP100": 5, "density": 824.4}, "geometry": {"type": "Polygon", "coordinates": [[[-122.101589, 37.091718], [-122.099237, 37.09165], [-122.09653, 37.091187], [-122.097293, 37.091659], [-122.099351, 37.09195], [-122.101422, 37.09201], [-122.101589, 37.091718]]]}}, {"id": "1329", "type": "Feature", "properties": {"GEOID": "060871203011000", "POP100": 354, "density": 426.8}, "geometry": {"type": "Polygon", "coordinates": [[[-122.106281, 37.1098], [-122.105094, 37.109311], [-122.104448, 37.108388], [-122.103892, 37.106553], [-122.103699, 37.104757], [-122.103725, 37.102768], [-122.103389, 37.102103], [-122.102661, 37.101686], [-122.10083, 37.101329], [-122.099183, 37.100198], [-122.097406, 37.099308], [-122.096658, 37.099237], [-122.094785, 37.099473], [-122.094298, 37.099287], [-122.09445, 37.09792], [-122.094366, 37.096867], [-122.093596, 37.093843], [-122.092389, 37.093474], [-122.092485, 37.092798], [-122.093184, 37.09116], [-122.093287, 37.090435], [-122.093652, 37.089966], [-122.092675, 37.089415], [-122.091472, 37.08949], [-122.091221, 37.090829], [-122.091707, 37.090963], [-122.091855, 37.091377], [-122.091751, 37.091919], [-122.09142, 37.09231], [-122.087935, 37.091927], [-122.087451, 37.09167], [-122.086945, 37.093257], [-122.08692, 37.093942], [-122.086138, 37.094773], [-122.086648, 37.095305], [-122.08621, 37.095832], [-122.085846, 37.097063], [-122.086004, 37.097849], [-122.086409, 37.098255], [-122.086135, 37.09931], [-122.086265, 37.099629], [-122.086135, 37.100008], [-122.08617, 37.101596], [-122.085853, 37.101905], [-122.085585, 37.1028], [-122.085965, 37.103518], [-122.08563, 37.105212], [-122.085734, 37.106707], [-122.087154, 37.108793], [-122.089787, 37.11094], [-122.089914, 37.111221], [-122.091929, 37.112436], [-122.093329, 37.113842], [-122.093624, 37.114458], [-122.095882, 37.116221], [-122.097496, 37.11797], [-122.097096, 37.114383], [-122.096647, 37.113072], [-122.100985, 37.108953], [-122.106281, 37.1098]], [[-122.1031, 37.10434], [-122.103088, 37.105517], [-122.102372, 37.10554], [-122.102395, 37.104352], [-122.1031, 37.10434]], [[-122.096525, 37.109405], [-122.096491, 37.109701], [-122.096109, 37.110133], [-122.094733, 37.110697], [-122.093816, 37.110976], [-122.092524, 37.110692], [-122.092062, 37.110377], [-122.090741, 37.108643], [-122.089884, 37.108223], [-122.088885, 37.107171], [-122.088178, 37.107003], [-122.087482, 37.105632], [-122.087416, 37.105157], [-122.08697, 37.104712], [-122.086971, 37.104176], [-122.087409, 37.103455], [-122.086986, 37.099631], [-122.088308, 37.10049], [-122.088698, 37.100976], [-122.088944, 37.100975], [-122.08894, 37.101442], [-122.089563, 37.102008], [-122.092563, 37.103274], [-122.092716, 37.103489], [-122.092682, 37.104374], [-122.093857, 37.10597], [-122.094715, 37.107533], [-122.09563, 37.108144], [-122.096525, 37.109405]]]}}, {"id": "1330", "type": "Feature", "properties": {"GEOID": "060871203021015", "POP100": 16, "density": 2451.6}, "geometry": {"type": "Polygon", "coordinates": [[[-122.081002, 37.052687], [-122.080994, 37.052534], [-122.080522, 37.052722], [-122.079741, 37.053413], [-122.079918, 37.053504], [-122.07969, 37.053919], [-122.07972, 37.054627], [-122.0795, 37.054966], [-122.079715, 37.055651], [-122.081002, 37.052687]]]}}, {"id": "1331", "type": "Feature", "properties": {"GEOID": "060871203021012", "POP100": 29, "density": 1014.4}, "geometry": {"type": "Polygon", "coordinates": [[[-122.09258, 37.083948], [-122.091908, 37.083159], [-122.091631, 37.082542], [-122.090057, 37.082926], [-122.08962, 37.083754], [-122.089298, 37.083901], [-122.088735, 37.083724], [-122.088445, 37.082812], [-122.087862, 37.08266], [-122.087455, 37.08282], [-122.088126, 37.083396], [-122.088391, 37.084005], [-122.089026, 37.08442], [-122.089577, 37.085484], [-122.090388, 37.085428], [-122.091678, 37.085774], [-122.091565, 37.085337], [-122.09167, 37.085063], [-122.091163, 37.084822], [-122.091027, 37.0845], [-122.09258, 37.083948]]]}}, {"id": "1332", "type": "Feature", "properties": {"GEOID": "060871203022024", "POP100": 70, "density": 2272.7}, "geometry": {"type": "Polygon", "coordinates": [[[-122.084495, 37.074245], [-122.084321, 37.072548], [-122.084055, 37.072536], [-122.082071, 37.071329], [-122.082416, 37.070947], [-122.082988, 37.07127], [-122.084149, 37.071185], [-122.084259, 37.070418], [-122.084136, 37.069765], [-122.082192, 37.070233], [-122.080203, 37.069876], [-122.07975, 37.069942], [-122.079675, 37.070426], [-122.080093, 37.070948], [-122.083296, 37.072871], [-122.083838, 37.07342], [-122.083954, 37.074249], [-122.084495, 37.074245]]]}}, {"id": "1353", "type": "Feature", "properties": {"GEOID": "060871207001025", "POP100": 0, "density": 0.0}, "geometry": {"type": "Polygon", "coordinates": [[[-122.072311, 37.052616], [-122.072179, 37.052248], [-122.071836, 37.052223], [-122.070921, 37.050791], [-122.068341, 37.051307], [-122.072311, 37.052616]]]}}, {"id": "1354", "type": "Feature", "properties": {"GEOID": "060871207001022", "POP100": 112, "density": 3809.5}, "geometry": {"type": "Polygon", "coordinates": [[[-122.070921, 37.050791], [-122.070136, 37.050041], [-122.068826, 37.049382], [-122.06847, 37.049041], [-122.068065, 37.048322], [-122.068319, 37.047992], [-122.066297, 37.048316], [-122.065659, 37.048816], [-122.065311, 37.049404], [-122.068341, 37.051307], [-122.070921, 37.050791]], [[-122.070039, 37.050522], [-122.068636, 37.050583], [-122.067296, 37.050278], [-122.068131, 37.049326], [-122.070039, 37.050522]]]}}, {"id": "1372", "type": "Feature", "properties": {"GEOID": "060871207003006", "POP100": 0, "density": 0.0}, "geometry": {"type": "Polygon", "coordinates": [[[-122.062094, 37.019342], [-122.060522, 37.014322], [-122.056677, 37.013492], [-122.055834, 37.012883], [-122.05458, 37.01272], [-122.052539, 37.012163], [-122.050253, 37.011344], [-122.049765, 37.010924], [-122.048304, 37.01184], [-122.044392, 37.013119], [-122.045136, 37.013327], [-122.045561, 37.013634], [-122.047573, 37.017386], [-122.04903, 37.01947], [-122.050199, 37.020455], [-122.05121, 37.020906], [-122.05201, 37.020904], [-122.052595, 37.020585], [-122.053033, 37.01967], [-122.053048, 37.019005], [-122.0525, 37.017297], [-122.050792, 37.015418], [-122.050299, 37.01462], [-122.050277, 37.014235], [-122.050534, 37.01399], [-122.051177, 37.013878], [-122.052262, 37.014075], [-122.054269, 37.015274], [-122.055381, 37.015646], [-122.056095, 37.015488], [-122.056607, 37.014601], [-122.057327, 37.014444], [-122.058655, 37.014946], [-122.059432, 37.015757], [-122.060458, 37.017529], [-122.060753, 37.018711], [-122.060108, 37.021112], [-122.060149, 37.02242], [-122.059992, 37.022623], [-122.059608, 37.022683], [-122.057909, 37.022244], [-122.057237, 37.022557], [-122.057285, 37.023249], [-122.058073, 37.024007], [-122.058011, 37.024255], [-122.057196, 37.024716], [-122.057798, 37.026865], [-122.057887, 37.029227], [-122.057641, 37.029859], [-122.056859, 37.03015], [-122.056304, 37.030612], [-122.056845, 37.0322], [-122.058234, 37.033858], [-122.058754, 37.032449], [-122.058332, 37.030251], [-122.058229, 37.025945], [-122.058959, 37.024223], [-122.060728, 37.023138], [-122.060729, 37.021941], [-122.060958, 37.021035], [-122.062094, 37.019342]]]}}, {"id": "1421", "type": "Feature", "properties": {"GEOID": "060871206002017", "POP100": 0, "density": 0.0}, "geometry": {"type": "Polygon", "coordinates": [[[-122.071037, 37.097687], [-122.070351, 37.097521], [-122.06891, 37.097515], [-122.064538, 37.098922], [-122.066159, 37.098786], [-122.068726, 37.097767], [-122.071037, 37.097687]]]}}, {"id": "1422", "type": "Feature", "properties": {"GEOID": "060871203021003", "POP100": 24, "density": 3934.7}, "geometry": {"type": "Polygon", "coordinates": [[[-122.093373, 37.082718], [-122.092165, 37.0812], [-122.090435, 37.080907], [-122.090513, 37.081207], [-122.090274, 37.081486], [-122.091498, 37.081676], [-122.093373, 37.082718]]]}}, {"id": "1424", "type": "Feature", "properties": {"GEOID": "060871206001009", "POP100": 38, "density": 7362.3}, "geometry": {"type": "Polygon", "coordinates": [[[-122.076346, 37.075799], [-122.075652, 37.075271], [-122.074981, 37.075636], [-122.074503, 37.076154], [-122.075739, 37.07638], [-122.076209, 37.076199], [-122.076346, 37.075799]]]}}, {"id": "1425", "type": "Feature", "properties": {"GEOID": "060871206001022", "POP100": 42, "density": 5859.1}, "geometry": {"type": "Polygon", "coordinates": [[[-122.079082, 37.077346], [-122.078877, 37.076668], [-122.078366, 37.075839], [-122.07781, 37.07555], [-122.077281, 37.07564], [-122.077093, 37.075991], [-122.077825, 37.076475], [-122.078325, 37.077598], [-122.079082, 37.077346]]]}}, {"id": "1427", "type": "Feature", "properties": {"GEOID": "060871203011013", "POP100": 0, "density": 0.0}, "geometry": {"type": "Polygon", "coordinates": [[[-122.115179, 37.098305], [-122.114778, 37.097657], [-122.114241, 37.097412], [-122.113907, 37.09794], [-122.113461, 37.09818], [-122.113547, 37.098312], [-122.113946, 37.098136], [-122.114497, 37.098138], [-122.114959, 37.098508], [-122.115179, 37.098305]]]}}, {"id": "1429", "type": "Feature", "properties": {"GEOID": "060871203011037", "POP100": 0, "density": 0.0}, "geometry": {"type": "Polygon", "coordinates": [[[-122.115191, 37.068657], [-122.114688, 37.058994], [-122.114104, 37.059025], [-122.114542, 37.068657], [-122.115191, 37.068657]]]}}, {"id": "1444", "type": "Feature", "properties": {"GEOID": "060871207001003", "POP100": 54, "density": 829.1}, "geometry": {"type": "Polygon", "coordinates": [[[-122.062451, 37.052267], [-122.062389, 37.051772], [-122.061539, 37.051481], [-122.060586, 37.052684], [-122.059057, 37.052569], [-122.057535, 37.053964], [-122.053868, 37.053393], [-122.05264, 37.053783], [-122.050947, 37.053596], [-122.050853, 37.054803], [-122.05105, 37.054861], [-122.050878, 37.055159], [-122.054597, 37.054783], [-122.057509, 37.055685], [-122.059758, 37.055769], [-122.059894, 37.055438], [-122.060095, 37.055429], [-122.060648, 37.053107], [-122.061087, 37.05275], [-122.062451, 37.052267]], [[-122.059876, 37.053198], [-122.059539, 37.054617], [-122.058573, 37.055374], [-122.057607, 37.055291], [-122.059252, 37.054086], [-122.059364, 37.053458], [-122.059064, 37.053263], [-122.059876, 37.053198]]]}}, {"id": "1462", "type": "Feature", "properties": {"GEOID": "060871203013024", "POP100": 395, "density": 1290.3}, "geometry": {"type": "Polygon", "coordinates": [[[-122.085722, 37.094623], [-122.085405, 37.092813], [-122.085628, 37.091549], [-122.084433, 37.091562], [-122.084406, 37.090935], [-122.082625, 37.086521], [-122.081125, 37.086421], [-122.081105, 37.084991], [-122.082011, 37.084731], [-122.082466, 37.085578], [-122.083258, 37.085366], [-122.082986, 37.08467], [-122.082352, 37.084049], [-122.081674, 37.083818], [-122.079986, 37.084217], [-122.079547, 37.084592], [-122.078481, 37.086241], [-122.077886, 37.088896], [-122.078251, 37.089746], [-122.078239, 37.090274], [-122.077061, 37.091399], [-122.077352, 37.091859], [-122.079523, 37.092137], [-122.079523, 37.092755], [-122.077974, 37.092647], [-122.077574, 37.092947], [-122.07728, 37.092947], [-122.077066, 37.098042], [-122.08172, 37.098049], [-122.081767, 37.096216], [-122.083323, 37.096301], [-122.084026, 37.095942], [-122.084613, 37.09609], [-122.085209, 37.095425], [-122.085691, 37.095195], [-122.085722, 37.094623]]]}}, {"id": "1463", "type": "Feature", "properties": {"GEOID": "060871206002041", "POP100": 41, "density": 1053.4}, "geometry": {"type": "Polygon", "coordinates": [[[-122.057502, 37.066644], [-122.057431, 37.066068], [-122.055974, 37.066062], [-122.056479, 37.067422], [-122.056546, 37.068217], [-122.05507, 37.07024], [-122.054601, 37.072182], [-122.053875, 37.073428], [-122.055591, 37.073869], [-122.055925, 37.073407], [-122.056274, 37.07246], [-122.056817, 37.069099], [-122.057502, 37.066644]]]}}, {"id": "1474", "type": "Feature", "properties": {"GEOID": "060871203021019", "POP100": 74, "density": 4836.6}, "geometry": {"type": "Polygon", "coordinates": [[[-122.080044, 37.062846], [-122.07997, 37.06126], [-122.079042, 37.059122], [-122.078302, 37.059464], [-122.079137, 37.061145], [-122.079344, 37.061985], [-122.07935, 37.062984], [-122.079032, 37.064937], [-122.079556, 37.064869], [-122.080044, 37.062846]]]}}, {"id": "1475", "type": "Feature", "properties": {"GEOID": "060871203022026", "POP100": 27, "density": 14774.9}, "geometry": {"type": "Polygon", "coordinates": [[[-122.083057, 37.071682], [-122.083046, 37.071272], [-122.082416, 37.070947], [-122.082071, 37.071329], [-122.082901, 37.071845], [-122.083057, 37.071682]]]}}, {"id": "1477", "type": "Feature", "properties": {"GEOID": "060871206001007", "POP100": 32, "density": 6528.5}, "geometry": {"type": "Polygon", "coordinates": [[[-122.07781, 37.07555], [-122.077241, 37.075066], [-122.076399, 37.074789], [-122.075652, 37.075271], [-122.077093, 37.075991], [-122.077354, 37.075592], [-122.07781, 37.07555]]]}}, {"id": "1486", "type": "Feature", "properties": {"GEOID": "060871206002033", "POP100": 111, "density": 504.0}, "geometry": {"type": "Polygon", "coordinates": [[[-122.057767, 37.101566], [-122.057059, 37.100311], [-122.057414, 37.099824], [-122.057457, 37.099475], [-122.057247, 37.098771], [-122.057678, 37.098688], [-122.057568, 37.090886], [-122.053126, 37.090875], [-122.052866, 37.092287], [-122.052972, 37.094665], [-122.052712, 37.095771], [-122.052904, 37.096757], [-122.053379, 37.097581], [-122.053104, 37.098704], [-122.053313, 37.100272], [-122.051966, 37.102221], [-122.051718, 37.103548], [-122.052122, 37.104321], [-122.051496, 37.105245], [-122.051915, 37.105223], [-122.05218, 37.104777], [-122.052451, 37.10467], [-122.052707, 37.105019], [-122.052704, 37.105628], [-122.05305, 37.105659], [-122.053192, 37.105519], [-122.053464, 37.104786], [-122.053725, 37.104542], [-122.05295, 37.103341], [-122.052981, 37.10309], [-122.052755, 37.102747], [-122.05281, 37.1023], [-122.053621, 37.101436], [-122.054271, 37.101096], [-122.054035, 37.100838], [-122.05441, 37.100347], [-122.055367, 37.100903], [-122.054955, 37.101542], [-122.054168, 37.101827], [-122.053787, 37.102698], [-122.054236, 37.103106], [-122.054004, 37.103621], [-122.05461, 37.10464], [-122.054305, 37.105131], [-122.054671, 37.105403], [-122.055299, 37.104864], [-122.055397, 37.104115], [-122.055047, 37.103464], [-122.054977, 37.10297], [-122.055115, 37.102756], [-122.055499, 37.102577], [-122.056928, 37.102497], [-122.057767, 37.101566]]]}}, {"id": "1487", "type": "Feature", "properties": {"GEOID": "060871206002044", "POP100": 166, "density": 1113.4}, "geometry": {"type": "Polygon", "coordinates": [[[-122.053322, 37.097923], [-122.053294, 37.097259], [-122.052904, 37.096757], [-122.052712, 37.095771], [-122.052972, 37.094665], [-122.052883, 37.092983], [-122.052384, 37.093762], [-122.052319, 37.094915], [-122.051843, 37.095756], [-122.051739, 37.096908], [-122.051358, 37.096506], [-122.051743, 37.095205], [-122.051475, 37.093551], [-122.051685, 37.092188], [-122.050821, 37.091225], [-122.050169, 37.091092], [-122.050058, 37.091476], [-122.049335, 37.091586], [-122.049095, 37.091841], [-122.049612, 37.092379], [-122.050175, 37.093586], [-122.049685, 37.095352], [-122.04906, 37.095524], [-122.048991, 37.095721], [-122.049459, 37.096816], [-122.049536, 37.097943], [-122.049937, 37.09843], [-122.050116, 37.099183], [-122.049913, 37.100772], [-122.050035, 37.101162], [-122.049611, 37.102238], [-122.047886, 37.102659], [-122.047574, 37.102882], [-122.04781, 37.103236], [-122.047697, 37.103975], [-122.046718, 37.104484], [-122.046617, 37.104634], [-122.046717, 37.104843], [-122.046908, 37.104889], [-122.047066, 37.10456], [-122.047796, 37.104655], [-122.048458, 37.104437], [-122.048433, 37.104041], [-122.048785, 37.103699], [-122.049302, 37.104653], [-122.049489, 37.104641], [-122.049605, 37.104351], [-122.049534, 37.104009], [-122.049755, 37.10398], [-122.050909, 37.104778], [-122.050979, 37.105054], [-122.051201, 37.105015], [-122.051438, 37.10452], [-122.051801, 37.104365], [-122.051642, 37.10396], [-122.051829, 37.103815], [-122.051717, 37.103222], [-122.052073, 37.101954], [-122.053313, 37.100272], [-122.053104, 37.098704], [-122.053322, 37.097923]]]}}, {"id": "1488", "type": "Feature", "properties": {"GEOID": "060871206002032", "POP100": 11, "density": 1588.2}, "geometry": {"type": "Polygon", "coordinates": [[[-122.052641, 37.088476], [-122.052415, 37.088091], [-122.052374, 37.087311], [-122.051907, 37.086871], [-122.052052, 37.085838], [-122.051599, 37.083904], [-122.051106, 37.082377], [-122.050941, 37.082063], [-122.050568, 37.081861], [-122.050914, 37.083227], [-122.051463, 37.084268], [-122.051855, 37.085558], [-122.051615, 37.086745], [-122.052122, 37.087421], [-122.052067, 37.088162], [-122.052641, 37.088476]]]}}, {"id": "1490", "type": "Feature", "properties": {"GEOID": "060871206002003", "POP100": 18, "density": 1030.5}, "geometry": {"type": "Polygon", "coordinates": [[[-122.0501, 37.099758], [-122.049985, 37.098565], [-122.04991, 37.098975], [-122.049378, 37.099168], [-122.049497, 37.099716], [-122.049073, 37.10125], [-122.049156, 37.101795], [-122.046658, 37.10239], [-122.04613, 37.102944], [-122.046095, 37.103376], [-122.046877, 37.103462], [-122.047806, 37.102689], [-122.049611, 37.102238], [-122.050035, 37.101162], [-122.049913, 37.100772], [-122.0501, 37.099758]]]}}, {"id": "1491", "type": "Feature", "properties": {"GEOID": "060871206002004", "POP100": 30, "density": 471.1}, "geometry": {"type": "Polygon", "coordinates": [[[-122.049497, 37.099716], [-122.049378, 37.099168], [-122.048633, 37.09912], [-122.046731, 37.0994], [-122.046547, 37.099727], [-122.04608, 37.100016], [-122.043695, 37.100522], [-122.043741, 37.101575], [-122.043326, 37.101868], [-122.043223, 37.102409], [-122.043702, 37.102917], [-122.043641, 37.103788], [-122.043805, 37.104108], [-122.044518, 37.103375], [-122.044945, 37.103372], [-122.04613, 37.102944], [-122.046445, 37.102523], [-122.046888, 37.10229], [-122.049109, 37.101846], [-122.049073, 37.10125], [-122.049497, 37.099716]]]}}, {"id": "1492", "type": "Feature", "properties": {"GEOID": "060871206002042", "POP100": 67, "density": 1490.1}, "geometry": {"type": "Polygon", "coordinates": [[[-122.058787, 37.059916], [-122.058603, 37.059437], [-122.057938, 37.060121], [-122.058174, 37.060048], [-122.056516, 37.061106], [-122.055991, 37.061806], [-122.055995, 37.063177], [-122.057395, 37.065976], [-122.057511, 37.066512], [-122.056817, 37.069099], [-122.056202, 37.072749], [-122.055787, 37.073623], [-122.055176, 37.07428], [-122.055708, 37.074528], [-122.056035, 37.074127], [-122.056677, 37.073793], [-122.056865, 37.073411], [-122.057155, 37.072432], [-122.05699, 37.071568], [-122.057081, 37.070838], [-122.057507, 37.069644], [-122.058192, 37.068566], [-122.058544, 37.067278], [-122.056694, 37.063025], [-122.056405, 37.061875], [-122.056909, 37.061343], [-122.05837, 37.060561], [-122.058787, 37.059916]]]}}, {"id": "1499", "type": "Feature", "properties": {"GEOID": "060871207001004", "POP100": 34, "density": 5959.2}, "geometry": {"type": "Polygon", "coordinates": [[[-122.059875, 37.053278], [-122.05976, 37.053119], [-122.059064, 37.053263], [-122.059364, 37.053458], [-122.059252, 37.054086], [-122.057607, 37.055291], [-122.058573, 37.055374], [-122.059539, 37.054617], [-122.059875, 37.053278]]]}}, {"id": "1500", "type": "Feature", "properties": {"GEOID": "060871207001028", "POP100": 20, "density": 7760.3}, "geometry": {"type": "Polygon", "coordinates": [[[-122.057397, 37.050744], [-122.057463, 37.05064], [-122.056853, 37.050478], [-122.056995, 37.050109], [-122.056032, 37.050412], [-122.055988, 37.050629], [-122.057128, 37.051155], [-122.057397, 37.050744]]]}}, {"id": "1501", "type": "Feature", "properties": {"GEOID": "060871207001002", "POP100": 26, "density": 848.4}, "geometry": {"type": "Polygon", "coordinates": [[[-122.050961, 37.054949], [-122.05105, 37.054861], [-122.050853, 37.054803], [-122.050947, 37.053596], [-122.048695, 37.054138], [-122.048721, 37.05424], [-122.046111, 37.054372], [-122.045742, 37.054696], [-122.045607, 37.055892], [-122.046027, 37.056235], [-122.050878, 37.055159], [-122.050961, 37.054949]]]}}, {"id": "1502", "type": "Feature", "properties": {"GEOID": "060871207001017", "POP100": 18, "density": 1476.5}, "geometry": {"type": "Polygon", "coordinates": [[[-122.057819, 37.052435], [-122.056755, 37.051691], [-122.056197, 37.051593], [-122.05456, 37.051867], [-122.054335, 37.052482], [-122.055095, 37.052792], [-122.055842, 37.052883], [-122.057147, 37.052734], [-122.057819, 37.052435]]]}}, {"id": "1503", "type": "Feature", "properties": {"GEOID": "060871207001009", "POP100": 28, "density": 2198.4}, "geometry": {"type": "Polygon", "coordinates": [[[-122.054564, 37.051977], [-122.054004, 37.050953], [-122.053034, 37.05079], [-122.052554, 37.051122], [-122.052401, 37.051883], [-122.052058, 37.051995], [-122.051364, 37.051887], [-122.050845, 37.052627], [-122.053147, 37.052251], [-122.054335, 37.052482], [-122.054564, 37.051977]]]}}, {"id": "1504", "type": "Feature", "properties": {"GEOID": "060871207001011", "POP100": 48, "density": 13405.2}, "geometry": {"type": "Polygon", "coordinates": [[[-122.056023, 37.050455], [-122.054126, 37.05044], [-122.05404, 37.051117], [-122.055699, 37.050735], [-122.055988, 37.050629], [-122.056023, 37.050455]]]}}, {"id": "1521", "type": "Feature", "properties": {"GEOID": "060871203012011", "POP100": 9, "density": 1450.2}, "geometry": {"type": "Polygon", "coordinates": [[[-122.074113, 37.053108], [-122.074057, 37.052965], [-122.074108, 37.05106], [-122.073248, 37.051292], [-122.073215, 37.052629], [-122.073271, 37.053068], [-122.074113, 37.053108]]]}}, {"id": "1522", "type": "Feature", "properties": {"GEOID": "060871207001026", "POP100": 0, "density": 0.0}, "geometry": {"type": "Polygon", "coordinates": [[[-122.073271, 37.053068], [-122.073215, 37.052629], [-122.073241, 37.051488], [-122.072563, 37.052146], [-122.072179, 37.052248], [-122.072311, 37.052616], [-122.073271, 37.053068]]]}}, {"id": "1523", "type": "Feature", "properties": {"GEOID": "060871207002007", "POP100": 38, "density": 7193.9}, "geometry": {"type": "Polygon", "coordinates": [[[-122.07808, 37.038186], [-122.07744, 37.036804], [-122.076586, 37.037167], [-122.077255, 37.03851], [-122.07808, 37.038186]]]}}, {"id": "1529", "type": "Feature", "properties": {"GEOID": "060871203012020", "POP100": 9, "density": 1002.8}, "geometry": {"type": "Polygon", "coordinates": [[[-122.114688, 37.058994], [-122.114636, 37.057236], [-122.114562, 37.05506], [-122.113937, 37.055238], [-122.114104, 37.059025], [-122.114688, 37.058994]]]}}, {"id": "1531", "type": "Feature", "properties": {"GEOID": "060871203012031", "POP100": 116, "density": 5191.9}, "geometry": {"type": "Polygon", "coordinates": [[[-122.077171, 37.044157], [-122.077198, 37.043724], [-122.076883, 37.043405], [-122.075557, 37.043448], [-122.075366, 37.043898], [-122.075273, 37.046673], [-122.077081, 37.046727], [-122.077171, 37.044157]]]}}, {"id": "1552", "type": "Feature", "properties": {"GEOID": "060871203021008", "POP100": 36, "density": 895.9}, "geometry": {"type": "Polygon", "coordinates": [[[-122.09338, 37.078117], [-122.093311, 37.077532], [-122.092968, 37.07723], [-122.091565, 37.077763], [-122.091074, 37.077692], [-122.090566, 37.076397], [-122.088556, 37.07695], [-122.087115, 37.076757], [-122.086117, 37.076971], [-122.086315, 37.077639], [-122.086139, 37.078015], [-122.087365, 37.078752], [-122.089177, 37.078086], [-122.090691, 37.078656], [-122.093136, 37.078826], [-122.09338, 37.078117]]]}}, {"id": "1553", "type": "Feature", "properties": {"GEOID": "060871203012026", "POP100": 18, "density": 567.0}, "geometry": {"type": "Polygon", "coordinates": [[[-122.097, 37.054233], [-122.095705, 37.053306], [-122.093723, 37.053094], [-122.093408, 37.052554], [-122.0933, 37.053134], [-122.092964, 37.053091], [-122.092407, 37.05227], [-122.091309, 37.051312], [-122.091576, 37.054744], [-122.097, 37.054233]]]}}, {"id": "1556", "type": "Feature", "properties": {"GEOID": "060871207002009", "POP100": 73, "density": 3851.8}, "geometry": {"type": "Polygon", "coordinates": [[[-122.074502, 37.033065], [-122.074375, 37.032569], [-122.073549, 37.032605], [-122.073088, 37.033542], [-122.073117, 37.0342], [-122.072651, 37.034479], [-122.072548, 37.034843], [-122.073012, 37.035159], [-122.072839, 37.035773], [-122.071022, 37.038216], [-122.071665, 37.03783], [-122.072749, 37.036489], [-122.07408, 37.03533], [-122.074502, 37.033065]]]}}, {"id": "1558", "type": "Feature", "properties": {"GEOID": "060871207002021", "POP100": 20, "density": 5187.8}, "geometry": {"type": "Polygon", "coordinates": [[[-122.082299, 37.036146], [-122.081933, 37.035841], [-122.081403, 37.036061], [-122.080719, 37.03607], [-122.080432, 37.03628], [-122.080594, 37.036791], [-122.080917, 37.036901], [-122.082299, 37.036146]]]}}, {"id": "1559", "type": "Feature", "properties": {"GEOID": "060871207002001", "POP100": 16, "density": 13197.4}, "geometry": {"type": "Polygon", "coordinates": [[[-122.080233, 37.040313], [-122.079612, 37.040373], [-122.07925, 37.040892], [-122.080177, 37.040577], [-122.080233, 37.040313]]]}}, {"id": "1560", "type": "Feature", "properties": {"GEOID": "060871203021014", "POP100": 46, "density": 5069.8}, "geometry": {"type": "Polygon", "coordinates": [[[-122.083141, 37.066926], [-122.083244, 37.066245], [-122.080879, 37.066014], [-122.08069, 37.066883], [-122.082929, 37.067299], [-122.083141, 37.066926]]]}}, {"id": "1561", "type": "Feature", "properties": {"GEOID": "060871203012001", "POP100": 44, "density": 4452.2}, "geometry": {"type": "Polygon", "coordinates": [[[-122.079942, 37.057834], [-122.079305, 37.056374], [-122.079175, 37.055644], [-122.07972, 37.054627], [-122.07969, 37.053919], [-122.079918, 37.053504], [-122.079741, 37.053413], [-122.078925, 37.054958], [-122.078918, 37.055552], [-122.07874, 37.05586], [-122.079385, 37.05848], [-122.07931, 37.05898], [-122.07993, 37.058616], [-122.079942, 37.057834]]]}}, {"id": "1562", "type": "Feature", "properties": {"GEOID": "060871206001028", "POP100": 35, "density": 5367.7}, "geometry": {"type": "Polygon", "coordinates": [[[-122.079042, 37.059122], [-122.07855, 37.05871], [-122.076375, 37.057587], [-122.075949, 37.057922], [-122.078302, 37.059464], [-122.079042, 37.059122]]]}}, {"id": "1563", "type": "Feature", "properties": {"GEOID": "060871203012000", "POP100": 167, "density": 4687.4}, "geometry": {"type": "Polygon", "coordinates": [[[-122.079624, 37.053585], [-122.079741, 37.053413], [-122.078925, 37.053536], [-122.078161, 37.054867], [-122.076104, 37.055837], [-122.076859, 37.05696], [-122.076777, 37.057252], [-122.076375, 37.057587], [-122.07855, 37.05871], [-122.079042, 37.059122], [-122.079392, 37.058849], [-122.079385, 37.05848], [-122.07874, 37.05586], [-122.078918, 37.055552], [-122.078925, 37.054958], [-122.079624, 37.053585]]]}}, {"id": "1564", "type": "Feature", "properties": {"GEOID": "060871203012003", "POP100": 88, "density": 5445.6}, "geometry": {"type": "Polygon", "coordinates": [[[-122.076858, 37.057029], [-122.074113, 37.053108], [-122.073271, 37.053068], [-122.073523, 37.053695], [-122.076375, 37.057587], [-122.076858, 37.057029]]]}}, {"id": "1565", "type": "Feature", "properties": {"GEOID": "060871206001027", "POP100": 39, "density": 1770.2}, "geometry": {"type": "Polygon", "coordinates": [[[-122.076291, 37.057656], [-122.076375, 37.057587], [-122.073523, 37.053695], [-122.073271, 37.053068], [-122.071921, 37.052477], [-122.073283, 37.05519], [-122.074572, 37.056794], [-122.075949, 37.057922], [-122.076291, 37.057656]]]}}, {"id": "1566", "type": "Feature", "properties": {"GEOID": "060871207001027", "POP100": 238, "density": 3012.7}, "geometry": {"type": "Polygon", "coordinates": [[[-122.073439, 37.045727], [-122.07337, 37.045133], [-122.072881, 37.043882], [-122.071914, 37.044066], [-122.072151, 37.045772], [-122.071877, 37.04703], [-122.071527, 37.047376], [-122.068627, 37.0478], [-122.068079, 37.048212], [-122.068326, 37.048844], [-122.068826, 37.049382], [-122.070136, 37.050041], [-122.070677, 37.050492], [-122.071836, 37.052223], [-122.072563, 37.052146], [-122.073241, 37.051488], [-122.073439, 37.045727]]]}}, {"id": "1623", "type": "Feature", "properties": {"GEOID": "060871206001017", "POP100": 30, "density": 895.7}, "geometry": {"type": "Polygon", "coordinates": [[[-122.068451, 37.065159], [-122.068541, 37.064859], [-122.067945, 37.064433], [-122.067285, 37.064264], [-122.067269, 37.065093], [-122.061318, 37.065211], [-122.061331, 37.064338], [-122.060188, 37.064005], [-122.059921, 37.064105], [-122.059692, 37.064684], [-122.059241, 37.065001], [-122.059496, 37.065284], [-122.059453, 37.066222], [-122.059631, 37.066361], [-122.060229, 37.066134], [-122.06091, 37.066211], [-122.061834, 37.06607], [-122.063959, 37.066278], [-122.064216, 37.066188], [-122.064439, 37.065727], [-122.066716, 37.065529], [-122.06756, 37.06515], [-122.068451, 37.065159]]]}}, {"id": "1684", "type": "Feature", "properties": {"GEOID": "060871207001018", "POP100": 17, "density": 1258.0}, "geometry": {"type": "Polygon", "coordinates": [[[-122.064096, 37.049928], [-122.062838, 37.049018], [-122.062065, 37.048788], [-122.061255, 37.048961], [-122.060468, 37.049791], [-122.06099, 37.0501], [-122.061709, 37.049186], [-122.062484, 37.049291], [-122.062468, 37.049644], [-122.061715, 37.050005], [-122.061688, 37.050148], [-122.062627, 37.050338], [-122.063166, 37.051146], [-122.06309, 37.051379], [-122.063306, 37.051456], [-122.064096, 37.049928]]]}}, {"id": "1710", "type": "Feature", "properties": {"GEOID": "060871203012030", "POP100": 49, "density": 10885.1}, "geometry": {"type": "Polygon", "coordinates": [[[-122.077084, 37.046773], [-122.075273, 37.046673], [-122.075239, 37.047389], [-122.076655, 37.047416], [-122.077084, 37.046773]]]}}, {"id": "1711", "type": "Feature", "properties": {"GEOID": "060871203012008", "POP100": 57, "density": 4759.8}, "geometry": {"type": "Polygon", "coordinates": [[[-122.078188, 37.048005], [-122.077996, 37.046801], [-122.077697, 37.046832], [-122.077416, 37.047002], [-122.076133, 37.049141], [-122.074207, 37.049097], [-122.074187, 37.049501], [-122.076446, 37.049467], [-122.078188, 37.048005]]]}}, {"id": "1712", "type": "Feature", "properties": {"GEOID": "060871203012016", "POP100": 41, "density": 6307.7}, "geometry": {"type": "Polygon", "coordinates": [[[-122.077996, 37.046801], [-122.077081, 37.046727], [-122.077051, 37.046931], [-122.075198, 37.049126], [-122.076133, 37.049141], [-122.077416, 37.047002], [-122.077996, 37.046801]]]}}, {"id": "1713", "type": "Feature", "properties": {"GEOID": "060871203012029", "POP100": 39, "density": 8609.7}, "geometry": {"type": "Polygon", "coordinates": [[[-122.075266, 37.046816], [-122.075273, 37.046673], [-122.074286, 37.04666], [-122.074247, 37.047868], [-122.075243, 37.047881], [-122.075266, 37.046816]]]}}, {"id": "1714", "type": "Feature", "properties": {"GEOID": "060871203012013", "POP100": 0, "density": 0.0}, "geometry": {"type": "Polygon", "coordinates": [[[-122.074187, 37.049501], [-122.074207, 37.049097], [-122.073321, 37.049067], [-122.073306, 37.049503], [-122.074187, 37.049501]]]}}, {"id": "1715", "type": "Feature", "properties": {"GEOID": "060871203012012", "POP100": 0, "density": 0.0}, "geometry": {"type": "Polygon", "coordinates": [[[-122.074108, 37.05106], [-122.074187, 37.049501], [-122.073306, 37.049503], [-122.073248, 37.051292], [-122.074108, 37.05106]]]}}, {"id": "1716", "type": "Feature", "properties": {"GEOID": "060871203012015", "POP100": 12, "density": 2558.9}, "geometry": {"type": "Polygon", "coordinates": [[[-122.075234, 37.048129], [-122.075243, 37.047881], [-122.074247, 37.047868], [-122.074207, 37.049097], [-122.075198, 37.049126], [-122.075234, 37.048129]]]}}, {"id": "1717", "type": "Feature", "properties": {"GEOID": "060871207002000", "POP100": 43, "density": 3073.1}, "geometry": {"type": "Polygon", "coordinates": [[[-122.08107, 37.03987], [-122.081035, 37.039773], [-122.07939, 37.040245], [-122.077538, 37.041182], [-122.076421, 37.042266], [-122.075612, 37.042497], [-122.075084, 37.043277], [-122.074618, 37.043623], [-122.073748, 37.043788], [-122.072798, 37.043514], [-122.072954, 37.044072], [-122.073486, 37.043979], [-122.074491, 37.044141], [-122.075366, 37.043898], [-122.075971, 37.042695], [-122.077335, 37.042084], [-122.078118, 37.041363], [-122.07925, 37.040892], [-122.079612, 37.040373], [-122.080591, 37.040162], [-122.08107, 37.03987]]]}}, {"id": "1718", "type": "Feature", "properties": {"GEOID": "060871203012028", "POP100": 8, "density": 1970.3}, "geometry": {"type": "Polygon", "coordinates": [[[-122.074278, 37.046901], [-122.074286, 37.04666], [-122.073397, 37.046636], [-122.073365, 37.047832], [-122.074247, 37.047868], [-122.074278, 37.046901]]]}}, {"id": "1719", "type": "Feature", "properties": {"GEOID": "060871206001033", "POP100": 1, "density": 97.4}, "geometry": {"type": "Polygon", "coordinates": [[[-122.067679, 37.050898], [-122.065196, 37.049309], [-122.064333, 37.048084], [-122.064358, 37.049028], [-122.064096, 37.049928], [-122.067255, 37.050996], [-122.067679, 37.050898]]]}}, {"id": "1720", "type": "Feature", "properties": {"GEOID": "060871207001024", "POP100": 26, "density": 8238.3}, "geometry": {"type": "Polygon", "coordinates": [[[-122.068629, 37.049925], [-122.068766, 37.049791], [-122.068131, 37.049326], [-122.067296, 37.050278], [-122.068085, 37.050464], [-122.068629, 37.049925]]]}}, {"id": "1724", "type": "Feature", "properties": {"GEOID": "060871203022029", "POP100": 74, "density": 3609.9}, "geometry": {"type": "Polygon", "coordinates": [[[-122.08317, 37.06851], [-122.082481, 37.067959], [-122.080357, 37.067196], [-122.079983, 37.066929], [-122.079719, 37.066392], [-122.079556, 37.064869], [-122.079032, 37.064937], [-122.078708, 37.065899], [-122.076936, 37.066936], [-122.078468, 37.067173], [-122.080347, 37.067849], [-122.08317, 37.06851]]]}}, {"id": "1725", "type": "Feature", "properties": {"GEOID": "060871207001006", "POP100": 39, "density": 949.5}, "geometry": {"type": "Polygon", "coordinates": [[[-122.050947, 37.053596], [-122.050898, 37.052948], [-122.049917, 37.052856], [-122.049036, 37.053042], [-122.048429, 37.053423], [-122.044501, 37.05342], [-122.042908, 37.053562], [-122.041366, 37.053976], [-122.039634, 37.053736], [-122.041395, 37.055167], [-122.042233, 37.054534], [-122.042809, 37.054336], [-122.043138, 37.054858], [-122.044016, 37.055523], [-122.044804, 37.055128], [-122.04514, 37.054397], [-122.045593, 37.054128], [-122.046854, 37.054046], [-122.048479, 37.054183], [-122.050947, 37.053596]]]}}, {"id": "1763", "type": "Feature", "properties": {"GEOID": "060871208001007", "POP100": 106, "density": 4055.6}, "geometry": {"type": "Polygon", "coordinates": [[[-122.04167, 37.038055], [-122.041659, 37.037916], [-122.041322, 37.038397], [-122.040816, 37.037924], [-122.040712, 37.037282], [-122.040191, 37.037137], [-122.038599, 37.038764], [-122.037847, 37.038765], [-122.037106, 37.039218], [-122.037603, 37.039706], [-122.038085, 37.039895], [-122.038082, 37.040628], [-122.038355, 37.04101], [-122.040933, 37.038952], [-122.04167, 37.038055]]]}}, {"id": "1834", "type": "Feature", "properties": {"GEOID": "060871203011020", "POP100": 16, "density": 1270.0}, "geometry": {"type": "Polygon", "coordinates": [[[-122.116426, 37.092731], [-122.11634, 37.092306], [-122.115945, 37.091998], [-122.115056, 37.091938], [-122.114225, 37.092315], [-122.114984, 37.094521], [-122.115409, 37.093854], [-122.116204, 37.093212], [-122.116426, 37.092731]]]}}, {"id": "1835", "type": "Feature", "properties": {"GEOID": "060871203022030", "POP100": 35, "density": 6534.7}, "geometry": {"type": "Polygon", "coordinates": [[[-122.089607, 37.085579], [-122.089026, 37.08442], [-122.088659, 37.084478], [-122.087971, 37.083988], [-122.087647, 37.084221], [-122.087585, 37.084327], [-122.088451, 37.084965], [-122.088517, 37.085532], [-122.089607, 37.085579]]]}}, {"id": "1846", "type": "Feature", "properties": {"GEOID": "060871207001023", "POP100": 27, "density": 7826.5}, "geometry": {"type": "Polygon", "coordinates": [[[-122.069838, 37.050562], [-122.070039, 37.050522], [-122.068766, 37.049791], [-122.068085, 37.050464], [-122.069838, 37.050562]]]}}, {"id": "1847", "type": "Feature", "properties": {"GEOID": "060871203012032", "POP100": 36, "density": 4562.7}, "geometry": {"type": "Polygon", "coordinates": [[[-122.077989, 37.046741], [-122.077762, 37.045308], [-122.077788, 37.043742], [-122.077198, 37.043724], [-122.077081, 37.046727], [-122.077989, 37.046741]]]}}, {"id": "1848", "type": "Feature", "properties": {"GEOID": "060871203012004", "POP100": 47, "density": 5835.0}, "geometry": {"type": "Polygon", "coordinates": [[[-122.076484, 37.053546], [-122.075775, 37.052605], [-122.074722, 37.053052], [-122.074113, 37.053108], [-122.07497, 37.054316], [-122.076484, 37.053546]]]}}, {"id": "1856", "type": "Feature", "properties": {"GEOID": "060871207001001", "POP100": 22, "density": 1105.8}, "geometry": {"type": "Polygon", "coordinates": [[[-122.048721, 37.05424], [-122.046854, 37.054046], [-122.045593, 37.054128], [-122.04514, 37.054397], [-122.044804, 37.055128], [-122.044016, 37.055523], [-122.043138, 37.054858], [-122.042953, 37.05438], [-122.042706, 37.054342], [-122.042164, 37.054593], [-122.042955, 37.055383], [-122.04289, 37.056268], [-122.043658, 37.056507], [-122.044528, 37.056544], [-122.046027, 37.056235], [-122.045607, 37.055892], [-122.045716, 37.054775], [-122.04601, 37.054407], [-122.048721, 37.05424]]]}}, {"id": "1859", "type": "Feature", "properties": {"GEOID": "060871203011016", "POP100": 4, "density": 1847.7}, "geometry": {"type": "Polygon", "coordinates": [[[-122.119332, 37.09872], [-122.118985, 37.097915], [-122.11876, 37.09846], [-122.118813, 37.098894], [-122.118463, 37.099118], [-122.118332, 37.099413], [-122.118667, 37.099378], [-122.119332, 37.09872]]]}}, {"id": "1870", "type": "Feature", "properties": {"GEOID": "060871204003028", "POP100": 65, "density": 102.3}, "geometry": {"type": "Polygon", "coordinates": [[[-122.136445, 37.103959], [-122.136415, 37.103291], [-122.132148, 37.101551], [-122.131442, 37.097676], [-122.131744, 37.097213], [-122.13228, 37.096938], [-122.132081, 37.096606], [-122.132275, 37.09615], [-122.13182, 37.09564], [-122.131648, 37.093589], [-122.131387, 37.093272], [-122.130729, 37.092964], [-122.130237, 37.093089], [-122.129374, 37.094066], [-122.128548, 37.094617], [-122.127833, 37.095946], [-122.127193, 37.095776], [-122.12678, 37.096458], [-122.1256, 37.09709], [-122.125294, 37.097118], [-122.123745, 37.096534], [-122.12224, 37.097291], [-122.121434, 37.09825], [-122.119321, 37.099215], [-122.116475, 37.099747], [-122.115321, 37.10046], [-122.113518, 37.100851], [-122.11324, 37.100503], [-122.112026, 37.100354], [-122.112169, 37.102277], [-122.112712, 37.10258], [-122.115559, 37.103048], [-122.11597, 37.10351], [-122.1165, 37.103782], [-122.116925, 37.103846], [-122.117808, 37.103412], [-122.11805, 37.103475], [-122.118526, 37.103267], [-122.119857, 37.103398], [-122.120684, 37.104031], [-122.121472, 37.10363], [-122.122333, 37.103578], [-122.121377, 37.104522], [-122.120669, 37.104816], [-122.119369, 37.104797], [-122.11782, 37.105054], [-122.116891, 37.104985], [-122.116841, 37.105628], [-122.121995, 37.104711], [-122.125474, 37.106056], [-122.126381, 37.105977], [-122.127266, 37.106214], [-122.128974, 37.106209], [-122.130812, 37.107051], [-122.133185, 37.107486], [-122.134139, 37.107877], [-122.135037, 37.108471], [-122.136121, 37.109519], [-122.136445, 37.103959]]]}}, {"id": "1939", "type": "Feature", "properties": {"GEOID": "060871206001015", "POP100": 28, "density": 6521.6}, "geometry": {"type": "Polygon", "coordinates": [[[-122.05923, 37.071624], [-122.058629, 37.069883], [-122.058484, 37.069661], [-122.058169, 37.070546], [-122.058506, 37.071551], [-122.05923, 37.071624]]]}}, {"id": "1953", "type": "Feature", "properties": {"GEOID": "060871203022011", "POP100": 148, "density": 2844.9}, "geometry": {"type": "Polygon", "coordinates": [[[-122.087748, 37.088805], [-122.08747, 37.088123], [-122.086166, 37.08759], [-122.085624, 37.087096], [-122.084938, 37.085398], [-122.084965, 37.085052], [-122.085171, 37.084799], [-122.086659, 37.084436], [-122.087167, 37.084013], [-122.087146, 37.083766], [-122.085904, 37.082667], [-122.084841, 37.082206], [-122.082818, 37.082393], [-122.081296, 37.082272], [-122.080822, 37.081778], [-122.080349, 37.08075], [-122.08048, 37.082069], [-122.080363, 37.082432], [-122.07989, 37.082684], [-122.078753, 37.082864], [-122.07941, 37.083106], [-122.081473, 37.083168], [-122.082492, 37.08358], [-122.083303, 37.083006], [-122.083802, 37.083101], [-122.084374, 37.083886], [-122.08384, 37.084169], [-122.084215, 37.085909], [-122.084729, 37.086839], [-122.085409, 37.08762], [-122.087748, 37.088805]]]}}, {"id": "1991", "type": "Feature", "properties": {"GEOID": "060871208001027", "POP100": 0, "density": 0.0}, "geometry": {"type": "Polygon", "coordinates": [[[-122.040841, 37.039033], [-122.040837, 37.038949], [-122.038355, 37.04101], [-122.039595, 37.040136], [-122.040841, 37.039033]]]}}, {"id": "2008", "type": "Feature", "properties": {"GEOID": "060871203012033", "POP100": 15, "density": 271.5}, "geometry": {"type": "Polygon", "coordinates": [[[-122.105219, 37.035606], [-122.105329, 37.03556], [-122.103767, 37.031076], [-122.103261, 37.030925], [-122.102455, 37.032243], [-122.102469, 37.033057], [-122.10225, 37.033416], [-122.100275, 37.033881], [-122.100693, 37.034448], [-122.100842, 37.035144], [-122.101417, 37.035622], [-122.101861, 37.036415], [-122.101898, 37.036698], [-122.101674, 37.036952], [-122.102017, 37.036913], [-122.1025, 37.036224], [-122.103357, 37.035809], [-122.103723, 37.035862], [-122.104156, 37.036233], [-122.104853, 37.036509], [-122.104648, 37.036038], [-122.105219, 37.035606]]]}}, {"id": "2011", "type": "Feature", "properties": {"GEOID": "060871207002020", "POP100": 486, "density": 954.4}, "geometry": {"type": "Polygon", "coordinates": [[[-122.103123, 37.031252], [-122.103261, 37.030925], [-122.102062, 37.030352], [-122.101209, 37.029702], [-122.099643, 37.027511], [-122.09927, 37.027822], [-122.098425, 37.027901], [-122.098279, 37.028236], [-122.09797, 37.028299], [-122.096349, 37.028111], [-122.087712, 37.029498], [-122.087468, 37.029697], [-122.087289, 37.030345], [-122.086539, 37.030386], [-122.086171, 37.031157], [-122.085802, 37.031123], [-122.085322, 37.03134], [-122.085828, 37.031923], [-122.087977, 37.032766], [-122.087821, 37.033177], [-122.087541, 37.033391], [-122.086118, 37.033291], [-122.083244, 37.034116], [-122.082795, 37.033953], [-122.082102, 37.033299], [-122.081302, 37.033382], [-122.080598, 37.033874], [-122.078149, 37.033543], [-122.077569, 37.033196], [-122.077672, 37.033611], [-122.078105, 37.034084], [-122.07802, 37.034378], [-122.07747, 37.034021], [-122.076392, 37.034524], [-122.075796, 37.034577], [-122.07419, 37.035764], [-122.073539, 37.036721], [-122.072592, 37.037052], [-122.072376, 37.03727], [-122.073132, 37.037388], [-122.073849, 37.037245], [-122.074717, 37.036676], [-122.07508, 37.036191], [-122.07589, 37.03574], [-122.077661, 37.035384], [-122.07863, 37.035423], [-122.077063, 37.036121], [-122.07808, 37.038186], [-122.077255, 37.03851], [-122.077741, 37.039514], [-122.082834, 37.036978], [-122.083404, 37.036376], [-122.083319, 37.036096], [-122.083591, 37.035813], [-122.084698, 37.035805], [-122.08541, 37.035446], [-122.087511, 37.035223], [-122.090128, 37.035256], [-122.090658, 37.034744], [-122.091475, 37.034495], [-122.091974, 37.034611], [-122.093718, 37.035576], [-122.094208, 37.035672], [-122.095853, 37.035257], [-122.09588, 37.033968], [-122.096244, 37.033676], [-122.097199, 37.033477], [-122.097548, 37.033565], [-122.098289, 37.034677], [-122.100068, 37.036045], [-122.101674, 37.036952], [-122.101898, 37.036698], [-122.101861, 37.036415], [-122.101417, 37.035622], [-122.100842, 37.035144], [-122.100693, 37.034448], [-122.100275, 37.033881], [-122.10232, 37.033359], [-122.102469, 37.033057], [-122.102455, 37.032243], [-122.103123, 37.031252]], [[-122.082207, 37.036045], [-122.082299, 37.036146], [-122.080917, 37.036901], [-122.080594, 37.036791], [-122.080432, 37.03628], [-122.080719, 37.03607], [-122.081403, 37.036061], [-122.081831, 37.035854], [-122.082207, 37.036045]]]}}, {"id": "2022", "type": "Feature", "properties": {"GEOID": "060871206002038", "POP100": 0, "density": 0.0}, "geometry": {"type": "Polygon", "coordinates": [[[-122.050807, 37.057321], [-122.050787, 37.05517], [-122.045702, 37.056328], [-122.045073, 37.057948], [-122.044773, 37.059748], [-122.043773, 37.061648], [-122.0453, 37.064881], [-122.048339, 37.064894], [-122.048424, 37.061931], [-122.048802, 37.061917], [-122.048971, 37.057325], [-122.050807, 37.057321]]]}}, {"id": "2025", "type": "Feature", "properties": {"GEOID": "060871203012034", "POP100": 0, "density": 0.0}, "geometry": {"type": "Polygon", "coordinates": [[[-122.107563, 37.035544], [-122.105971, 37.035225], [-122.104802, 37.035816], [-122.104632, 37.036141], [-122.10472, 37.03641], [-122.105453, 37.036466], [-122.105585, 37.036636], [-122.105269, 37.03747], [-122.10532, 37.037711], [-122.105728, 37.037914], [-122.106727, 37.038164], [-122.10604, 37.03779], [-122.10599, 37.037254], [-122.106867, 37.035928], [-122.107563, 37.035544]]]}}, {"id": "2098", "type": "Feature", "properties": {"GEOID": "060871203011035", "POP100": 86, "density": 290.6}, "geometry": {"type": "Polygon", "coordinates": [[[-122.124444, 37.059341], [-122.124242, 37.058843], [-122.123141, 37.058009], [-122.121738, 37.057822], [-122.120457, 37.057892], [-122.117748, 37.058824], [-122.114688, 37.058994], [-122.115191, 37.068657], [-122.123493, 37.068671], [-122.122747, 37.067325], [-122.122591, 37.066533], [-122.120917, 37.066566], [-122.121379, 37.064641], [-122.123092, 37.064645], [-122.123188, 37.064165], [-122.122984, 37.063579], [-122.12154, 37.062232], [-122.121371, 37.061567], [-122.121564, 37.061105], [-122.122434, 37.060283], [-122.122913, 37.06003], [-122.124028, 37.059876], [-122.124444, 37.059341]]]}}, {"id": "2101", "type": "Feature", "properties": {"GEOID": "060871203022009", "POP100": 195, "density": 1720.9}, "geometry": {"type": "Polygon", "coordinates": [[[-122.089026, 37.08442], [-122.088391, 37.084005], [-122.088064, 37.083325], [-122.086701, 37.082189], [-122.085182, 37.081668], [-122.084099, 37.080755], [-122.083131, 37.078494], [-122.083315, 37.078036], [-122.083956, 37.077623], [-122.084345, 37.076973], [-122.084257, 37.076319], [-122.084495, 37.074245], [-122.083954, 37.074249], [-122.083702, 37.076574], [-122.083373, 37.077426], [-122.080465, 37.079272], [-122.079738, 37.079827], [-122.079643, 37.080151], [-122.080349, 37.08075], [-122.080822, 37.081778], [-122.081296, 37.082272], [-122.082818, 37.082393], [-122.084841, 37.082206], [-122.085904, 37.082667], [-122.087002, 37.083612], [-122.087167, 37.084013], [-122.086927, 37.084277], [-122.085171, 37.084799], [-122.084965, 37.085052], [-122.084938, 37.085398], [-122.085624, 37.087096], [-122.086166, 37.08759], [-122.08747, 37.088123], [-122.087748, 37.088805], [-122.088493, 37.088802], [-122.088798, 37.086947], [-122.088362, 37.086626], [-122.087534, 37.086618], [-122.087428, 37.085462], [-122.088152, 37.08474], [-122.087585, 37.084327], [-122.087971, 37.083988], [-122.088659, 37.084478], [-122.089026, 37.08442]]]}}, {"id": "2102", "type": "Feature", "properties": {"GEOID": "060871203021002", "POP100": 25, "density": 7272.0}, "geometry": {"type": "Polygon", "coordinates": [[[-122.089786, 37.087404], [-122.089886, 37.087385], [-122.089326, 37.08622], [-122.088798, 37.086947], [-122.088649, 37.087601], [-122.089786, 37.087404]]]}}, {"id": "2103", "type": "Feature", "properties": {"GEOID": "060871203011002", "POP100": 11, "density": 3844.8}, "geometry": {"type": "Polygon", "coordinates": [[[-122.086306, 37.099019], [-122.08598, 37.098437], [-122.085886, 37.10026], [-122.086075, 37.101282], [-122.085853, 37.101905], [-122.086088, 37.101745], [-122.086218, 37.101294], [-122.086135, 37.100008], [-122.086265, 37.099629], [-122.086135, 37.09931], [-122.086306, 37.099019]]]}}, {"id": "2104", "type": "Feature", "properties": {"GEOID": "060871203022013", "POP100": 29, "density": 4934.6}, "geometry": {"type": "Polygon", "coordinates": [[[-122.08643, 37.089274], [-122.086762, 37.089034], [-122.084827, 37.08844], [-122.085115, 37.088944], [-122.085604, 37.090749], [-122.086009, 37.089743], [-122.08643, 37.089274]]]}}, {"id": "2105", "type": "Feature", "properties": {"GEOID": "060871206001004", "POP100": 36, "density": 4396.8}, "geometry": {"type": "Polygon", "coordinates": [[[-122.079298, 37.078239], [-122.079082, 37.077346], [-122.078325, 37.077598], [-122.076838, 37.078503], [-122.077814, 37.079131], [-122.078254, 37.078709], [-122.079298, 37.078239]]]}}, {"id": "2134", "type": "Feature", "properties": {"GEOID": "060871206002014", "POP100": 73, "density": 3543.5}, "geometry": {"type": "Polygon", "coordinates": [[[-122.044872, 37.089829], [-122.044861, 37.089723], [-122.044103, 37.089659], [-122.043635, 37.090434], [-122.042924, 37.090684], [-122.042969, 37.091381], [-122.042146, 37.092711], [-122.04076, 37.094337], [-122.03922, 37.095425], [-122.039819, 37.095811], [-122.040911, 37.094737], [-122.041657, 37.094618], [-122.041562, 37.094106], [-122.041717, 37.093892], [-122.042911, 37.093402], [-122.043093, 37.093071], [-122.043019, 37.092388], [-122.043543, 37.092034], [-122.043972, 37.090907], [-122.044872, 37.089829]]]}}, {"id": "2154", "type": "Feature", "properties": {"GEOID": "060871203022000", "POP100": 38, "density": 2444.4}, "geometry": {"type": "Polygon", "coordinates": [[[-122.086901, 37.091794], [-122.086629, 37.09066], [-122.085604, 37.090749], [-122.085606, 37.091919], [-122.085405, 37.092813], [-122.085715, 37.094105], [-122.085691, 37.095195], [-122.086138, 37.094773], [-122.086394, 37.094112], [-122.086422, 37.093101], [-122.086901, 37.091794]]]}}, {"id": "2199", "type": "Feature", "properties": {"GEOID": "060871203012035", "POP100": 0, "density": 0.0}, "geometry": {"type": "Polygon", "coordinates": [[[-122.110102, 37.032585], [-122.109663, 37.031444], [-122.10891, 37.030794], [-122.108748, 37.029908], [-122.107729, 37.029195], [-122.107217, 37.029187], [-122.106402, 37.029535], [-122.105438, 37.029601], [-122.104873, 37.030138], [-122.104603, 37.030879], [-122.103767, 37.031076], [-122.105329, 37.03556], [-122.105971, 37.035225], [-122.107563, 37.035544], [-122.108616, 37.035239], [-122.109292, 37.034309], [-122.110051, 37.032945], [-122.110102, 37.032585]]]}}, {"id": "2201", "type": "Feature", "properties": {"GEOID": "060871207002017", "POP100": 0, "density": 0.0}, "geometry": {"type": "Polygon", "coordinates": [[[-122.063873, 37.031197], [-122.063451, 37.031127], [-122.063205, 37.030911], [-122.059773, 37.034663], [-122.060925, 37.034809], [-122.061947, 37.032605], [-122.063873, 37.031197]]]}}, {"id": "2202", "type": "Feature", "properties": {"GEOID": "060871207001020", "POP100": 12, "density": 43.3}, "geometry": {"type": "Polygon", "coordinates": [[[-122.064333, 37.048084], [-122.064169, 37.044596], [-122.063052, 37.040641], [-122.062326, 37.039893], [-122.060124, 37.038759], [-122.059754, 37.038319], [-122.05881, 37.036475], [-122.051862, 37.043125], [-122.054505, 37.044693], [-122.056819, 37.046389], [-122.057806, 37.046712], [-122.058562, 37.046803], [-122.059191, 37.046675], [-122.06056, 37.045698], [-122.061655, 37.045588], [-122.062242, 37.045685], [-122.06359, 37.046801], [-122.064333, 37.048084]]]}}, {"id": "2203", "type": "Feature", "properties": {"GEOID": "060871208001008", "POP100": 0, "density": 0.0}, "geometry": {"type": "Polygon", "coordinates": [[[-122.052281, 37.043393], [-122.051862, 37.043125], [-122.048614, 37.046213], [-122.0504, 37.046122], [-122.050381, 37.045196], [-122.052281, 37.043393]]]}}, {"id": "2205", "type": "Feature", "properties": {"GEOID": "060871203012024", "POP100": 14, "density": 5976.6}, "geometry": {"type": "Polygon", "coordinates": [[[-122.114562, 37.05506], [-122.114505, 37.053349], [-122.113882, 37.054259], [-122.114404, 37.055091], [-122.114562, 37.05506]]]}}, {"id": "2206", "type": "Feature", "properties": {"GEOID": "060871207001016", "POP100": 22, "density": 473.7}, "geometry": {"type": "Polygon", "coordinates": [[[-122.062567, 37.04947], [-122.062272, 37.049182], [-122.061672, 37.04921], [-122.060793, 37.050337], [-122.060524, 37.050916], [-122.060269, 37.050947], [-122.060003, 37.05154], [-122.058737, 37.052039], [-122.057453, 37.052869], [-122.055408, 37.052851], [-122.053743, 37.052304], [-122.052676, 37.052289], [-122.05256, 37.052779], [-122.050898, 37.052948], [-122.050947, 37.053596], [-122.05264, 37.053783], [-122.053868, 37.053393], [-122.057535, 37.053964], [-122.059057, 37.052569], [-122.059578, 37.052514], [-122.06036, 37.052723], [-122.060771, 37.052552], [-122.061539, 37.051481], [-122.061498, 37.050778], [-122.06176, 37.050217], [-122.061686, 37.050031], [-122.062393, 37.049708], [-122.062567, 37.04947]]]}}, {"id": "2231", "type": "Feature", "properties": {"GEOID": "060871203022017", "POP100": 59, "density": 4000.7}, "geometry": {"type": "Polygon", "coordinates": [[[-122.083956, 37.0869], [-122.083258, 37.085366], [-122.082466, 37.085578], [-122.081947, 37.084717], [-122.081105, 37.084991], [-122.081153, 37.086471], [-122.082575, 37.086496], [-122.082906, 37.087275], [-122.083956, 37.0869]]]}}, {"id": "2239", "type": "Feature", "properties": {"GEOID": "060871203021000", "POP100": 36, "density": 1758.5}, "geometry": {"type": "Polygon", "coordinates": [[[-122.094805, 37.090461], [-122.094546, 37.089071], [-122.094316, 37.088645], [-122.093976, 37.088399], [-122.090737, 37.088089], [-122.0902, 37.087805], [-122.089886, 37.087385], [-122.088649, 37.087601], [-122.088529, 37.088303], [-122.091378, 37.088629], [-122.093285, 37.089018], [-122.093773, 37.089435], [-122.093652, 37.089966], [-122.09476, 37.090973], [-122.094805, 37.090461]]]}}, {"id": "2240", "type": "Feature", "properties": {"GEOID": "060871207001032", "POP100": 173, "density": 2294.6}, "geometry": {"type": "Polygon", "coordinates": [[[-122.072798, 37.043514], [-122.072648, 37.041982], [-122.072005, 37.040813], [-122.071658, 37.04043], [-122.069483, 37.038987], [-122.06748, 37.038205], [-122.06485, 37.036267], [-122.064125, 37.036289], [-122.060616, 37.034721], [-122.059773, 37.034663], [-122.059542, 37.034919], [-122.061094, 37.035491], [-122.064096, 37.037464], [-122.064357, 37.037948], [-122.064576, 37.039607], [-122.065364, 37.0397], [-122.066283, 37.039371], [-122.066961, 37.039343], [-122.068202, 37.039503], [-122.068538, 37.039766], [-122.069614, 37.040101], [-122.070718, 37.04131], [-122.071815, 37.043777], [-122.072144, 37.043799], [-122.072798, 37.043514]]]}}, {"id": "2314", "type": "Feature", "properties": {"GEOID": "060871206001029", "POP100": 88, "density": 1320.7}, "geometry": {"type": "Polygon", "coordinates": [[[-122.070129, 37.052644], [-122.070518, 37.052036], [-122.068726, 37.051478], [-122.067679, 37.050898], [-122.067255, 37.050996], [-122.065303, 37.050336], [-122.064654, 37.051035], [-122.06305, 37.052113], [-122.062597, 37.053], [-122.061095, 37.054651], [-122.060783, 37.05574], [-122.062122, 37.055207], [-122.063503, 37.053495], [-122.064584, 37.052903], [-122.066017, 37.052779], [-122.068933, 37.053614], [-122.069592, 37.053369], [-122.070129, 37.052644]]]}}, {"id": "2316", "type": "Feature", "properties": {"GEOID": "060871207002013", "POP100": 18, "density": 3215.8}, "geometry": {"type": "Polygon", "coordinates": [[[-122.066122, 37.037108], [-122.065067, 37.035564], [-122.064592, 37.035177], [-122.063454, 37.035974], [-122.064125, 37.036289], [-122.06485, 37.036267], [-122.066122, 37.037108]]]}}, {"id": "2317", "type": "Feature", "properties": {"GEOID": "060871206001026", "POP100": 13, "density": 2463.9}, "geometry": {"type": "Polygon", "coordinates": [[[-122.078906, 37.065488], [-122.079032, 37.064937], [-122.077554, 37.06585], [-122.076857, 37.066673], [-122.076936, 37.066936], [-122.078388, 37.066142], [-122.078906, 37.065488]]]}}, {"id": "2343", "type": "Feature", "properties": {"GEOID": "060871206002016", "POP100": 78, "density": 114.2}, "geometry": {"type": "Polygon", "coordinates": [[[-122.0754, 37.099125], [-122.075152, 37.0984], [-122.073444, 37.096883], [-122.073028, 37.096711], [-122.072986, 37.096479], [-122.072831, 37.096774], [-122.072147, 37.097135], [-122.071665, 37.097648], [-122.068726, 37.097767], [-122.066159, 37.098786], [-122.064634, 37.098933], [-122.064004, 37.098875], [-122.06388, 37.098701], [-122.064059, 37.098352], [-122.064639, 37.098078], [-122.064656, 37.096899], [-122.063709, 37.096152], [-122.062682, 37.095798], [-122.061737, 37.095732], [-122.059513, 37.095989], [-122.05957, 37.096734], [-122.059129, 37.097697], [-122.059271, 37.098764], [-122.057247, 37.098771], [-122.057457, 37.099475], [-122.057071, 37.100453], [-122.057767, 37.101566], [-122.056928, 37.102497], [-122.056178, 37.102627], [-122.055975, 37.103149], [-122.0567, 37.104698], [-122.056776, 37.105179], [-122.057242, 37.105867], [-122.057222, 37.107613], [-122.058584, 37.107681], [-122.058759, 37.108023], [-122.059763, 37.108864], [-122.059751, 37.109325], [-122.059556, 37.10952], [-122.058155, 37.109777], [-122.05791, 37.110777], [-122.059836, 37.112502], [-122.060327, 37.112336], [-122.06043, 37.111862], [-122.061026, 37.11188], [-122.061346, 37.111577], [-122.061974, 37.111629], [-122.062144, 37.111975], [-122.062435, 37.111994], [-122.062575, 37.111839], [-122.062661, 37.110957], [-122.064701, 37.110757], [-122.0647, 37.110569], [-122.063813, 37.110406], [-122.064719, 37.109928], [-122.065034, 37.109439], [-122.065439, 37.109757], [-122.065652, 37.109224], [-122.065466, 37.108658], [-122.066502, 37.107774], [-122.066708, 37.107378], [-122.068725, 37.106362], [-122.070083, 37.105983], [-122.069713, 37.104702], [-122.069768, 37.104466], [-122.070474, 37.104059], [-122.071243, 37.103246], [-122.071133, 37.103092], [-122.070886, 37.103103], [-122.070968, 37.102752], [-122.072258, 37.101927], [-122.072251, 37.102175], [-122.073575, 37.103037], [-122.074446, 37.100757], [-122.0754, 37.099125]]]}}, {"id": "2363", "type": "Feature", "properties": {"GEOID": "060871207002026", "POP100": 11, "density": 1143.2}, "geometry": {"type": "Polygon", "coordinates": [[[-122.083328, 37.030219], [-122.083389, 37.030138], [-122.083081, 37.030076], [-122.08093, 37.030244], [-122.080698, 37.030567], [-122.08091, 37.031404], [-122.08234, 37.031521], [-122.082609, 37.030799], [-122.083328, 37.030219]]]}}, {"id": "2364", "type": "Feature", "properties": {"GEOID": "060871207002028", "POP100": 57, "density": 2846.5}, "geometry": {"type": "Polygon", "coordinates": [[[-122.078113, 37.034184], [-122.077536, 37.033235], [-122.077091, 37.033332], [-122.076422, 37.034076], [-122.075365, 37.034206], [-122.075058, 37.033658], [-122.07548, 37.033134], [-122.075478, 37.032914], [-122.075341, 37.032808], [-122.074575, 37.032967], [-122.074115, 37.035273], [-122.072749, 37.036489], [-122.072183, 37.037227], [-122.072376, 37.03727], [-122.072592, 37.037052], [-122.073539, 37.036721], [-122.07419, 37.035764], [-122.075796, 37.034577], [-122.076392, 37.034524], [-122.07747, 37.034021], [-122.07802, 37.034378], [-122.078113, 37.034184]]]}}, {"id": "2390", "type": "Feature", "properties": {"GEOID": "060871207002018", "POP100": 0, "density": 0.0}, "geometry": {"type": "Polygon", "coordinates": [[[-122.062939, 37.031148], [-122.059893, 37.033877], [-122.059066, 37.034619], [-122.059773, 37.034663], [-122.062939, 37.031148]]]}}, {"id": "2405", "type": "Feature", "properties": {"GEOID": "060871206001013", "POP100": 55, "density": 5007.0}, "geometry": {"type": "Polygon", "coordinates": [[[-122.060316, 37.071722], [-122.058506, 37.071551], [-122.058169, 37.070546], [-122.058465, 37.069537], [-122.057717, 37.069246], [-122.057081, 37.070838], [-122.05701, 37.071698], [-122.060316, 37.071722]]]}}, {"id": "2441", "type": "Feature", "properties": {"GEOID": "060871208002006", "POP100": 369, "density": 1419.0}, "geometry": {"type": "Polygon", "coordinates": [[[-122.04204, 37.037176], [-122.042122, 37.037016], [-122.04041, 37.033767], [-122.040092, 37.033493], [-122.038525, 37.030654], [-122.0402, 37.030117], [-122.03967, 37.028877], [-122.034731, 37.030962], [-122.035021, 37.031228], [-122.032458, 37.033686], [-122.024119, 37.036776], [-122.024436, 37.037267], [-122.023891, 37.037382], [-122.024428, 37.038729], [-122.025225, 37.039369], [-122.025974, 37.039587], [-122.026219, 37.039089], [-122.026609, 37.039159], [-122.028324, 37.038909], [-122.028238, 37.03859], [-122.02877, 37.038448], [-122.030402, 37.039387], [-122.03347, 37.036202], [-122.034118, 37.0368], [-122.035418, 37.036919], [-122.036445, 37.037484], [-122.037903, 37.037009], [-122.039814, 37.03568], [-122.040908, 37.036625], [-122.041659, 37.037916], [-122.04204, 37.037176]], [[-122.039186, 37.035421], [-122.037386, 37.036602], [-122.036367, 37.036816], [-122.035682, 37.036482], [-122.035305, 37.036107], [-122.034947, 37.034543], [-122.035448, 37.033719], [-122.035574, 37.033171], [-122.03609, 37.032824], [-122.038385, 37.034933], [-122.039186, 37.035421]]]}}, {"id": "2445", "type": "Feature", "properties": {"GEOID": "060871204003030", "POP100": 34, "density": 494.7}, "geometry": {"type": "Polygon", "coordinates": [[[-122.116475, 37.099747], [-122.113785, 37.099946], [-122.111728, 37.099386], [-122.109776, 37.099128], [-122.108655, 37.099195], [-122.10776, 37.099707], [-122.106596, 37.100807], [-122.105419, 37.102368], [-122.104819, 37.102706], [-122.104342, 37.102769], [-122.104422, 37.104212], [-122.105064, 37.104745], [-122.105741, 37.105769], [-122.10636, 37.105287], [-122.106479, 37.105017], [-122.106842, 37.104879], [-122.107414, 37.10379], [-122.106556, 37.104009], [-122.106087, 37.103661], [-122.105976, 37.103272], [-122.106336, 37.102937], [-122.107212, 37.102719], [-122.107447, 37.102517], [-122.10722, 37.102394], [-122.107387, 37.102015], [-122.10798, 37.101728], [-122.109312, 37.100593], [-122.110178, 37.10026], [-122.112026, 37.100354], [-122.11324, 37.100503], [-122.113518, 37.100851], [-122.115321, 37.10046], [-122.116475, 37.099747]]]}}, {"id": "2446", "type": "Feature", "properties": {"GEOID": "060871203011012", "POP100": 154, "density": 670.0}, "geometry": {"type": "Polygon", "coordinates": [[[-122.118134, 37.099439], [-122.115366, 37.099206], [-122.114645, 37.098184], [-122.114145, 37.098102], [-122.112961, 37.098356], [-122.112312, 37.097476], [-122.111159, 37.097353], [-122.110445, 37.097011], [-122.109762, 37.097348], [-122.108924, 37.097188], [-122.10789, 37.097623], [-122.107558, 37.097429], [-122.107168, 37.096747], [-122.106752, 37.096568], [-122.105398, 37.09719], [-122.104155, 37.097551], [-122.103346, 37.097081], [-122.1026, 37.097099], [-122.100976, 37.096671], [-122.100199, 37.09577], [-122.098662, 37.094448], [-122.098236, 37.093717], [-122.097176, 37.093165], [-122.096496, 37.092059], [-122.096195, 37.091833], [-122.095852, 37.091825], [-122.096123, 37.092151], [-122.097311, 37.095671], [-122.097812, 37.098191], [-122.099821, 37.099494], [-122.100981, 37.099789], [-122.101269, 37.100554], [-122.101721, 37.101001], [-122.103009, 37.101285], [-122.103619, 37.101584], [-122.104132, 37.102146], [-122.104342, 37.102769], [-122.104819, 37.102706], [-122.105419, 37.102368], [-122.106596, 37.100807], [-122.10776, 37.099707], [-122.108655, 37.099195], [-122.109776, 37.099128], [-122.111728, 37.099386], [-122.112719, 37.099746], [-122.11392, 37.099952], [-122.116443, 37.099754], [-122.118134, 37.099439]]]}}, {"id": "2450", "type": "Feature", "properties": {"GEOID": "060871203012018", "POP100": 10, "density": 26.4}, "geometry": {"type": "Polygon", "coordinates": [[[-122.114027, 37.05407], [-122.114505, 37.053349], [-122.109884, 37.053379], [-122.109943, 37.05366], [-122.105388, 37.053457], [-122.105331, 37.051081], [-122.104749, 37.050892], [-122.104248, 37.050914], [-122.102795, 37.051442], [-122.10115, 37.051223], [-122.098682, 37.05163], [-122.096152, 37.051384], [-122.095282, 37.05166], [-122.095056, 37.052116], [-122.093798, 37.052251], [-122.093408, 37.052554], [-122.093723, 37.053094], [-122.095416, 37.053221], [-122.096602, 37.053843], [-122.097079, 37.054377], [-122.09719, 37.05563], [-122.098538, 37.056268], [-122.101922, 37.056058], [-122.102225, 37.056842], [-122.103071, 37.05719], [-122.103391, 37.057698], [-122.103886, 37.057996], [-122.106782, 37.057688], [-122.107652, 37.057748], [-122.108283, 37.058243], [-122.108942, 37.059418], [-122.109635, 37.059764], [-122.111404, 37.059978], [-122.112405, 37.060901], [-122.112985, 37.061195], [-122.113251, 37.060661], [-122.112944, 37.05975], [-122.113018, 37.05948], [-122.113569, 37.059101], [-122.114104, 37.059025], [-122.113988, 37.056217], [-122.113715, 37.055587], [-122.113831, 37.055301], [-122.114404, 37.055091], [-122.113888, 37.054318], [-122.114027, 37.05407]]]}}, {"id": "2451", "type": "Feature", "properties": {"GEOID": "060871203011010", "POP100": 25, "density": 2737.7}, "geometry": {"type": "Polygon", "coordinates": [[[-122.097205, 37.095357], [-122.096755, 37.094027], [-122.095092, 37.094364], [-122.095483, 37.09572], [-122.097205, 37.095357]]]}}, {"id": "2452", "type": "Feature", "properties": {"GEOID": "060871203022003", "POP100": 67, "density": 5739.5}, "geometry": {"type": "Polygon", "coordinates": [[[-122.091851, 37.091515], [-122.091821, 37.091126], [-122.091581, 37.09089], [-122.089868, 37.090654], [-122.089567, 37.092133], [-122.09142, 37.09231], [-122.091688, 37.092048], [-122.091851, 37.091515]]]}}, {"id": "2485", "type": "Feature", "properties": {"GEOID": "060871203011018", "POP100": 191, "density": 102.4}, "geometry": {"type": "Polygon", "coordinates": [[[-122.133921, 37.092972], [-122.133949, 37.091448], [-122.129204, 37.091484], [-122.129224, 37.090169], [-122.128627, 37.090163], [-122.128512, 37.087425], [-122.123451, 37.087275], [-122.12347, 37.080972], [-122.123233, 37.080765], [-122.122197, 37.080463], [-122.119646, 37.080854], [-122.118219, 37.080245], [-122.117382, 37.079701], [-122.115419, 37.077609], [-122.112277, 37.075357], [-122.110788, 37.073539], [-122.109656, 37.072721], [-122.107941, 37.071062], [-122.107385, 37.070672], [-122.106761, 37.070536], [-122.100259, 37.076413], [-122.100832, 37.076762], [-122.103632, 37.080107], [-122.102302, 37.080949], [-122.101946, 37.082795], [-122.100924, 37.083466], [-122.099565, 37.083906], [-122.09951, 37.084908], [-122.09923, 37.085451], [-122.09753, 37.086226], [-122.092993, 37.087628], [-122.09251, 37.08821], [-122.09367, 37.088289], [-122.094316, 37.088645], [-122.094712, 37.089709], [-122.09476, 37.090973], [-122.095536, 37.091632], [-122.096394, 37.091178], [-122.097661, 37.091455], [-122.098373, 37.091405], [-122.099237, 37.09165], [-122.101932, 37.091671], [-122.103647, 37.090336], [-122.103775, 37.090537], [-122.103142, 37.091192], [-122.103263, 37.091341], [-122.10424, 37.090451], [-122.104759, 37.090201], [-122.104591, 37.089335], [-122.105048, 37.088991], [-122.104839, 37.08954], [-122.105289, 37.090375], [-122.104998, 37.090733], [-122.106418, 37.091362], [-122.106864, 37.09138], [-122.107421, 37.091144], [-122.109312, 37.091599], [-122.109102, 37.091146], [-122.109757, 37.091005], [-122.11152, 37.091342], [-122.111821, 37.091476], [-122.111819, 37.09206], [-122.112077, 37.092321], [-122.112048, 37.092532], [-122.113085, 37.092079], [-122.113943, 37.092082], [-122.114225, 37.092315], [-122.115056, 37.091938], [-122.115945, 37.091998], [-122.116426, 37.092516], [-122.116358, 37.093009], [-122.115409, 37.093854], [-122.114835, 37.094982], [-122.114546, 37.095044], [-122.113664, 37.094803], [-122.113238, 37.094976], [-122.112649, 37.095393], [-122.113317, 37.096014], [-122.112664, 37.096016], [-122.112694, 37.09614], [-122.11354, 37.09626], [-122.114455, 37.096801], [-122.114828, 37.0966], [-122.115992, 37.096686], [-122.11701, 37.096331], [-122.117415, 37.09639], [-122.117744, 37.096985], [-122.118955, 37.09788], [-122.119287, 37.098457], [-122.119249, 37.09889], [-122.118667, 37.099378], [-122.119791, 37.099042], [-122.121434, 37.09825], [-122.12224, 37.097291], [-122.123453, 37.096627], [-122.124038, 37.09655], [-122.125409, 37.097137], [-122.126705, 37.096517], [-122.127193, 37.095776], [-122.127776, 37.095986], [-122.128479, 37.094692], [-122.129374, 37.094066], [-122.130368, 37.093006], [-122.131083, 37.093084], [-122.131648, 37.093589], [-122.131836, 37.095413], [-122.13203, 37.095499], [-122.132319, 37.09484], [-122.132987, 37.094777], [-122.132855, 37.094357], [-122.132947, 37.093989], [-122.133921, 37.092972]]]}}, {"id": "2486", "type": "Feature", "properties": {"GEOID": "060871203022001", "POP100": 49, "density": 3055.9}, "geometry": {"type": "Polygon", "coordinates": [[[-122.088507, 37.088919], [-122.088493, 37.088802], [-122.087748, 37.088805], [-122.087703, 37.089403], [-122.086935, 37.090085], [-122.086668, 37.090535], [-122.08662, 37.090887], [-122.086915, 37.091695], [-122.086422, 37.093101], [-122.086394, 37.094112], [-122.086138, 37.094773], [-122.08692, 37.093942], [-122.086897, 37.093494], [-122.087168, 37.09254], [-122.087661, 37.091081], [-122.088235, 37.090387], [-122.088507, 37.088919]]]}}, {"id": "2487", "type": "Feature", "properties": {"GEOID": "060871203022031", "POP100": 31, "density": 6729.5}, "geometry": {"type": "Polygon", "coordinates": [[[-122.089612, 37.085748], [-122.089607, 37.085579], [-122.088325, 37.085562], [-122.088274, 37.085712], [-122.088533, 37.086022], [-122.088226, 37.08636], [-122.088262, 37.086618], [-122.088798, 37.086947], [-122.089612, 37.085748]]]}}, {"id": "2488", "type": "Feature", "properties": {"GEOID": "060871203022014", "POP100": 85, "density": 5862.4}, "geometry": {"type": "Polygon", "coordinates": [[[-122.085625, 37.091514], [-122.085604, 37.090749], [-122.084874, 37.088522], [-122.08361, 37.088964], [-122.084406, 37.090935], [-122.084433, 37.091562], [-122.085625, 37.091514]]]}}, {"id": "2489", "type": "Feature", "properties": {"GEOID": "060871206001010", "POP100": 86, "density": 5762.7}, "geometry": {"type": "Polygon", "coordinates": [[[-122.073303, 37.080451], [-122.073402, 37.080367], [-122.072528, 37.07964], [-122.070973, 37.079053], [-122.070602, 37.078768], [-122.069677, 37.079677], [-122.069785, 37.080007], [-122.070515, 37.080558], [-122.07115, 37.080554], [-122.071542, 37.080143], [-122.072928, 37.080808], [-122.073303, 37.080451]]]}}, {"id": "2491", "type": "Feature", "properties": {"GEOID": "060871203011009", "POP100": 34, "density": 4216.4}, "geometry": {"type": "Polygon", "coordinates": [[[-122.096495, 37.097031], [-122.096513, 37.096759], [-122.095344, 37.096775], [-122.095207, 37.098535], [-122.096431, 37.098466], [-122.096495, 37.097031]]]}}, {"id": "2492", "type": "Feature", "properties": {"GEOID": "060871203011011", "POP100": 24, "density": 4615.0}, "geometry": {"type": "Polygon", "coordinates": [[[-122.096657, 37.095723], [-122.096693, 37.095465], [-122.095483, 37.09572], [-122.095344, 37.096775], [-122.096513, 37.096759], [-122.096657, 37.095723]]]}}, {"id": "2493", "type": "Feature", "properties": {"GEOID": "060871203011022", "POP100": 21, "density": 325.9}, "geometry": {"type": "Polygon", "coordinates": [[[-122.112075, 37.092406], [-122.111819, 37.09206], [-122.111821, 37.091476], [-122.11152, 37.091342], [-122.109757, 37.091005], [-122.109102, 37.091146], [-122.109312, 37.091599], [-122.107421, 37.091144], [-122.106489, 37.091375], [-122.10513, 37.090859], [-122.105, 37.09064], [-122.105283, 37.090328], [-122.104839, 37.08954], [-122.105048, 37.088991], [-122.104591, 37.089335], [-122.104759, 37.090201], [-122.10424, 37.090451], [-122.103263, 37.091341], [-122.103142, 37.091192], [-122.103775, 37.090537], [-122.10354, 37.090346], [-122.101932, 37.091671], [-122.103006, 37.092087], [-122.104487, 37.092194], [-122.106847, 37.092991], [-122.10811, 37.093102], [-122.108427, 37.093417], [-122.108747, 37.093483], [-122.11033, 37.093391], [-122.111359, 37.092943], [-122.112075, 37.092406]]]}}, {"id": "2494", "type": "Feature", "properties": {"GEOID": "060871203011004", "POP100": 26, "density": 9955.6}, "geometry": {"type": "Polygon", "coordinates": [[[-122.094068, 37.090337], [-122.093652, 37.089966], [-122.093287, 37.090435], [-122.093184, 37.09116], [-122.093712, 37.091298], [-122.094068, 37.090337]]]}}, {"id": "2495", "type": "Feature", "properties": {"GEOID": "060871203022004", "POP100": 30, "density": 5052.6}, "geometry": {"type": "Polygon", "coordinates": [[[-122.091421, 37.089757], [-122.091472, 37.08949], [-122.090079, 37.089715], [-122.089868, 37.090654], [-122.091221, 37.090829], [-122.091421, 37.089757]]]}}, {"id": "2496", "type": "Feature", "properties": {"GEOID": "060871203022012", "POP100": 49, "density": 6221.4}, "geometry": {"type": "Polygon", "coordinates": [[[-122.087792, 37.089107], [-122.087704, 37.088804], [-122.086762, 37.089034], [-122.08643, 37.089274], [-122.086009, 37.089743], [-122.085604, 37.090749], [-122.086629, 37.09066], [-122.086935, 37.090085], [-122.087614, 37.08953], [-122.087792, 37.089107]]]}}, {"id": "2497", "type": "Feature", "properties": {"GEOID": "060871203021006", "POP100": 26, "density": 9952.7}, "geometry": {"type": "Polygon", "coordinates": [[[-122.091734, 37.081801], [-122.090607, 37.081479], [-122.08942, 37.081637], [-122.090424, 37.081832], [-122.090822, 37.082176], [-122.091734, 37.081801]]]}}, {"id": "2498", "type": "Feature", "properties": {"GEOID": "060871203021009", "POP100": 42, "density": 4750.2}, "geometry": {"type": "Polygon", "coordinates": [[[-122.095965, 37.082039], [-122.095647, 37.081256], [-122.094903, 37.081498], [-122.093548, 37.080639], [-122.093179, 37.080673], [-122.09297, 37.080881], [-122.09356, 37.081283], [-122.093632, 37.081455], [-122.093516, 37.081532], [-122.094072, 37.081603], [-122.094971, 37.082043], [-122.095375, 37.082905], [-122.095743, 37.082732], [-122.095965, 37.082039]]]}}, {"id": "2499", "type": "Feature", "properties": {"GEOID": "060871203022008", "POP100": 27, "density": 5491.1}, "geometry": {"type": "Polygon", "coordinates": [[[-122.092675, 37.089415], [-122.092863, 37.089468], [-122.091464, 37.088929], [-122.090189, 37.088886], [-122.090079, 37.089715], [-122.092675, 37.089415]]]}}, {"id": "2500", "type": "Feature", "properties": {"GEOID": "060871203022005", "POP100": 29, "density": 4338.8}, "geometry": {"type": "Polygon", "coordinates": [[[-122.090041, 37.089834], [-122.090079, 37.089715], [-122.089065, 37.089566], [-122.088507, 37.088919], [-122.088235, 37.090387], [-122.089868, 37.090654], [-122.090041, 37.089834]]]}}, {"id": "2501", "type": "Feature", "properties": {"GEOID": "060871203022006", "POP100": 0, "density": 0.0}, "geometry": {"type": "Polygon", "coordinates": [[[-122.090135, 37.089453], [-122.090189, 37.088886], [-122.088493, 37.088802], [-122.088744, 37.089311], [-122.089262, 37.089656], [-122.090079, 37.089715], [-122.090135, 37.089453]]]}}, {"id": "2502", "type": "Feature", "properties": {"GEOID": "060871203022021", "POP100": 34, "density": 4967.5}, "geometry": {"type": "Polygon", "coordinates": [[[-122.083143, 37.076215], [-122.083063, 37.075542], [-122.082566, 37.074244], [-122.081676, 37.074231], [-122.082328, 37.076258], [-122.083143, 37.076215]]]}}, {"id": "2503", "type": "Feature", "properties": {"GEOID": "060871203021011", "POP100": 24, "density": 4795.2}, "geometry": {"type": "Polygon", "coordinates": [[[-122.090688, 37.082213], [-122.090822, 37.082176], [-122.090424, 37.081832], [-122.08942, 37.081637], [-122.08879, 37.082261], [-122.08973, 37.082744], [-122.090688, 37.082213]]]}}, {"id": "2505", "type": "Feature", "properties": {"GEOID": "060871203011001", "POP100": 79, "density": 423.5}, "geometry": {"type": "Polygon", "coordinates": [[[-122.096518, 37.109537], [-122.096492, 37.109262], [-122.09563, 37.108144], [-122.094715, 37.107533], [-122.093857, 37.10597], [-122.092682, 37.104374], [-122.092716, 37.103489], [-122.092563, 37.103274], [-122.089563, 37.102008], [-122.08894, 37.101442], [-122.088944, 37.100975], [-122.088698, 37.100976], [-122.088308, 37.10049], [-122.086986, 37.099631], [-122.087409, 37.103455], [-122.086971, 37.104176], [-122.08697, 37.104712], [-122.087416, 37.105157], [-122.087482, 37.105632], [-122.088178, 37.107003], [-122.088885, 37.107171], [-122.089884, 37.108223], [-122.090741, 37.108643], [-122.092062, 37.110377], [-122.092524, 37.110692], [-122.093816, 37.110976], [-122.095902, 37.110256], [-122.096265, 37.110009], [-122.096518, 37.109537]]]}}, {"id": "2522", "type": "Feature", "properties": {"GEOID": "060871203011008", "POP100": 16, "density": 2364.2}, "geometry": {"type": "Polygon", "coordinates": [[[-122.086601, 37.095415], [-122.086552, 37.095156], [-122.086138, 37.094773], [-122.085691, 37.095195], [-122.085471, 37.09608], [-122.085585, 37.097314], [-122.08598, 37.098437], [-122.086284, 37.098798], [-122.086409, 37.098255], [-122.086004, 37.097849], [-122.085846, 37.097063], [-122.08621, 37.095832], [-122.086601, 37.095415]]]}}, {"id": "2523", "type": "Feature", "properties": {"GEOID": "060871203013025", "POP100": 14, "density": 2005.1}, "geometry": {"type": "Polygon", "coordinates": [[[-122.08567, 37.095379], [-122.085691, 37.095195], [-122.085278, 37.095377], [-122.084977, 37.095803], [-122.084348, 37.097743], [-122.084802, 37.097742], [-122.085226, 37.097337], [-122.085522, 37.097666], [-122.085471, 37.09608], [-122.08567, 37.095379]]]}}, {"id": "2524", "type": "Feature", "properties": {"GEOID": "060871203022015", "POP100": 39, "density": 4514.2}, "geometry": {"type": "Polygon", "coordinates": [[[-122.084874, 37.088522], [-122.083956, 37.0869], [-122.082906, 37.087275], [-122.08361, 37.088964], [-122.084874, 37.088522]]]}}, {"id": "2526", "type": "Feature", "properties": {"GEOID": "060871203022020", "POP100": 41, "density": 3111.6}, "geometry": {"type": "Polygon", "coordinates": [[[-122.082328, 37.076258], [-122.081676, 37.074231], [-122.080384, 37.074243], [-122.080318, 37.076235], [-122.082328, 37.076258]]]}}, {"id": "2527", "type": "Feature", "properties": {"GEOID": "060871203022022", "POP100": 31, "density": 6557.5}, "geometry": {"type": "Polygon", "coordinates": [[[-122.082566, 37.074244], [-122.082039, 37.073062], [-122.080999, 37.073074], [-122.081528, 37.074228], [-122.082566, 37.074244]]]}}, {"id": "2528", "type": "Feature", "properties": {"GEOID": "060871206001002", "POP100": 100, "density": 3579.4}, "geometry": {"type": "Polygon", "coordinates": [[[-122.081674, 37.083818], [-122.079496, 37.08345], [-122.078618, 37.082974], [-122.078354, 37.083371], [-122.078059, 37.085564], [-122.077798, 37.085789], [-122.07727, 37.085663], [-122.07701, 37.085773], [-122.076921, 37.086597], [-122.076304, 37.087734], [-122.07629, 37.088037], [-122.076474, 37.088147], [-122.076589, 37.087868], [-122.076955, 37.087718], [-122.078065, 37.088001], [-122.078543, 37.086063], [-122.079547, 37.084592], [-122.080126, 37.084157], [-122.081674, 37.083818]]]}}, {"id": "2529", "type": "Feature", "properties": {"GEOID": "060871203022023", "POP100": 74, "density": 3210.4}, "geometry": {"type": "Polygon", "coordinates": [[[-122.083954, 37.074249], [-122.083838, 37.07342], [-122.083625, 37.073134], [-122.080303, 37.071092], [-122.080384, 37.074243], [-122.081528, 37.074228], [-122.080982, 37.073102], [-122.08124, 37.073023], [-122.082039, 37.073062], [-122.082566, 37.074244], [-122.083954, 37.074249]]]}}, {"id": "2530", "type": "Feature", "properties": {"GEOID": "060871206001014", "POP100": 23, "density": 4336.4}, "geometry": {"type": "Polygon", "coordinates": [[[-122.059948, 37.071633], [-122.059487, 37.070039], [-122.059154, 37.06981], [-122.058629, 37.069883], [-122.05923, 37.071624], [-122.059948, 37.071633]]]}}, {"id": "2638", "type": "Feature", "properties": {"GEOID": "060871207001013", "POP100": 119, "density": 6177.4}, "geometry": {"type": "Polygon", "coordinates": [[[-122.059372, 37.049718], [-122.058925, 37.049309], [-122.059366, 37.04894], [-122.059187, 37.048377], [-122.058834, 37.048041], [-122.057994, 37.047796], [-122.05867, 37.048544], [-122.05851, 37.049065], [-122.057466, 37.049622], [-122.056267, 37.0493], [-122.054617, 37.049372], [-122.054126, 37.05044], [-122.056174, 37.050415], [-122.056995, 37.050109], [-122.058034, 37.050284], [-122.058799, 37.04981], [-122.059372, 37.049718]]]}}, {"id": "2658", "type": "Feature", "properties": {"GEOID": "060871209011026", "POP100": 102, "density": 399.2}, "geometry": {"type": "Polygon", "coordinates": [[[-122.040157, 37.06797], [-122.040049, 37.067143], [-122.039858, 37.066805], [-122.038273, 37.065529], [-122.034622, 37.063939], [-122.033532, 37.065749], [-122.033836, 37.068314], [-122.034253, 37.069399], [-122.034178, 37.07042], [-122.033248, 37.071792], [-122.033158, 37.073121], [-122.032244, 37.073799], [-122.031766, 37.074768], [-122.031451, 37.076133], [-122.031777, 37.077571], [-122.032005, 37.077201], [-122.032202, 37.07555], [-122.032703, 37.075049], [-122.033204, 37.075177], [-122.033654, 37.076098], [-122.039055, 37.076184], [-122.03934, 37.068], [-122.040157, 37.06797]]]}}, {"id": "2663", "type": "Feature", "properties": {"GEOID": "060871203011003", "POP100": 276, "density": 2680.7}, "geometry": {"type": "Polygon", "coordinates": [[[-122.104342, 37.102769], [-122.104132, 37.102146], [-122.103619, 37.101584], [-122.103009, 37.101285], [-122.101721, 37.101001], [-122.101269, 37.100554], [-122.100981, 37.099789], [-122.099821, 37.099494], [-122.097862, 37.098243], [-122.097664, 37.09788], [-122.097205, 37.095357], [-122.096693, 37.095465], [-122.096431, 37.098466], [-122.095207, 37.098535], [-122.095483, 37.09572], [-122.095092, 37.094364], [-122.096755, 37.094027], [-122.096123, 37.092151], [-122.095852, 37.091825], [-122.095122, 37.091289], [-122.094391, 37.091396], [-122.093184, 37.09116], [-122.092485, 37.092798], [-122.092389, 37.093474], [-122.093596, 37.093843], [-122.094366, 37.096867], [-122.09445, 37.09792], [-122.094298, 37.099287], [-122.094785, 37.099473], [-122.096658, 37.099237], [-122.097406, 37.099308], [-122.099183, 37.100198], [-122.100732, 37.101281], [-122.102661, 37.101686], [-122.103389, 37.102103], [-122.103725, 37.102768], [-122.104342, 37.102769]]]}}, {"id": "2664", "type": "Feature", "properties": {"GEOID": "060871206001001", "POP100": 27, "density": 1016.9}, "geometry": {"type": "Polygon", "coordinates": [[[-122.078277, 37.090018], [-122.077886, 37.088896], [-122.078065, 37.088001], [-122.076955, 37.087718], [-122.076651, 37.087816], [-122.076474, 37.088147], [-122.077089, 37.088524], [-122.077211, 37.088829], [-122.076584, 37.090504], [-122.076142, 37.091255], [-122.075248, 37.092202], [-122.074391, 37.094521], [-122.073156, 37.095806], [-122.072931, 37.096583], [-122.073253, 37.0958], [-122.074614, 37.094834], [-122.075374, 37.093155], [-122.075996, 37.092319], [-122.078035, 37.090582], [-122.078277, 37.090018]]]}}, {"id": "2667", "type": "Feature", "properties": {"GEOID": "060871207001012", "POP100": 48, "density": 3507.8}, "geometry": {"type": "Polygon", "coordinates": [[[-122.057721, 37.049468], [-122.057642, 37.048922], [-122.05738, 37.04867], [-122.05657, 37.048215], [-122.055769, 37.048238], [-122.055268, 37.048381], [-122.055362, 37.048686], [-122.055255, 37.048868], [-122.054426, 37.048983], [-122.053338, 37.049495], [-122.053085, 37.050107], [-122.054675, 37.049364], [-122.056267, 37.0493], [-122.057347, 37.049631], [-122.057721, 37.049468]]]}}, {"id": "2668", "type": "Feature", "properties": {"GEOID": "060871208002008", "POP100": 150, "density": 3210.1}, "geometry": {"type": "Polygon", "coordinates": [[[-122.041645, 37.037941], [-122.040908, 37.036625], [-122.039814, 37.03568], [-122.037903, 37.037009], [-122.036445, 37.037484], [-122.035418, 37.036919], [-122.034118, 37.0368], [-122.03347, 37.036202], [-122.033134, 37.036548], [-122.033327, 37.036758], [-122.033405, 37.037556], [-122.032454, 37.037851], [-122.031938, 37.03841], [-122.031854, 37.038725], [-122.032172, 37.039393], [-122.032122, 37.039625], [-122.0346, 37.040522], [-122.034965, 37.040329], [-122.035024, 37.039978], [-122.034788, 37.039337], [-122.03397, 37.038354], [-122.034106, 37.038093], [-122.034707, 37.037713], [-122.036543, 37.037849], [-122.038258, 37.03726], [-122.039553, 37.036389], [-122.03984, 37.036561], [-122.039713, 37.037097], [-122.040668, 37.037233], [-122.040816, 37.037924], [-122.041195, 37.038304], [-122.041322, 37.038397], [-122.041645, 37.037941]]]}}, {"id": "2695", "type": "Feature", "properties": {"GEOID": "060871207003000", "POP100": 10, "density": 27.7}, "geometry": {"type": "Polygon", "coordinates": [[[-122.057942, 37.035769], [-122.055212, 37.03381], [-122.054168, 37.033326], [-122.052765, 37.033162], [-122.051842, 37.033316], [-122.050464, 37.034204], [-122.049438, 37.03459], [-122.048276, 37.034764], [-122.045317, 37.034722], [-122.042373, 37.033896], [-122.041469, 37.034018], [-122.041739, 37.035528], [-122.042249, 37.036767], [-122.043998, 37.0393], [-122.045536, 37.041153], [-122.046933, 37.041912], [-122.050924, 37.042725], [-122.057942, 37.035769]]]}}, {"id": "2697", "type": "Feature", "properties": {"GEOID": "060871207001000", "POP100": 14, "density": 2954.4}, "geometry": {"type": "Polygon", "coordinates": [[[-122.042949, 37.056197], [-122.042955, 37.055383], [-122.042164, 37.054593], [-122.041395, 37.055167], [-122.042611, 37.056123], [-122.042949, 37.056197]]]}}, {"id": "2724", "type": "Feature", "properties": {"GEOID": "060871207001008", "POP100": 26, "density": 9360.5}, "geometry": {"type": "Polygon", "coordinates": [[[-122.052618, 37.052534], [-122.052676, 37.052289], [-122.050845, 37.052627], [-122.050898, 37.052948], [-122.05147, 37.052918], [-122.05256, 37.052779], [-122.052618, 37.052534]]]}}, {"id": "2725", "type": "Feature", "properties": {"GEOID": "060871203012021", "POP100": 28, "density": 276.6}, "geometry": {"type": "Polygon", "coordinates": [[[-122.123078, 37.057872], [-122.122726, 37.057225], [-122.121392, 37.055925], [-122.119863, 37.05548], [-122.118309, 37.054406], [-122.116873, 37.05387], [-122.116639, 37.054312], [-122.11677, 37.054906], [-122.114562, 37.05506], [-122.114688, 37.058994], [-122.117748, 37.058824], [-122.120579, 37.057863], [-122.123078, 37.057872]]]}}, {"id": "2751", "type": "Feature", "properties": {"GEOID": "060871203012038", "POP100": 13, "density": 88.5}, "geometry": {"type": "Polygon", "coordinates": [[[-122.101616, 37.036991], [-122.100068, 37.036045], [-122.098162, 37.034576], [-122.097548, 37.033565], [-122.097199, 37.033477], [-122.096244, 37.033676], [-122.09588, 37.033968], [-122.095853, 37.035257], [-122.094208, 37.035672], [-122.094013, 37.036066], [-122.093613, 37.036372], [-122.092673, 37.036418], [-122.091554, 37.035939], [-122.090526, 37.036193], [-122.08936, 37.035955], [-122.088944, 37.036108], [-122.08762, 37.036059], [-122.086726, 37.036676], [-122.085998, 37.038146], [-122.087885, 37.038588], [-122.088, 37.038345], [-122.088562, 37.038132], [-122.089707, 37.038275], [-122.090036, 37.038371], [-122.090366, 37.038994], [-122.090595, 37.03903], [-122.09183, 37.038476], [-122.09267, 37.038439], [-122.093085, 37.038215], [-122.093762, 37.038915], [-122.095063, 37.038969], [-122.09591, 37.038614], [-122.096568, 37.037735], [-122.097433, 37.037501], [-122.10094, 37.03735], [-122.101616, 37.036991]]]}}, {"id": "2821", "type": "Feature", "properties": {"GEOID": "060871206001025", "POP100": 77, "density": 164.4}, "geometry": {"type": "Polygon", "coordinates": [[[-122.07935, 37.062984], [-122.079229, 37.061402], [-122.078302, 37.059464], [-122.075045, 37.057294], [-122.074572, 37.056794], [-122.073283, 37.05519], [-122.071921, 37.052477], [-122.070518, 37.052036], [-122.069592, 37.053369], [-122.068933, 37.053614], [-122.066017, 37.052779], [-122.064584, 37.052903], [-122.063503, 37.053495], [-122.062341, 37.054995], [-122.061522, 37.055547], [-122.061803, 37.056224], [-122.062077, 37.056395], [-122.062821, 37.05566], [-122.062939, 37.056228], [-122.063223, 37.056522], [-122.063242, 37.05861], [-122.068104, 37.059331], [-122.069144, 37.060726], [-122.069583, 37.060772], [-122.07061, 37.061787], [-122.070516, 37.062503], [-122.070999, 37.063074], [-122.071447, 37.063247], [-122.071518, 37.063524], [-122.071051, 37.064044], [-122.073111, 37.065157], [-122.077729, 37.065106], [-122.076387, 37.066368], [-122.076344, 37.066682], [-122.076676, 37.06709], [-122.076936, 37.066936], [-122.076949, 37.066533], [-122.077779, 37.065639], [-122.079032, 37.064937], [-122.07935, 37.062984]]]}}, {"id": "2824", "type": "Feature", "properties": {"GEOID": "060871206001012", "POP100": 149, "density": 518.2}, "geometry": {"type": "Polygon", "coordinates": [[[-122.06683, 37.071535], [-122.066716, 37.065529], [-122.064439, 37.065727], [-122.064216, 37.066188], [-122.06387, 37.066289], [-122.061834, 37.06607], [-122.06091, 37.066211], [-122.060229, 37.066134], [-122.059631, 37.066361], [-122.059453, 37.066222], [-122.05944, 37.065163], [-122.059241, 37.065001], [-122.058861, 37.06503], [-122.057843, 37.065526], [-122.058544, 37.067278], [-122.058192, 37.068566], [-122.057717, 37.069246], [-122.058337, 37.069394], [-122.058629, 37.069883], [-122.059154, 37.06981], [-122.059436, 37.06998], [-122.059948, 37.071633], [-122.060316, 37.071722], [-122.05701, 37.071698], [-122.057155, 37.072432], [-122.056865, 37.073411], [-122.056677, 37.073793], [-122.056035, 37.074127], [-122.055708, 37.074528], [-122.058586, 37.077908], [-122.060054, 37.076383], [-122.060648, 37.076093], [-122.061636, 37.076208], [-122.063886, 37.074165], [-122.062311, 37.074165], [-122.062296, 37.071636], [-122.06683, 37.071535]]]}}, {"id": "2825", "type": "Feature", "properties": {"GEOID": "060871206001019", "POP100": 291, "density": 781.4}, "geometry": {"type": "Polygon", "coordinates": [[[-122.080391, 37.072541], [-122.080303, 37.071092], [-122.079675, 37.070426], [-122.079664, 37.070041], [-122.079031, 37.068691], [-122.078619, 37.068337], [-122.077461, 37.067833], [-122.076344, 37.066682], [-122.076387, 37.066368], [-122.077729, 37.065106], [-122.073111, 37.065157], [-122.071051, 37.064044], [-122.071518, 37.063524], [-122.071447, 37.063247], [-122.070999, 37.063074], [-122.070516, 37.062503], [-122.07061, 37.061787], [-122.069583, 37.060772], [-122.069144, 37.060726], [-122.068104, 37.059331], [-122.067514, 37.059224], [-122.06728, 37.059604], [-122.066997, 37.059715], [-122.063789, 37.05957], [-122.063278, 37.061694], [-122.063942, 37.062748], [-122.064847, 37.063493], [-122.065835, 37.063954], [-122.067945, 37.064433], [-122.069972, 37.065973], [-122.070746, 37.067468], [-122.070831, 37.069231], [-122.07149, 37.069919], [-122.072299, 37.071469], [-122.073688, 37.072831], [-122.07423, 37.073128], [-122.07423, 37.072622], [-122.074585, 37.072261], [-122.07499, 37.072705], [-122.076923, 37.073669], [-122.077464, 37.074425], [-122.078245, 37.074794], [-122.078744, 37.075311], [-122.07951, 37.075771], [-122.079716, 37.075363], [-122.080328, 37.075353], [-122.080391, 37.072541]]]}}, {"id": "2837", "type": "Feature", "properties": {"GEOID": "060871203011014", "POP100": 22, "density": 2581.3}, "geometry": {"type": "Polygon", "coordinates": [[[-122.100802, 37.095328], [-122.100862, 37.095178], [-122.10067, 37.094907], [-122.099456, 37.093564], [-122.099065, 37.093504], [-122.098988, 37.093711], [-122.099201, 37.094116], [-122.099316, 37.094964], [-122.100623, 37.096262], [-122.100802, 37.095328]]]}}, {"id": "2848", "type": "Feature", "properties": {"GEOID": "060871207001007", "POP100": 0, "density": 0.0}, "geometry": {"type": "Polygon", "coordinates": [[[-122.050898, 37.052948], [-122.050845, 37.052627], [-122.049917, 37.052856], [-122.050436, 37.052951], [-122.050898, 37.052948]]]}}, {"id": "2873", "type": "Feature", "properties": {"GEOID": "060871203013020", "POP100": 98, "density": 26.2}, "geometry": {"type": "Polygon", "coordinates": [[[-122.097193, 37.118296], [-122.097041, 37.117637], [-122.096345, 37.117523], [-122.095132, 37.116672], [-122.09449, 37.115921], [-122.094252, 37.115126], [-122.093297, 37.114506], [-122.093108, 37.114037], [-122.092018, 37.112799], [-122.089961, 37.11128], [-122.089787, 37.11094], [-122.087154, 37.108793], [-122.086801, 37.108141], [-122.086069, 37.108343], [-122.085646, 37.108169], [-122.084674, 37.106947], [-122.083774, 37.106847], [-122.083074, 37.106047], [-122.084092, 37.105235], [-122.084609, 37.104518], [-122.084356, 37.103641], [-122.085324, 37.101994], [-122.086075, 37.101282], [-122.085886, 37.10026], [-122.085997, 37.098565], [-122.085604, 37.097369], [-122.085494, 37.097675], [-122.085226, 37.097337], [-122.084802, 37.097742], [-122.084348, 37.097743], [-122.084977, 37.095803], [-122.084518, 37.09612], [-122.084026, 37.095942], [-122.083323, 37.096301], [-122.081767, 37.096216], [-122.08172, 37.098049], [-122.077066, 37.098042], [-122.07728, 37.092947], [-122.077574, 37.092947], [-122.077974, 37.092647], [-122.079523, 37.092755], [-122.079523, 37.092137], [-122.077352, 37.091859], [-122.077061, 37.091399], [-122.075517, 37.092926], [-122.074614, 37.094834], [-122.073414, 37.095647], [-122.073042, 37.09623], [-122.073028, 37.096711], [-122.073444, 37.096883], [-122.075152, 37.0984], [-122.07542, 37.098944], [-122.075166, 37.099663], [-122.074446, 37.100757], [-122.073575, 37.103037], [-122.074151, 37.103449], [-122.073253, 37.10429], [-122.072745, 37.104482], [-122.07243, 37.105103], [-122.072553, 37.106037], [-122.072203, 37.10712], [-122.072492, 37.107939], [-122.072059, 37.108345], [-122.071627, 37.107851], [-122.071325, 37.107735], [-122.070036, 37.107955], [-122.068828, 37.108505], [-122.068856, 37.108944], [-122.068375, 37.10884], [-122.067655, 37.109334], [-122.066873, 37.111356], [-122.066537, 37.11156], [-122.066413, 37.1119], [-122.065796, 37.11256], [-122.066125, 37.11267], [-122.066729, 37.112505], [-122.067113, 37.112664], [-122.066653, 37.112939], [-122.066976, 37.113263], [-122.066811, 37.113378], [-122.066619, 37.113428], [-122.066372, 37.113175], [-122.06596, 37.113104], [-122.065761, 37.113236], [-122.065782, 37.113439], [-122.066681, 37.11412], [-122.066331, 37.114752], [-122.065617, 37.114659], [-122.065631, 37.115236], [-122.065501, 37.115422], [-122.065727, 37.115807], [-122.065075, 37.115939], [-122.064416, 37.115571], [-122.062475, 37.116032], [-122.062283, 37.11623], [-122.06229, 37.116587], [-122.062571, 37.116944], [-122.064595, 37.117093], [-122.065315, 37.117379], [-122.065487, 37.117703], [-122.064245, 37.117356], [-122.06347, 37.117527], [-122.063319, 37.117692], [-122.063422, 37.118043], [-122.063051, 37.119444], [-122.063216, 37.12017], [-122.062982, 37.120813], [-122.063222, 37.121824], [-122.063058, 37.122164], [-122.063257, 37.122477], [-122.063188, 37.12317], [-122.062138, 37.124532], [-122.062147, 37.125142], [-122.061852, 37.125208], [-122.0619, 37.125791], [-122.062456, 37.126934], [-122.063808, 37.127895], [-122.062511, 37.127296], [-122.061234, 37.12595], [-122.05908, 37.126653], [-122.059011, 37.126851], [-122.058297, 37.127192], [-122.057515, 37.127274], [-122.056491, 37.127954], [-122.058323, 37.128009], [-122.058289, 37.132063], [-122.083686, 37.139521], [-122.08573, 37.139033], [-122.090489, 37.132159], [-122.096167, 37.120443], [-122.09616, 37.120004], [-122.095889, 37.119676], [-122.096265, 37.119072], [-122.097193, 37.118296]]]}}, {"id": "2888", "type": "Feature", "properties": {"GEOID": "060871202001015", "POP100": 334, "density": 107.4}, "geometry": {"type": "Polygon", "coordinates": [[[-122.134169, 37.06268], [-122.134333, 37.062649], [-122.133645, 37.061952], [-122.133126, 37.059265], [-122.131736, 37.057055], [-122.130298, 37.055499], [-122.129016, 37.054581], [-122.128565, 37.05324], [-122.127784, 37.052014], [-122.127895, 37.050828], [-122.127779, 37.050097], [-122.127081, 37.048805], [-122.126423, 37.048041], [-122.125908, 37.046482], [-122.126079, 37.045756], [-122.12707, 37.04492], [-122.127434, 37.044113], [-122.127484, 37.04253], [-122.128314, 37.041943], [-122.128925, 37.039855], [-122.129323, 37.039465], [-122.129454, 37.038119], [-122.128667, 37.037124], [-122.128612, 37.03686], [-122.129361, 37.035564], [-122.129868, 37.035147], [-122.130047, 37.034064], [-122.130377, 37.03357], [-122.130404, 37.033257], [-122.130179, 37.032191], [-122.129268, 37.031174], [-122.128837, 37.030349], [-122.128748, 37.029805], [-122.129161, 37.027954], [-122.12971, 37.027141], [-122.13006, 37.026124], [-122.130629, 37.025976], [-122.130773, 37.025745], [-122.13124, 37.024619], [-122.131337, 37.023537], [-122.131479, 37.023436], [-122.131059, 37.022915], [-122.130655, 37.021754], [-122.130071, 37.020984], [-122.129497, 37.020609], [-122.128659, 37.020343], [-122.127474, 37.020559], [-122.12584, 37.021269], [-122.125665, 37.021892], [-122.12536, 37.02215], [-122.124486, 37.021463], [-122.122939, 37.021084], [-122.122515, 37.019764], [-122.122667, 37.019383], [-122.123251, 37.019136], [-122.124272, 37.019107], [-122.124697, 37.019238], [-122.12507, 37.019131], [-122.125423, 37.01895], [-122.125729, 37.01821], [-122.125568, 37.01797], [-122.124838, 37.017788], [-122.125274, 37.016811], [-122.125231, 37.016434], [-122.124844, 37.015706], [-122.124909, 37.015152], [-122.123919, 37.013819], [-122.124501, 37.012592], [-122.123961, 37.012219], [-122.122998, 37.010923], [-122.12264, 37.010816], [-122.121462, 37.012027], [-122.115636, 37.014225], [-122.114942, 37.015107], [-122.113473, 37.016132], [-122.113516, 37.016374], [-122.11437, 37.017277], [-122.11436, 37.017676], [-122.113909, 37.017639], [-122.113291, 37.017238], [-122.112761, 37.016546], [-122.112652, 37.015773], [-122.112191, 37.015497], [-122.111795, 37.016065], [-122.110479, 37.016774], [-122.1095, 37.017812], [-122.107849, 37.019086], [-122.109178, 37.025101], [-122.105308, 37.025537], [-122.105252, 37.025874], [-122.104981, 37.026157], [-122.104337, 37.026371], [-122.103775, 37.026299], [-122.103029, 37.025785], [-122.100891, 37.026031], [-122.099643, 37.027511], [-122.101209, 37.029702], [-122.102062, 37.030352], [-122.103434, 37.030995], [-122.103876, 37.031102], [-122.104469, 37.03097], [-122.105214, 37.029728], [-122.105644, 37.029546], [-122.106402, 37.029535], [-122.107217, 37.029187], [-122.107938, 37.029291], [-122.108748, 37.029908], [-122.10891, 37.030794], [-122.109535, 37.031266], [-122.109995, 37.032156], [-122.110051, 37.032945], [-122.108843, 37.035041], [-122.108334, 37.035383], [-122.107025, 37.035788], [-122.10599, 37.037254], [-122.105982, 37.037663], [-122.106142, 37.037905], [-122.107398, 37.038372], [-122.107634, 37.038663], [-122.107517, 37.039023], [-122.106622, 37.039748], [-122.106405, 37.042036], [-122.106638, 37.042456], [-122.108228, 37.043635], [-122.108834, 37.044929], [-122.109596, 37.04555], [-122.110127, 37.044817], [-122.110287, 37.044274], [-122.111072, 37.04356], [-122.115155, 37.043519], [-122.116217, 37.044158], [-122.115882, 37.044889], [-122.115876, 37.045427], [-122.115124, 37.04547], [-122.1151, 37.045699], [-122.113465, 37.046092], [-122.112097, 37.046754], [-122.112995, 37.047509], [-122.114799, 37.048448], [-122.115445, 37.049501], [-122.115575, 37.051496], [-122.115112, 37.052719], [-122.115352, 37.053258], [-122.118132, 37.054313], [-122.119863, 37.05548], [-122.121392, 37.055925], [-122.122726, 37.057225], [-122.123012, 37.057943], [-122.124437, 37.057798], [-122.124954, 37.057996], [-122.126054, 37.058062], [-122.126202, 37.058276], [-122.126079, 37.059552], [-122.126406, 37.060127], [-122.12735, 37.060391], [-122.128441, 37.060137], [-122.129467, 37.060608], [-122.130971, 37.060424], [-122.131938, 37.060691], [-122.131885, 37.060961], [-122.130997, 37.060775], [-122.13071, 37.060863], [-122.13021, 37.061493], [-122.128947, 37.061627], [-122.128728, 37.061788], [-122.12877, 37.061915], [-122.129391, 37.062065], [-122.132946, 37.061838], [-122.133553, 37.062475], [-122.134169, 37.06268]]]}}, {"id": "2899", "type": "Feature", "properties": {"GEOID": "060871207002025", "POP100": 137, "density": 264.9}, "geometry": {"type": "Polygon", "coordinates": [[[-122.09959, 37.027614], [-122.099347, 37.027], [-122.098824, 37.026434], [-122.097735, 37.026092], [-122.095805, 37.026407], [-122.095399, 37.02661], [-122.095378, 37.026838], [-122.091132, 37.027259], [-122.089639, 37.027114], [-122.089399, 37.02671], [-122.086111, 37.023537], [-122.079704, 37.023819], [-122.069751, 37.023728], [-122.068814, 37.024742], [-122.073289, 37.024583], [-122.073248, 37.026168], [-122.0739, 37.027269], [-122.072915, 37.028184], [-122.07246, 37.028837], [-122.071351, 37.029556], [-122.071412, 37.02979], [-122.07171, 37.029926], [-122.07262, 37.029912], [-122.072778, 37.030083], [-122.072718, 37.030344], [-122.072387, 37.030522], [-122.071617, 37.030438], [-122.071111, 37.030578], [-122.070875, 37.030974], [-122.070959, 37.031368], [-122.071186, 37.031413], [-122.071501, 37.030987], [-122.072436, 37.031134], [-122.072957, 37.030991], [-122.073225, 37.030791], [-122.073233, 37.030437], [-122.073465, 37.030369], [-122.073778, 37.030589], [-122.073875, 37.031444], [-122.074052, 37.031698], [-122.074543, 37.031397], [-122.074825, 37.0314], [-122.076337, 37.032111], [-122.076643, 37.032712], [-122.076891, 37.0324], [-122.076899, 37.032009], [-122.077224, 37.031736], [-122.077596, 37.031697], [-122.077673, 37.032119], [-122.079294, 37.031581], [-122.08091, 37.031404], [-122.080698, 37.030567], [-122.081047, 37.030202], [-122.08327, 37.030101], [-122.085322, 37.03134], [-122.085802, 37.031123], [-122.086171, 37.031157], [-122.086539, 37.030386], [-122.087289, 37.030345], [-122.087468, 37.029697], [-122.087712, 37.029498], [-122.096349, 37.028111], [-122.09797, 37.028299], [-122.098279, 37.028236], [-122.098425, 37.027901], [-122.09927, 37.027822], [-122.09959, 37.027614]]]}}, {"id": "2933", "type": "Feature", "properties": {"GEOID": "060871203012009", "POP100": 219, "density": 899.2}, "geometry": {"type": "Polygon", "coordinates": [[[-122.092773, 37.046936], [-122.092778, 37.046059], [-122.092602, 37.045203], [-122.092392, 37.044896], [-122.091087, 37.04432], [-122.090419, 37.043465], [-122.088245, 37.042728], [-122.087672, 37.042153], [-122.085054, 37.042473], [-122.083822, 37.042978], [-122.081999, 37.043171], [-122.081843, 37.04311], [-122.081552, 37.04228], [-122.081111, 37.042465], [-122.080574, 37.042324], [-122.079549, 37.040795], [-122.078118, 37.041363], [-122.077335, 37.042084], [-122.075971, 37.042695], [-122.075579, 37.04334], [-122.075557, 37.043448], [-122.076823, 37.04339], [-122.077198, 37.043724], [-122.077788, 37.043742], [-122.077762, 37.045308], [-122.077996, 37.046801], [-122.078718, 37.046799], [-122.079163, 37.04615], [-122.07965, 37.045892], [-122.080377, 37.045815], [-122.081974, 37.046073], [-122.083962, 37.045831], [-122.084853, 37.046023], [-122.092031, 37.048681], [-122.092764, 37.048617], [-122.092773, 37.046936]]]}}, {"id": "2966", "type": "Feature", "properties": {"GEOID": "060871203021013", "POP100": 272, "density": 213.6}, "geometry": {"type": "Polygon", "coordinates": [[[-122.106761, 37.070536], [-122.104333, 37.070338], [-122.101906, 37.069591], [-122.097783, 37.066543], [-122.096919, 37.064994], [-122.095032, 37.062747], [-122.094078, 37.061011], [-122.092068, 37.055621], [-122.09156, 37.054857], [-122.090388, 37.053967], [-122.089352, 37.052687], [-122.088454, 37.052281], [-122.086438, 37.051974], [-122.084765, 37.051232], [-122.083764, 37.05132], [-122.080994, 37.052534], [-122.079715, 37.055651], [-122.080856, 37.058735], [-122.07934, 37.0596], [-122.080035, 37.061716], [-122.080033, 37.062926], [-122.079563, 37.064735], [-122.079719, 37.066392], [-122.080221, 37.067123], [-122.082481, 37.067959], [-122.08317, 37.06851], [-122.085023, 37.068733], [-122.085188, 37.069117], [-122.084612, 37.069568], [-122.084935, 37.070683], [-122.084626, 37.071233], [-122.085237, 37.071837], [-122.085758, 37.071952], [-122.087486, 37.071864], [-122.089865, 37.07265], [-122.090894, 37.073704], [-122.091251, 37.073886], [-122.09254, 37.073973], [-122.093891, 37.074368], [-122.095057, 37.074484], [-122.096717, 37.075335], [-122.098877, 37.075664], [-122.100259, 37.076413], [-122.106761, 37.070536]], [[-122.083244, 37.066245], [-122.082977, 37.067292], [-122.08069, 37.066883], [-122.080879, 37.066014], [-122.083244, 37.066245]]]}}, {"id": "2967", "type": "Feature", "properties": {"GEOID": "060871203021004", "POP100": 299, "density": 712.1}, "geometry": {"type": "Polygon", "coordinates": [[[-122.103234, 37.080421], [-122.103632, 37.080107], [-122.100537, 37.076532], [-122.098877, 37.075664], [-122.096717, 37.075335], [-122.095057, 37.074484], [-122.093891, 37.074368], [-122.09254, 37.073973], [-122.091251, 37.073886], [-122.090894, 37.073704], [-122.089865, 37.07265], [-122.087486, 37.071864], [-122.08547, 37.071947], [-122.084626, 37.071233], [-122.084935, 37.070683], [-122.084612, 37.069568], [-122.084136, 37.069765], [-122.084259, 37.070418], [-122.084134, 37.071504], [-122.08431, 37.072467], [-122.086117, 37.072453], [-122.086182, 37.073269], [-122.085451, 37.073664], [-122.084483, 37.073717], [-122.084257, 37.076319], [-122.084345, 37.076973], [-122.084041, 37.077533], [-122.083395, 37.077954], [-122.083141, 37.078382], [-122.08318, 37.078746], [-122.084099, 37.080755], [-122.084621, 37.081312], [-122.084941, 37.08085], [-122.084247, 37.079796], [-122.085015, 37.077553], [-122.085539, 37.077215], [-122.085823, 37.076741], [-122.085951, 37.076679], [-122.086117, 37.076971], [-122.087115, 37.076757], [-122.088556, 37.07695], [-122.090566, 37.076397], [-122.091074, 37.077692], [-122.091565, 37.077763], [-122.092968, 37.07723], [-122.093311, 37.077532], [-122.09338, 37.078117], [-122.093136, 37.078826], [-122.090691, 37.078656], [-122.089177, 37.078086], [-122.087365, 37.078752], [-122.088378, 37.079769], [-122.089082, 37.08134], [-122.08942, 37.081637], [-122.090274, 37.081486], [-122.090513, 37.081207], [-122.090487, 37.08087], [-122.091573, 37.081124], [-122.092279, 37.081028], [-122.093516, 37.081532], [-122.093632, 37.081455], [-122.09356, 37.081283], [-122.09297, 37.080881], [-122.093416, 37.080624], [-122.094903, 37.081498], [-122.095647, 37.081256], [-122.095967, 37.081901], [-122.096814, 37.081643], [-122.096586, 37.081322], [-122.097229, 37.081291], [-122.098189, 37.080937], [-122.098273, 37.081406], [-122.100853, 37.081942], [-122.101173, 37.082139], [-122.101766, 37.082963], [-122.101946, 37.082795], [-122.102302, 37.080949], [-122.103234, 37.080421]]]}}, {"id": "2968", "type": "Feature", "properties": {"GEOID": "060871203022027", "POP100": 67, "density": 2873.7}, "geometry": {"type": "Polygon", "coordinates": [[[-122.084136, 37.069765], [-122.083703, 37.069036], [-122.082475, 37.068541], [-122.079031, 37.068691], [-122.079664, 37.070041], [-122.080203, 37.069876], [-122.082192, 37.070233], [-122.084136, 37.069765]]]}}, {"id": "2988", "type": "Feature", "properties": {"GEOID": "060871208002021", "POP100": 0, "density": 0.0}, "geometry": {"type": "Polygon", "coordinates": [[[-122.042223, 37.036816], [-122.04169, 37.035335], [-122.041071, 37.032234], [-122.0402, 37.030117], [-122.038525, 37.030654], [-122.040092, 37.033493], [-122.04041, 37.033767], [-122.042122, 37.037016], [-122.042223, 37.036816]]]}}, {"id": "3048", "type": "Feature", "properties": {"GEOID": "060871203012037", "POP100": 54, "density": 995.4}, "geometry": {"type": "Polygon", "coordinates": [[[-122.094163, 37.035801], [-122.094208, 37.035672], [-122.093718, 37.035576], [-122.091974, 37.034611], [-122.091475, 37.034495], [-122.090658, 37.034744], [-122.090128, 37.035256], [-122.087511, 37.035223], [-122.08541, 37.035446], [-122.084698, 37.035805], [-122.083591, 37.035813], [-122.083365, 37.035978], [-122.083404, 37.036376], [-122.083065, 37.036773], [-122.085998, 37.038146], [-122.086726, 37.036676], [-122.087737, 37.036022], [-122.088944, 37.036108], [-122.08936, 37.035955], [-122.090526, 37.036193], [-122.091669, 37.035946], [-122.092848, 37.036439], [-122.093669, 37.036351], [-122.094163, 37.035801]]]}}, {"id": "3080", "type": "Feature", "properties": {"GEOID": "060871203022019", "POP100": 170, "density": 2366.2}, "geometry": {"type": "Polygon", "coordinates": [[[-122.083982, 37.074453], [-122.083954, 37.074249], [-122.082566, 37.074244], [-122.083063, 37.075542], [-122.083116, 37.076254], [-122.080318, 37.076235], [-122.080199, 37.077851], [-122.078254, 37.078709], [-122.077772, 37.079192], [-122.07758, 37.079799], [-122.07766, 37.080472], [-122.078086, 37.081927], [-122.078276, 37.081902], [-122.078429, 37.082466], [-122.078753, 37.082864], [-122.07989, 37.082684], [-122.080363, 37.082432], [-122.08048, 37.082069], [-122.080349, 37.08075], [-122.079643, 37.080151], [-122.079636, 37.079965], [-122.081315, 37.078679], [-122.083373, 37.077426], [-122.083633, 37.076926], [-122.083982, 37.074453]]]}}, {"id": "3099", "type": "Feature", "properties": {"GEOID": "060871206002037", "POP100": 126, "density": 139.1}, "geometry": {"type": "Polygon", "coordinates": [[[-122.056546, 37.068217], [-122.056479, 37.067422], [-122.055974, 37.066062], [-122.056061, 37.064838], [-122.055951, 37.064329], [-122.055467, 37.063252], [-122.055477, 37.062091], [-122.055211, 37.0624], [-122.054876, 37.062455], [-122.055006, 37.062022], [-122.054775, 37.061494], [-122.054963, 37.06091], [-122.055693, 37.059757], [-122.055516, 37.058789], [-122.05579, 37.057516], [-122.055629, 37.056891], [-122.054818, 37.055962], [-122.052593, 37.05571], [-122.052048, 37.055018], [-122.050787, 37.05517], [-122.050807, 37.057321], [-122.048971, 37.057325], [-122.048802, 37.061917], [-122.048424, 37.061931], [-122.048339, 37.064894], [-122.048151, 37.064899], [-122.048139, 37.068325], [-122.045072, 37.068318], [-122.046073, 37.071047], [-122.043373, 37.076247], [-122.043273, 37.077247], [-122.042973, 37.077847], [-122.042973, 37.080147], [-122.043473, 37.080847], [-122.042773, 37.081747], [-122.042873, 37.082647], [-122.041173, 37.083747], [-122.040773, 37.084847], [-122.039173, 37.085647], [-122.037897, 37.085616], [-122.038276, 37.085831], [-122.038295, 37.086625], [-122.038665, 37.087088], [-122.039297, 37.087438], [-122.040148, 37.087615], [-122.040552, 37.087566], [-122.041123, 37.087105], [-122.043797, 37.086567], [-122.044205, 37.08601], [-122.044297, 37.085398], [-122.043699, 37.084734], [-122.043746, 37.084423], [-122.046295, 37.08439], [-122.046379, 37.084175], [-122.046038, 37.083455], [-122.046236, 37.083358], [-122.04734, 37.084099], [-122.047583, 37.083991], [-122.047829, 37.08362], [-122.047986, 37.082875], [-122.049399, 37.081827], [-122.050422, 37.080204], [-122.05071, 37.079306], [-122.050584, 37.078831], [-122.050735, 37.077479], [-122.051109, 37.077457], [-122.051755, 37.079022], [-122.053649, 37.075696], [-122.055591, 37.073869], [-122.053875, 37.073428], [-122.054601, 37.072182], [-122.05507, 37.07024], [-122.056546, 37.068217]]]}}, {"id": "3100", "type": "Feature", "properties": {"GEOID": "060871209011020", "POP100": 19, "density": 38.0}, "geometry": {"type": "Polygon", "coordinates": [[[-122.046073, 37.071047], [-122.044973, 37.068048], [-122.045473, 37.065248], [-122.0453, 37.064881], [-122.044055, 37.064875], [-122.043938, 37.068006], [-122.03934, 37.068], [-122.039055, 37.076184], [-122.03226, 37.076147], [-122.03225, 37.077677], [-122.031921, 37.07973], [-122.035399, 37.079744], [-122.035399, 37.080264], [-122.035706, 37.080722], [-122.035706, 37.087626], [-122.036944, 37.08687], [-122.037155, 37.086334], [-122.037695, 37.08567], [-122.039173, 37.085647], [-122.040773, 37.084847], [-122.041173, 37.083747], [-122.042873, 37.082647], [-122.042773, 37.081747], [-122.043473, 37.080847], [-122.042973, 37.080147], [-122.042973, 37.077847], [-122.043273, 37.077247], [-122.043373, 37.076247], [-122.046073, 37.071047]]]}}, {"id": "3102", "type": "Feature", "properties": {"GEOID": "060871208001004", "POP100": 77, "density": 182.7}, "geometry": {"type": "Polygon", "coordinates": [[[-122.05049, 37.049628], [-122.0504, 37.046122], [-122.048614, 37.046213], [-122.047172, 37.044655], [-122.043898, 37.040137], [-122.042122, 37.037016], [-122.041631, 37.03813], [-122.04089, 37.03899], [-122.04286, 37.040551], [-122.040454, 37.042624], [-122.040188, 37.042475], [-122.039362, 37.044355], [-122.039085, 37.044312], [-122.038326, 37.046342], [-122.03861, 37.046461], [-122.037911, 37.048234], [-122.03715, 37.048061], [-122.036527, 37.04958], [-122.037464, 37.050246], [-122.038296, 37.049732], [-122.038512, 37.050428], [-122.039831, 37.050474], [-122.042369, 37.051848], [-122.042845, 37.051866], [-122.042915, 37.052923], [-122.047479, 37.052817], [-122.048431, 37.051355], [-122.049664, 37.05139], [-122.05049, 37.049628]]]}}, {"id": "3103", "type": "Feature", "properties": {"GEOID": "060871208001009", "POP100": 18, "density": 269.1}, "geometry": {"type": "Polygon", "coordinates": [[[-122.051862, 37.043125], [-122.051032, 37.042749], [-122.046933, 37.041912], [-122.045944, 37.04147], [-122.044562, 37.040023], [-122.042249, 37.036767], [-122.042122, 37.037016], [-122.043898, 37.040137], [-122.047172, 37.044655], [-122.048614, 37.046213], [-122.051862, 37.043125]]]}}, {"id": "3104", "type": "Feature", "properties": {"GEOID": "060871207001030", "POP100": 0, "density": 0.0}, "geometry": {"type": "Polygon", "coordinates": [[[-122.060169, 37.035177], [-122.059542, 37.034919], [-122.059773, 37.034663], [-122.059066, 37.034619], [-122.057942, 37.035769], [-122.058679, 37.036217], [-122.05881, 37.036475], [-122.060169, 37.035177]]]}}, {"id": "3106", "type": "Feature", "properties": {"GEOID": "060871203022018", "POP100": 29, "density": 4014.8}, "geometry": {"type": "Polygon", "coordinates": [[[-122.08243, 37.083655], [-122.082275, 37.083452], [-122.081473, 37.083168], [-122.078971, 37.082992], [-122.078473, 37.08255], [-122.078276, 37.081902], [-122.078086, 37.081927], [-122.078421, 37.082778], [-122.07923, 37.083364], [-122.082188, 37.083956], [-122.08243, 37.083655]]]}}, {"id": "3115", "type": "Feature", "properties": {"GEOID": "060871203011034", "POP100": 7, "density": 5.2}, "geometry": {"type": "Polygon", "coordinates": [[[-122.124765, 37.087313], [-122.124593, 37.070517], [-122.123493, 37.068671], [-122.114542, 37.068657], [-122.114104, 37.059025], [-122.113569, 37.059101], [-122.113018, 37.05948], [-122.112944, 37.05975], [-122.11324, 37.060872], [-122.112873, 37.061294], [-122.11262, 37.061337], [-122.110851, 37.060118], [-122.109108, 37.059796], [-122.108765, 37.059609], [-122.10807, 37.05841], [-122.107268, 37.057805], [-122.106534, 37.057728], [-122.106192, 37.057969], [-122.103806, 37.058349], [-122.102743, 37.058096], [-122.102174, 37.057684], [-122.101317, 37.057366], [-122.100673, 37.057355], [-122.099233, 37.057707], [-122.097389, 37.058785], [-122.095373, 37.058164], [-122.092308, 37.056214], [-122.094078, 37.061011], [-122.095032, 37.062747], [-122.096919, 37.064994], [-122.097529, 37.066175], [-122.098037, 37.066768], [-122.101906, 37.069591], [-122.104333, 37.070338], [-122.107385, 37.070672], [-122.109656, 37.072721], [-122.110788, 37.073539], [-122.112277, 37.075357], [-122.115419, 37.077609], [-122.117382, 37.079701], [-122.118219, 37.080245], [-122.119646, 37.080854], [-122.122197, 37.080463], [-122.123027, 37.080655], [-122.12347, 37.080972], [-122.123451, 37.087275], [-122.124765, 37.087313]]]}}, {"id": "3116", "type": "Feature", "properties": {"GEOID": "060871203012019", "POP100": 0, "density": 0.0}, "geometry": {"type": "Polygon", "coordinates": [[[-122.113988, 37.056217], [-122.113977, 37.056021], [-122.113937, 37.055238], [-122.11376, 37.055353], [-122.113703, 37.05578], [-122.113988, 37.056217]]]}}, {"id": "3117", "type": "Feature", "properties": {"GEOID": "060871203012022", "POP100": 107, "density": 274.7}, "geometry": {"type": "Polygon", "coordinates": [[[-122.116774, 37.053963], [-122.116873, 37.05387], [-122.115415, 37.053311], [-122.115135, 37.052921], [-122.115148, 37.052492], [-122.115575, 37.051496], [-122.115529, 37.049791], [-122.114878, 37.048529], [-122.112995, 37.047509], [-122.111482, 37.046251], [-122.109886, 37.04571], [-122.109358, 37.045381], [-122.108718, 37.044761], [-122.108098, 37.043492], [-122.106515, 37.042327], [-122.106412, 37.041641], [-122.106622, 37.039748], [-122.107605, 37.038923], [-122.107516, 37.038444], [-122.106057, 37.038009], [-122.106147, 37.039947], [-122.100535, 37.040747], [-122.1006, 37.045871], [-122.105264, 37.045881], [-122.105331, 37.051081], [-122.1078, 37.051863], [-122.108904, 37.052456], [-122.109699, 37.052462], [-122.110844, 37.052016], [-122.113086, 37.052548], [-122.114505, 37.053349], [-122.114562, 37.05506], [-122.11677, 37.054906], [-122.116639, 37.054312], [-122.116774, 37.053963]]]}}, {"id": "3120", "type": "Feature", "properties": {"GEOID": "060871202001018", "POP100": 27, "density": 1027.8}, "geometry": {"type": "Polygon", "coordinates": [[[-122.114042, 37.044817], [-122.114019, 37.043526], [-122.11135, 37.043509], [-122.110828, 37.043685], [-122.110287, 37.044274], [-122.110127, 37.044817], [-122.109596, 37.04555], [-122.110251, 37.045844], [-122.111743, 37.045801], [-122.112038, 37.045109], [-122.114042, 37.044817]]]}}, {"id": "3176", "type": "Feature", "properties": {"GEOID": "060871206001003", "POP100": 194, "density": 1587.5}, "geometry": {"type": "Polygon", "coordinates": [[[-122.078618, 37.082974], [-122.07825, 37.08248], [-122.077604, 37.080246], [-122.077617, 37.07957], [-122.077814, 37.079131], [-122.077445, 37.07897], [-122.077127, 37.079242], [-122.076418, 37.080463], [-122.076371, 37.081891], [-122.076044, 37.082514], [-122.07557, 37.082557], [-122.073533, 37.081593], [-122.073427, 37.082275], [-122.074173, 37.082993], [-122.074288, 37.083865], [-122.074186, 37.084224], [-122.073684, 37.084746], [-122.0736, 37.085189], [-122.074312, 37.086964], [-122.074105, 37.08763], [-122.073358, 37.088114], [-122.072968, 37.088623], [-122.073445, 37.089204], [-122.073498, 37.089946], [-122.07414, 37.090042], [-122.074347, 37.090451], [-122.075482, 37.090565], [-122.076031, 37.090368], [-122.076474, 37.088147], [-122.07629, 37.088037], [-122.076304, 37.087734], [-122.076921, 37.086597], [-122.076934, 37.085905], [-122.077181, 37.085674], [-122.077798, 37.085789], [-122.078059, 37.085564], [-122.078354, 37.083371], [-122.078618, 37.082974]]]}}, {"id": "3180", "type": "Feature", "properties": {"GEOID": "060871209011024", "POP100": 78, "density": 184.4}, "geometry": {"type": "Polygon", "coordinates": [[[-122.045702, 37.056328], [-122.044528, 37.056544], [-122.043362, 37.056442], [-122.042611, 37.056123], [-122.041395, 37.055167], [-122.03897, 37.055231], [-122.038325, 37.055791], [-122.037873, 37.055934], [-122.037578, 37.055791], [-122.037146, 37.055121], [-122.036227, 37.055439], [-122.035624, 37.055011], [-122.035213, 37.054912], [-122.034884, 37.055126], [-122.034925, 37.055977], [-122.034588, 37.056483], [-122.033738, 37.056658], [-122.032649, 37.056511], [-122.03361, 37.058846], [-122.034458, 37.059492], [-122.034607, 37.059768], [-122.0346, 37.060694], [-122.034805, 37.061683], [-122.034622, 37.063939], [-122.038273, 37.065529], [-122.039858, 37.066805], [-122.040049, 37.067143], [-122.040157, 37.06797], [-122.043938, 37.068006], [-122.044055, 37.064875], [-122.0453, 37.064881], [-122.043773, 37.061648], [-122.044773, 37.059748], [-122.045073, 37.057948], [-122.045702, 37.056328]]]}}, {"id": "3198", "type": "Feature", "properties": {"GEOID": "060871208001000", "POP100": 22, "density": 264.8}, "geometry": {"type": "Polygon", "coordinates": [[[-122.050845, 37.052627], [-122.050704, 37.052444], [-122.050528, 37.051076], [-122.05049, 37.049628], [-122.049664, 37.05139], [-122.048431, 37.051355], [-122.047479, 37.052817], [-122.042915, 37.052923], [-122.042845, 37.051866], [-122.042369, 37.051848], [-122.039831, 37.050474], [-122.038512, 37.050428], [-122.038296, 37.049732], [-122.037464, 37.050246], [-122.037786, 37.050643], [-122.037307, 37.050802], [-122.038646, 37.052937], [-122.039634, 37.053736], [-122.040734, 37.053924], [-122.041599, 37.053953], [-122.042908, 37.053562], [-122.044501, 37.05342], [-122.048429, 37.053423], [-122.049036, 37.053042], [-122.050845, 37.052627]]]}}, {"id": "3217", "type": "Feature", "properties": {"GEOID": "060871209011028", "POP100": 37, "density": 633.6}, "geometry": {"type": "Polygon", "coordinates": [[[-122.041395, 37.055167], [-122.038512, 37.052813], [-122.037307, 37.050802], [-122.036917, 37.050949], [-122.037188, 37.051526], [-122.037132, 37.052081], [-122.037305, 37.052626], [-122.03722, 37.053128], [-122.036739, 37.053965], [-122.036329, 37.054152], [-122.035406, 37.05406], [-122.035355, 37.053929], [-122.0346, 37.054169], [-122.033777, 37.055012], [-122.032843, 37.055573], [-122.032649, 37.056511], [-122.033738, 37.056658], [-122.034588, 37.056483], [-122.034925, 37.055977], [-122.034884, 37.055126], [-122.035213, 37.054912], [-122.035624, 37.055011], [-122.036227, 37.055439], [-122.037146, 37.055121], [-122.037578, 37.055791], [-122.037873, 37.055934], [-122.038325, 37.055791], [-122.03897, 37.055231], [-122.041395, 37.055167]]]}}, {"id": "3220", "type": "Feature", "properties": {"GEOID": "060871208001006", "POP100": 73, "density": 4840.6}, "geometry": {"type": "Polygon", "coordinates": [[[-122.041873, 37.039744], [-122.04089, 37.03899], [-122.038408, 37.041052], [-122.039431, 37.041859], [-122.041873, 37.039744]]]}}, {"id": "3242", "type": "Feature", "properties": {"GEOID": "060871203021001", "POP100": 196, "density": 1066.2}, "geometry": {"type": "Polygon", "coordinates": [[[-122.101487, 37.083158], [-122.101766, 37.082963], [-122.101173, 37.082139], [-122.100734, 37.081883], [-122.098273, 37.081406], [-122.098189, 37.080937], [-122.097229, 37.081291], [-122.096586, 37.081322], [-122.096814, 37.081643], [-122.095967, 37.081901], [-122.095827, 37.082602], [-122.095457, 37.082905], [-122.095288, 37.08286], [-122.094911, 37.082001], [-122.094072, 37.081603], [-122.093009, 37.081431], [-122.092279, 37.081028], [-122.091945, 37.081115], [-122.092247, 37.08127], [-122.093373, 37.082718], [-122.091734, 37.081801], [-122.090822, 37.082176], [-122.091461, 37.082326], [-122.091908, 37.083159], [-122.09258, 37.083948], [-122.091027, 37.0845], [-122.091163, 37.084822], [-122.09167, 37.085063], [-122.091565, 37.085337], [-122.091678, 37.085774], [-122.090388, 37.085428], [-122.089739, 37.085427], [-122.089577, 37.085484], [-122.089568, 37.08593], [-122.089326, 37.08622], [-122.089744, 37.087167], [-122.090269, 37.087856], [-122.091031, 37.088159], [-122.09251, 37.08821], [-122.092993, 37.087628], [-122.09753, 37.086226], [-122.09923, 37.085451], [-122.09951, 37.084908], [-122.099565, 37.083906], [-122.101487, 37.083158]]]}}, {"id": "3297", "type": "Feature", "properties": {"GEOID": "060871203012017", "POP100": 40, "density": 8357.5}, "geometry": {"type": "Polygon", "coordinates": [[[-122.076655, 37.047416], [-122.075239, 37.047389], [-122.075198, 37.049126], [-122.075355, 37.048994], [-122.076655, 37.047416]]]}}, {"id": "3298", "type": "Feature", "properties": {"GEOID": "060871203012014", "POP100": 22, "density": 5293.5}, "geometry": {"type": "Polygon", "coordinates": [[[-122.074238, 37.048113], [-122.074247, 37.047868], [-122.073365, 37.047832], [-122.073321, 37.049067], [-122.074207, 37.049097], [-122.074238, 37.048113]]]}}, {"id": "3299", "type": "Feature", "properties": {"GEOID": "060871206001030", "POP100": 0, "density": 0.0}, "geometry": {"type": "Polygon", "coordinates": [[[-122.06091, 37.05521], [-122.060943, 37.055078], [-122.060628, 37.055254], [-122.060536, 37.055759], [-122.060783, 37.05574], [-122.06091, 37.05521]]]}}, {"id": "3300", "type": "Feature", "properties": {"GEOID": "060871208001005", "POP100": 70, "density": 4477.6}, "geometry": {"type": "Polygon", "coordinates": [[[-122.04286, 37.040551], [-122.041873, 37.039744], [-122.039431, 37.041859], [-122.040454, 37.042624], [-122.04286, 37.040551]]]}}, {"id": "3305", "type": "Feature", "properties": {"GEOID": "060871207002011", "POP100": 27, "density": 1228.7}, "geometry": {"type": "Polygon", "coordinates": [[[-122.070154, 37.036092], [-122.069813, 37.035562], [-122.069041, 37.036162], [-122.068086, 37.036187], [-122.066909, 37.037201], [-122.066122, 37.037108], [-122.066923, 37.037816], [-122.067129, 37.037728], [-122.067775, 37.038061], [-122.069438, 37.038122], [-122.069832, 37.037946], [-122.070056, 37.037574], [-122.070154, 37.036092]]]}}, {"id": "3319", "type": "Feature", "properties": {"GEOID": "060871203012005", "POP100": 109, "density": 2355.6}, "geometry": {"type": "Polygon", "coordinates": [[[-122.081415, 37.051505], [-122.080769, 37.050356], [-122.075775, 37.052605], [-122.07769, 37.055103], [-122.078237, 37.054795], [-122.078925, 37.053536], [-122.079741, 37.053413], [-122.080522, 37.052722], [-122.080994, 37.052534], [-122.080976, 37.05176], [-122.081415, 37.051505]]]}}, {"id": "3320", "type": "Feature", "properties": {"GEOID": "060871207002023", "POP100": 39, "density": 1889.1}, "geometry": {"type": "Polygon", "coordinates": [[[-122.087939, 37.03287], [-122.087977, 37.032766], [-122.085828, 37.031923], [-122.085322, 37.03134], [-122.084937, 37.032064], [-122.08397, 37.032045], [-122.083471, 37.032225], [-122.084238, 37.033448], [-122.084252, 37.03386], [-122.086118, 37.033291], [-122.087452, 37.033424], [-122.087821, 37.033177], [-122.087939, 37.03287]]]}}, {"id": "3321", "type": "Feature", "properties": {"GEOID": "060871203012002", "POP100": 54, "density": 4371.3}, "geometry": {"type": "Polygon", "coordinates": [[[-122.07754, 37.055172], [-122.07769, 37.055103], [-122.076484, 37.053546], [-122.07497, 37.054316], [-122.076104, 37.055837], [-122.07754, 37.055172]]]}}, {"id": "3334", "type": "Feature", "properties": {"GEOID": "060871203011021", "POP100": 52, "density": 195.2}, "geometry": {"type": "Polygon", "coordinates": [[[-122.114897, 37.094865], [-122.114984, 37.094521], [-122.114225, 37.092315], [-122.113943, 37.092082], [-122.112837, 37.092149], [-122.11033, 37.093391], [-122.108747, 37.093483], [-122.108427, 37.093417], [-122.10811, 37.093102], [-122.106847, 37.092991], [-122.104487, 37.092194], [-122.103006, 37.092087], [-122.101671, 37.091631], [-122.101422, 37.09201], [-122.099947, 37.092005], [-122.097293, 37.091659], [-122.096394, 37.091178], [-122.095536, 37.091632], [-122.096313, 37.091889], [-122.097176, 37.093165], [-122.098236, 37.093717], [-122.098662, 37.094448], [-122.099316, 37.094964], [-122.098989, 37.093598], [-122.099206, 37.093469], [-122.099456, 37.093564], [-122.100862, 37.095178], [-122.100623, 37.096262], [-122.100882, 37.096625], [-122.1026, 37.097099], [-122.103346, 37.097081], [-122.104155, 37.097551], [-122.105398, 37.09719], [-122.106752, 37.096568], [-122.107168, 37.096747], [-122.107766, 37.09759], [-122.108155, 37.097604], [-122.108924, 37.097188], [-122.109852, 37.09733], [-122.110445, 37.097011], [-122.111159, 37.097353], [-122.112312, 37.097476], [-122.112852, 37.098296], [-122.113372, 37.098366], [-122.113547, 37.098312], [-122.113509, 37.098103], [-122.113907, 37.09794], [-122.114241, 37.097412], [-122.112034, 37.096261], [-122.112664, 37.096016], [-122.113317, 37.096014], [-122.112649, 37.095393], [-122.113238, 37.094976], [-122.113824, 37.094809], [-122.114712, 37.095056], [-122.114897, 37.094865]]]}}, {"id": "3339", "type": "Feature", "properties": {"GEOID": "060871206001020", "POP100": 47, "density": 7544.9}, "geometry": {"type": "Polygon", "coordinates": [[[-122.071515, 37.069968], [-122.070869, 37.069293], [-122.070792, 37.068844], [-122.069765, 37.068881], [-122.069878, 37.069599], [-122.070759, 37.070475], [-122.071515, 37.069968]]]}}, {"id": "3344", "type": "Feature", "properties": {"GEOID": "060871206002012", "POP100": 8, "density": 1789.0}, "geometry": {"type": "Polygon", "coordinates": [[[-122.044861, 37.089723], [-122.044602, 37.089343], [-122.043443, 37.089337], [-122.043155, 37.089722], [-122.042924, 37.090684], [-122.043635, 37.090434], [-122.044103, 37.089659], [-122.044861, 37.089723]]]}}, {"id": "3411", "type": "Feature", "properties": {"GEOID": "060871206001005", "POP100": 417, "density": 710.6}, "geometry": {"type": "Polygon", "coordinates": [[[-122.078268, 37.077662], [-122.077737, 37.076361], [-122.076372, 37.075696], [-122.076209, 37.076199], [-122.075739, 37.07638], [-122.074095, 37.076192], [-122.074108, 37.075643], [-122.075285, 37.073689], [-122.073688, 37.072831], [-122.072299, 37.071469], [-122.071515, 37.069968], [-122.070759, 37.070475], [-122.06992, 37.069661], [-122.069765, 37.068881], [-122.070792, 37.068844], [-122.0707, 37.067298], [-122.069972, 37.065973], [-122.068541, 37.064859], [-122.068394, 37.065204], [-122.067546, 37.065152], [-122.066716, 37.065529], [-122.06683, 37.071535], [-122.062296, 37.071636], [-122.062311, 37.074165], [-122.063886, 37.074165], [-122.060928, 37.076851], [-122.063497, 37.078611], [-122.066638, 37.080491], [-122.06707, 37.085849], [-122.06769, 37.085645], [-122.068192, 37.085246], [-122.068256, 37.084875], [-122.067934, 37.084379], [-122.067937, 37.084067], [-122.068481, 37.083402], [-122.069495, 37.082682], [-122.069664, 37.081945], [-122.069998, 37.081652], [-122.07286, 37.081259], [-122.07557, 37.082557], [-122.07613, 37.082455], [-122.076371, 37.081891], [-122.076418, 37.080463], [-122.077127, 37.079242], [-122.077445, 37.07897], [-122.076847, 37.078419], [-122.078268, 37.077662]], [[-122.073402, 37.080367], [-122.072928, 37.080808], [-122.071542, 37.080143], [-122.07115, 37.080554], [-122.070515, 37.080558], [-122.069785, 37.080007], [-122.069677, 37.079677], [-122.070602, 37.078768], [-122.070973, 37.079053], [-122.072446, 37.079591], [-122.073402, 37.080367]]]}}, {"id": "3412", "type": "Feature", "properties": {"GEOID": "060871206001000", "POP100": 237, "density": 378.4}, "geometry": {"type": "Polygon", "coordinates": [[[-122.077211, 37.088829], [-122.077089, 37.088524], [-122.076474, 37.088147], [-122.076091, 37.090265], [-122.075801, 37.090513], [-122.074347, 37.090451], [-122.07414, 37.090042], [-122.073498, 37.089946], [-122.073445, 37.089204], [-122.072968, 37.088623], [-122.073358, 37.088114], [-122.074045, 37.087695], [-122.074288, 37.087254], [-122.074085, 37.086181], [-122.073594, 37.085114], [-122.073726, 37.084678], [-122.074267, 37.08405], [-122.074173, 37.082993], [-122.073427, 37.082275], [-122.073533, 37.081593], [-122.072991, 37.081292], [-122.069921, 37.081687], [-122.069664, 37.081945], [-122.069495, 37.082682], [-122.068481, 37.083402], [-122.067915, 37.084143], [-122.068266, 37.085063], [-122.06769, 37.085645], [-122.067484, 37.090886], [-122.057568, 37.090886], [-122.057678, 37.098688], [-122.059271, 37.098764], [-122.059129, 37.097697], [-122.059615, 37.0965], [-122.059431, 37.096056], [-122.06054, 37.095808], [-122.062682, 37.095798], [-122.06344, 37.096009], [-122.064512, 37.096755], [-122.064718, 37.097092], [-122.064707, 37.097816], [-122.064522, 37.098207], [-122.063954, 37.098454], [-122.06388, 37.098701], [-122.064004, 37.098875], [-122.064538, 37.098922], [-122.065782, 37.098603], [-122.06891, 37.097515], [-122.071665, 37.097648], [-122.072147, 37.097135], [-122.072831, 37.096774], [-122.073156, 37.095806], [-122.074391, 37.094521], [-122.074994, 37.092658], [-122.076422, 37.090867], [-122.077211, 37.088829]]]}}, {"id": "3421", "type": "Feature", "properties": {"GEOID": "060871208001026", "POP100": 141, "density": 5281.5}, "geometry": {"type": "Polygon", "coordinates": [[[-122.040064, 37.037189], [-122.039693, 37.037072], [-122.03984, 37.036561], [-122.039475, 37.036401], [-122.038258, 37.03726], [-122.036543, 37.037849], [-122.034707, 37.037713], [-122.034106, 37.038093], [-122.033973, 37.038427], [-122.034397, 37.03893], [-122.035199, 37.038552], [-122.036519, 37.038768], [-122.037106, 37.039218], [-122.037847, 37.038765], [-122.038599, 37.038764], [-122.039349, 37.038139], [-122.040064, 37.037189]]]}}, {"id": "3466", "type": "Feature", "properties": {"GEOID": "060871203012027", "POP100": 7, "density": 354.8}, "geometry": {"type": "Polygon", "coordinates": [[[-122.095303, 37.051751], [-122.095081, 37.051502], [-122.092792, 37.051], [-122.092144, 37.049908], [-122.091769, 37.04964], [-122.091827, 37.050377], [-122.091309, 37.051312], [-122.092407, 37.05227], [-122.092881, 37.053042], [-122.09326, 37.053159], [-122.093319, 37.052699], [-122.093626, 37.052338], [-122.095056, 37.052116], [-122.095303, 37.051751]]]}}, {"id": "3467", "type": "Feature", "properties": {"GEOID": "060871203012025", "POP100": 6, "density": 33.2}, "geometry": {"type": "Polygon", "coordinates": [[[-122.106432, 37.057793], [-122.106534, 37.057728], [-122.103886, 37.057996], [-122.103391, 37.057698], [-122.103071, 37.05719], [-122.102225, 37.056842], [-122.101922, 37.056058], [-122.098538, 37.056268], [-122.09719, 37.05563], [-122.097, 37.054233], [-122.091576, 37.054744], [-122.091309, 37.051312], [-122.091839, 37.05026], [-122.090078, 37.049292], [-122.088391, 37.048962], [-122.087322, 37.049155], [-122.086088, 37.049737], [-122.084765, 37.051232], [-122.086438, 37.051974], [-122.088454, 37.052281], [-122.089132, 37.052545], [-122.089791, 37.053105], [-122.090388, 37.053967], [-122.09156, 37.054857], [-122.092418, 37.056319], [-122.095168, 37.058054], [-122.096079, 37.05845], [-122.09754, 37.058774], [-122.099233, 37.057707], [-122.100673, 37.057355], [-122.101317, 37.057366], [-122.102174, 37.057684], [-122.102743, 37.058096], [-122.103806, 37.058349], [-122.106192, 37.057969], [-122.106432, 37.057793]]]}}, {"id": "3479", "type": "Feature", "properties": {"GEOID": "060871207002002", "POP100": 146, "density": 2413.7}, "geometry": {"type": "Polygon", "coordinates": [[[-122.08278, 37.037166], [-122.082834, 37.036978], [-122.082296, 37.03715], [-122.079395, 37.038782], [-122.07408, 37.041062], [-122.074807, 37.042484], [-122.074773, 37.042706], [-122.073836, 37.04311], [-122.072771, 37.043231], [-122.072798, 37.043514], [-122.073748, 37.043788], [-122.074618, 37.043623], [-122.075084, 37.043277], [-122.075612, 37.042497], [-122.076421, 37.042266], [-122.077538, 37.041182], [-122.07939, 37.040245], [-122.081035, 37.039773], [-122.081927, 37.039227], [-122.082271, 37.038895], [-122.082265, 37.038052], [-122.08278, 37.037166]]]}}, {"id": "3480", "type": "Feature", "properties": {"GEOID": "060871203021017", "POP100": 30, "density": 3155.1}, "geometry": {"type": "Polygon", "coordinates": [[[-122.080856, 37.058735], [-122.079715, 37.055651], [-122.0795, 37.054966], [-122.079206, 37.055441], [-122.079185, 37.055819], [-122.079585, 37.0571], [-122.079919, 37.057629], [-122.079861, 37.059271], [-122.080856, 37.058735]]]}}, {"id": "3481", "type": "Feature", "properties": {"GEOID": "060871203011023", "POP100": 9, "density": 695.8}, "geometry": {"type": "Polygon", "coordinates": [[[-122.116042, 37.097072], [-122.115992, 37.096686], [-122.114828, 37.0966], [-122.114455, 37.096801], [-122.113901, 37.096416], [-122.112694, 37.09614], [-122.112664, 37.096016], [-122.112034, 37.096261], [-122.113278, 37.097011], [-122.114706, 37.097598], [-122.11523, 37.098249], [-122.115895, 37.09753], [-122.116042, 37.097072]]]}}, {"id": "3482", "type": "Feature", "properties": {"GEOID": "060871203012006", "POP100": 0, "density": 0.0}, "geometry": {"type": "Polygon", "coordinates": [[[-122.091839, 37.05026], [-122.091769, 37.04964], [-122.090323, 37.048983], [-122.08918, 37.048902], [-122.088476, 37.048638], [-122.087166, 37.048713], [-122.085494, 37.049645], [-122.084274, 37.049141], [-122.083226, 37.049226], [-122.080769, 37.050356], [-122.081415, 37.051505], [-122.080976, 37.05176], [-122.080994, 37.052534], [-122.083764, 37.05132], [-122.084765, 37.051232], [-122.086088, 37.049737], [-122.087678, 37.049061], [-122.088981, 37.049011], [-122.090078, 37.049292], [-122.091839, 37.05026]]]}}, {"id": "3493", "type": "Feature", "properties": {"GEOID": "060871206002030", "POP100": 21, "density": 1215.3}, "geometry": {"type": "Polygon", "coordinates": [[[-122.050816, 37.082829], [-122.050568, 37.081861], [-122.049967, 37.082113], [-122.048918, 37.082981], [-122.048595, 37.084536], [-122.046873, 37.084947], [-122.046856, 37.085387], [-122.046949, 37.085271], [-122.047349, 37.085594], [-122.047865, 37.085196], [-122.049228, 37.085095], [-122.049579, 37.084025], [-122.050495, 37.083402], [-122.050816, 37.082829]]]}}, {"id": "3532", "type": "Feature", "properties": {"GEOID": "060871203012007", "POP100": 297, "density": 318.0}, "geometry": {"type": "Polygon", "coordinates": [[[-122.106147, 37.039947], [-122.106057, 37.038009], [-122.105434, 37.037792], [-122.105266, 37.037588], [-122.105554, 37.036538], [-122.104624, 37.036453], [-122.103529, 37.03581], [-122.102767, 37.036042], [-122.102294, 37.036431], [-122.102017, 37.036913], [-122.10094, 37.03735], [-122.097433, 37.037501], [-122.096568, 37.037735], [-122.09591, 37.038614], [-122.095063, 37.038969], [-122.093762, 37.038915], [-122.093379, 37.038383], [-122.092955, 37.038206], [-122.092728, 37.038424], [-122.09183, 37.038476], [-122.090595, 37.03903], [-122.090366, 37.038994], [-122.090036, 37.038371], [-122.089707, 37.038275], [-122.088562, 37.038132], [-122.088, 37.038345], [-122.087885, 37.038588], [-122.085695, 37.038051], [-122.083065, 37.036773], [-122.082265, 37.038052], [-122.082214, 37.039004], [-122.081129, 37.039675], [-122.081014, 37.039952], [-122.080248, 37.040247], [-122.080177, 37.040577], [-122.079549, 37.040795], [-122.080514, 37.042257], [-122.081111, 37.042465], [-122.081615, 37.042213], [-122.081679, 37.041957], [-122.081144, 37.041485], [-122.081682, 37.040702], [-122.081982, 37.041244], [-122.083651, 37.041755], [-122.085619, 37.041786], [-122.085764, 37.041585], [-122.085432, 37.041317], [-122.085464, 37.041175], [-122.085869, 37.040862], [-122.08635, 37.040827], [-122.091704, 37.041863], [-122.09196, 37.042268], [-122.092023, 37.043558], [-122.09262, 37.044607], [-122.092627, 37.045618], [-122.092778, 37.046059], [-122.092764, 37.048617], [-122.091894, 37.048659], [-122.084565, 37.04593], [-122.083509, 37.04582], [-122.081974, 37.046073], [-122.080377, 37.045815], [-122.07965, 37.045892], [-122.079163, 37.04615], [-122.078718, 37.046799], [-122.077996, 37.046801], [-122.078164, 37.048078], [-122.07668, 37.049353], [-122.076091, 37.049537], [-122.074187, 37.049501], [-122.074072, 37.05303], [-122.075, 37.052954], [-122.08286, 37.049325], [-122.084063, 37.049109], [-122.085494, 37.049645], [-122.087049, 37.048764], [-122.087741, 37.048621], [-122.090323, 37.048983], [-122.092018, 37.049783], [-122.092792, 37.051], [-122.095081, 37.051502], [-122.095282, 37.05166], [-122.096419, 37.051367], [-122.099025, 37.051624], [-122.10115, 37.051223], [-122.102795, 37.051442], [-122.104488, 37.050887], [-122.105331, 37.051081], [-122.105264, 37.045881], [-122.1006, 37.045871], [-122.100535, 37.040747], [-122.106147, 37.039947]]]}}, {"id": "3558", "type": "Feature", "properties": {"GEOID": "060871207002022", "POP100": 37, "density": 4182.1}, "geometry": {"type": "Polygon", "coordinates": [[[-122.077536, 37.033235], [-122.077241, 37.032971], [-122.075969, 37.032654], [-122.075341, 37.032808], [-122.075505, 37.033079], [-122.075056, 37.033686], [-122.075365, 37.034206], [-122.076272, 37.034123], [-122.077091, 37.033332], [-122.077536, 37.033235]]]}}, {"id": "3561", "type": "Feature", "properties": {"GEOID": "060871206001021", "POP100": 113, "density": 3623.0}, "geometry": {"type": "Polygon", "coordinates": [[[-122.080318, 37.076235], [-122.080328, 37.075353], [-122.079716, 37.075363], [-122.079596, 37.075712], [-122.079414, 37.075756], [-122.078245, 37.074794], [-122.077464, 37.074425], [-122.076854, 37.073626], [-122.07499, 37.072705], [-122.074585, 37.072261], [-122.07423, 37.072622], [-122.07423, 37.073128], [-122.075431, 37.07379], [-122.076179, 37.074667], [-122.077241, 37.075066], [-122.078421, 37.075894], [-122.078877, 37.076668], [-122.079298, 37.078239], [-122.080249, 37.077777], [-122.080318, 37.076235]]]}}, {"id": "3563", "type": "Feature", "properties": {"GEOID": "060871207001014", "POP100": 224, "density": 4141.9}, "geometry": {"type": "Polygon", "coordinates": [[[-122.064133, 37.049131], [-122.064012, 37.047508], [-122.063352, 37.046529], [-122.062242, 37.045685], [-122.060862, 37.045644], [-122.060322, 37.045772], [-122.05991, 37.046133], [-122.060349, 37.046532], [-122.061532, 37.046897], [-122.061577, 37.047303], [-122.061318, 37.048061], [-122.060364, 37.048498], [-122.059431, 37.048486], [-122.059348, 37.048988], [-122.058925, 37.049309], [-122.059358, 37.049738], [-122.058799, 37.04981], [-122.058034, 37.050284], [-122.056995, 37.050109], [-122.056825, 37.05039], [-122.0584, 37.051178], [-122.060062, 37.05023], [-122.061118, 37.049066], [-122.061498, 37.048844], [-122.062604, 37.048905], [-122.063777, 37.049789], [-122.064002, 37.049678], [-122.064133, 37.049131]]]}}, {"id": "3565", "type": "Feature", "properties": {"GEOID": "060871207002024", "POP100": 66, "density": 421.0}, "geometry": {"type": "Polygon", "coordinates": [[[-122.073908, 37.027235], [-122.073248, 37.026168], [-122.073289, 37.024583], [-122.068814, 37.024742], [-122.063205, 37.030911], [-122.06354, 37.031154], [-122.065078, 37.031303], [-122.065501, 37.031898], [-122.065918, 37.031817], [-122.066856, 37.032106], [-122.067241, 37.031953], [-122.067411, 37.031388], [-122.06907, 37.031505], [-122.070043, 37.03053], [-122.070365, 37.028972], [-122.071067, 37.028602], [-122.071567, 37.028129], [-122.072205, 37.027907], [-122.072342, 37.027348], [-122.073119, 37.028002], [-122.073908, 37.027235]]]}}]}